comparison,within,a,b,metric,province,median,min,max,n_seeds_with_value,n_seeds_compared
across_learners,10km,RF_10km,LR_10km,jaccard_top10,TH50,0.6621621621621622,0.6209144240618307,0.6848030018761726,5,5
across_learners,10km,RF_10km,LR_10km,jaccard_top10,TH51,0.6590114827758362,0.6308422301304863,0.6918918918918919,5,5
across_learners,10km,RF_10km,LR_10km,jaccard_top10,TH52,0.547784024055432,0.5019109850819874,0.5696026322450013,5,5
across_learners,10km,RF_10km,LR_10km,jaccard_top10,TH53,0.5450492726419521,0.5084137931034483,0.5885341074020319,5,5
across_learners,10km,RF_10km,LR_10km,jaccard_top10,TH54,0.5701376936316696,0.4766069086139047,0.5714285714285714,5,5
across_learners,10km,RF_10km,LR_10km,jaccard_top10,TH55,0.5942290351668169,0.5568181818181818,0.6011012542061792,5,5
across_learners,10km,RF_10km,LR_10km,jaccard_top10,TH56,0.526433358153388,0.4934823091247672,0.5370948379351741,5,5
across_learners,10km,RF_10km,LR_10km,jaccard_top10,TH57,0.6308743680958622,0.6105418719211823,0.6773814190513524,5,5
across_learners,10km,RF_10km,LR_10km,jaccard_top10,TH58,0.346483704974271,0.3279115159401431,0.41317898486197685,5,5
across_learners,10km,RF_10km,LR_10km,ssim_rank_21,TH50,0.33927467465400696,0.3332076966762543,0.3463851809501648,5,5
across_learners,10km,RF_10km,LR_10km,ssim_rank_21,TH51,0.6700921654701233,0.6609625816345215,0.6901649236679077,5,5
across_learners,10km,RF_10km,LR_10km,ssim_rank_21,TH52,0.49944210052490234,0.4732087552547455,0.5128726363182068,5,5
across_learners,10km,RF_10km,LR_10km,ssim_rank_21,TH53,0.605197012424469,0.5796411037445068,0.6076874136924744,5,5
across_learners,10km,RF_10km,LR_10km,ssim_rank_21,TH54,0.4853668808937073,0.46305087208747864,0.49765631556510925,5,5
across_learners,10km,RF_10km,LR_10km,ssim_rank_21,TH55,0.3400106728076935,0.3251499831676483,0.35093027353286743,5,5
across_learners,10km,RF_10km,LR_10km,ssim_rank_21,TH56,0.5124813914299011,0.5077157616615295,0.5212708711624146,5,5
across_learners,10km,RF_10km,LR_10km,ssim_rank_21,TH57,0.5658851265907288,0.5550261735916138,0.5684627294540405,5,5
across_learners,10km,RF_10km,LR_10km,ssim_rank_21,TH58,0.14495207369327545,0.12821201980113983,0.14818833768367767,5,5
across_learners,10km,RF_10km,LR_10km,ssim_rank_7,TH50,0.23728971183300018,0.2223176807165146,0.23858915269374847,5,5
across_learners,10km,RF_10km,LR_10km,ssim_rank_7,TH51,0.4858938455581665,0.46771422028541565,0.4994766116142273,5,5
across_learners,10km,RF_10km,LR_10km,ssim_rank_7,TH52,0.3725329041481018,0.3622344732284546,0.38647326827049255,5,5
across_learners,10km,RF_10km,LR_10km,ssim_rank_7,TH53,0.4080863296985626,0.387452095746994,0.4194798171520233,5,5
across_learners,10km,RF_10km,LR_10km,ssim_rank_7,TH54,0.33211013674736023,0.3186630606651306,0.3459616005420685,5,5
across_learners,10km,RF_10km,LR_10km,ssim_rank_7,TH55,0.20045293867588043,0.17903049290180206,0.2028297781944275,5,5
across_learners,10km,RF_10km,LR_10km,ssim_rank_7,TH56,0.39353442192077637,0.39184483885765076,0.39561888575553894,5,5
across_learners,10km,RF_10km,LR_10km,ssim_rank_7,TH57,0.4444226622581482,0.4390735626220703,0.4549594521522522,5,5
across_learners,10km,RF_10km,LR_10km,ssim_rank_7,TH58,0.03898739442229271,0.035294268280267715,0.05298846215009689,5,5
across_learners,10km,RF_10km,LR_10km,ssim_raw_21,TH50,0.5193020701408386,0.5061020851135254,0.5267660617828369,5,5
across_learners,10km,RF_10km,LR_10km,ssim_raw_21,TH51,0.6802688837051392,0.6557440161705017,0.684036135673523,5,5
across_learners,10km,RF_10km,LR_10km,ssim_raw_21,TH52,0.613218367099762,0.5878150463104248,0.6170167326927185,5,5
across_learners,10km,RF_10km,LR_10km,ssim_raw_21,TH53,0.7102799415588379,0.7004991769790649,0.7318589091300964,5,5
across_learners,10km,RF_10km,LR_10km,ssim_raw_21,TH54,0.6468364000320435,0.6197947859764099,0.6624721884727478,5,5
across_learners,10km,RF_10km,LR_10km,ssim_raw_21,TH55,0.5466839075088501,0.5355587601661682,0.5553795099258423,5,5
across_learners,10km,RF_10km,LR_10km,ssim_raw_21,TH56,0.6576116681098938,0.6492563486099243,0.6666977405548096,5,5
across_learners,10km,RF_10km,LR_10km,ssim_raw_21,TH57,0.6907905340194702,0.6818261742591858,0.6989420652389526,5,5
across_learners,10km,RF_10km,LR_10km,ssim_raw_21,TH58,0.38115862011909485,0.3627850413322449,0.4078815281391144,5,5
across_learners,10km,RF_10km,LR_10km,ssim_raw_7,TH50,0.49400201439857483,0.4803886115550995,0.5037134885787964,5,5
across_learners,10km,RF_10km,LR_10km,ssim_raw_7,TH51,0.5948984622955322,0.5763142704963684,0.6043543219566345,5,5
across_learners,10km,RF_10km,LR_10km,ssim_raw_7,TH52,0.5591118335723877,0.5417852997779846,0.5674250721931458,5,5
across_learners,10km,RF_10km,LR_10km,ssim_raw_7,TH53,0.6174839735031128,0.6095468401908875,0.6387472152709961,5,5
across_learners,10km,RF_10km,LR_10km,ssim_raw_7,TH54,0.610402524471283,0.5913265347480774,0.6231010556221008,5,5
across_learners,10km,RF_10km,LR_10km,ssim_raw_7,TH55,0.5086531043052673,0.49570682644844055,0.5178662538528442,5,5
across_learners,10km,RF_10km,LR_10km,ssim_raw_7,TH56,0.5955504179000854,0.576655924320221,0.6003324389457703,5,5
across_learners,10km,RF_10km,LR_10km,ssim_raw_7,TH57,0.6116604804992676,0.5969201326370239,0.6141358613967896,5,5
across_learners,10km,RF_10km,LR_10km,ssim_raw_7,TH58,0.3872058689594269,0.36789053678512573,0.4143123924732208,5,5
across_learners,10km,RF_10km,XGB_10km,jaccard_top10,TH50,0.6867001611527159,0.6630371940643669,0.7212358310763366,5,5
across_learners,10km,RF_10km,XGB_10km,jaccard_top10,TH51,0.7257795100222717,0.6529157117392411,0.7604078164825828,5,5
across_learners,10km,RF_10km,XGB_10km,jaccard_top10,TH52,0.6896838602329451,0.6630404463040447,0.7318990484071163,5,5
across_learners,10km,RF_10km,XGB_10km,jaccard_top10,TH53,0.5780809031044214,0.5008928571428571,0.6520329259166875,5,5
across_learners,10km,RF_10km,XGB_10km,jaccard_top10,TH54,0.575168287210172,0.5278675282714055,0.6192430460556315,5,5
across_learners,10km,RF_10km,XGB_10km,jaccard_top10,TH55,0.6383799421407907,0.55936,0.6906906906906907,5,5
across_learners,10km,RF_10km,XGB_10km,jaccard_top10,TH56,0.5466576179165252,0.49095022624434387,0.5801165331391115,5,5
across_learners,10km,RF_10km,XGB_10km,jaccard_top10,TH57,0.6747100635989525,0.6048819742489271,0.714500044126732,5,5
across_learners,10km,RF_10km,XGB_10km,jaccard_top10,TH58,0.5585754451733833,0.4523809523809524,0.6131004366812227,5,5
across_learners,10km,RF_10km,XGB_10km,ssim_rank_21,TH50,0.6458665728569031,0.6171988248825073,0.669704258441925,5,5
across_learners,10km,RF_10km,XGB_10km,ssim_rank_21,TH51,0.7968994975090027,0.7862411141395569,0.8175427317619324,5,5
across_learners,10km,RF_10km,XGB_10km,ssim_rank_21,TH52,0.7278821468353271,0.6952713131904602,0.7352299094200134,5,5
across_learners,10km,RF_10km,XGB_10km,ssim_rank_21,TH53,0.7648451924324036,0.7638670802116394,0.7741230726242065,5,5
across_learners,10km,RF_10km,XGB_10km,ssim_rank_21,TH54,0.7547500133514404,0.7141693830490112,0.7711838483810425,5,5
across_learners,10km,RF_10km,XGB_10km,ssim_rank_21,TH55,0.6296932697296143,0.6102839708328247,0.643527090549469,5,5
across_learners,10km,RF_10km,XGB_10km,ssim_rank_21,TH56,0.7616680264472961,0.7419067621231079,0.7902876734733582,5,5
across_learners,10km,RF_10km,XGB_10km,ssim_rank_21,TH57,0.7877413630485535,0.7833244800567627,0.8013672232627869,5,5
across_learners,10km,RF_10km,XGB_10km,ssim_rank_21,TH58,0.5658074021339417,0.5226551294326782,0.6376450657844543,5,5
across_learners,10km,RF_10km,XGB_10km,ssim_rank_7,TH50,0.5504181385040283,0.5121940970420837,0.5754591822624207,5,5
across_learners,10km,RF_10km,XGB_10km,ssim_rank_7,TH51,0.6767300963401794,0.674269437789917,0.702233076095581,5,5
across_learners,10km,RF_10km,XGB_10km,ssim_rank_7,TH52,0.6221302151679993,0.6025682687759399,0.6298270225524902,5,5
across_learners,10km,RF_10km,XGB_10km,ssim_rank_7,TH53,0.6267046928405762,0.6112774014472961,0.6315370202064514,5,5
across_learners,10km,RF_10km,XGB_10km,ssim_rank_7,TH54,0.6357687711715698,0.602839469909668,0.6587037444114685,5,5
across_learners,10km,RF_10km,XGB_10km,ssim_rank_7,TH55,0.4982348084449768,0.46704429388046265,0.5165614485740662,5,5
across_learners,10km,RF_10km,XGB_10km,ssim_rank_7,TH56,0.6505135893821716,0.6278090476989746,0.6650403738021851,5,5
across_learners,10km,RF_10km,XGB_10km,ssim_rank_7,TH57,0.6803759932518005,0.6610669493675232,0.6972208619117737,5,5
across_learners,10km,RF_10km,XGB_10km,ssim_rank_7,TH58,0.4439752399921417,0.38859596848487854,0.5194400548934937,5,5
across_learners,10km,RF_10km,XGB_10km,ssim_raw_21,TH50,0.5632708668708801,0.5537120699882507,0.576352059841156,5,5
across_learners,10km,RF_10km,XGB_10km,ssim_raw_21,TH51,0.6943351030349731,0.6661301255226135,0.7180306315422058,5,5
across_learners,10km,RF_10km,XGB_10km,ssim_raw_21,TH52,0.6286983489990234,0.6027174592018127,0.6769663691520691,5,5
across_learners,10km,RF_10km,XGB_10km,ssim_raw_21,TH53,0.6615445613861084,0.6230065226554871,0.7116809487342834,5,5
across_learners,10km,RF_10km,XGB_10km,ssim_raw_21,TH54,0.532103419303894,0.5049090385437012,0.5862471461296082,5,5
across_learners,10km,RF_10km,XGB_10km,ssim_raw_21,TH55,0.5908569097518921,0.570864200592041,0.6418001055717468,5,5
across_learners,10km,RF_10km,XGB_10km,ssim_raw_21,TH56,0.6108565926551819,0.5788785815238953,0.6804304718971252,5,5
across_learners,10km,RF_10km,XGB_10km,ssim_raw_21,TH57,0.7318348288536072,0.7180687785148621,0.7582688331604004,5,5
across_learners,10km,RF_10km,XGB_10km,ssim_raw_21,TH58,0.46758580207824707,0.45878326892852783,0.5018138885498047,5,5
across_learners,10km,RF_10km,XGB_10km,ssim_raw_7,TH50,0.5899417996406555,0.5758154392242432,0.6057806611061096,5,5
across_learners,10km,RF_10km,XGB_10km,ssim_raw_7,TH51,0.6723217368125916,0.6610248684883118,0.7107359766960144,5,5
across_learners,10km,RF_10km,XGB_10km,ssim_raw_7,TH52,0.6347673535346985,0.6192421317100525,0.6836531758308411,5,5
across_learners,10km,RF_10km,XGB_10km,ssim_raw_7,TH53,0.6578271389007568,0.6274039149284363,0.6998934149742126,5,5
across_learners,10km,RF_10km,XGB_10km,ssim_raw_7,TH54,0.5843480229377747,0.5766499042510986,0.6374296545982361,5,5
across_learners,10km,RF_10km,XGB_10km,ssim_raw_7,TH55,0.6094949245452881,0.5800399780273438,0.6481475234031677,5,5
across_learners,10km,RF_10km,XGB_10km,ssim_raw_7,TH56,0.6394855976104736,0.624747633934021,0.6880338788032532,5,5
across_learners,10km,RF_10km,XGB_10km,ssim_raw_7,TH57,0.6947580575942993,0.6640418767929077,0.7092449069023132,5,5
across_learners,10km,RF_10km,XGB_10km,ssim_raw_7,TH58,0.514990508556366,0.49258577823638916,0.5258435010910034,5,5
across_learners,10km,XGB_10km,LR_10km,jaccard_top10,TH50,0.6352753391859537,0.5901902975073707,0.6468831653602091,5,5
across_learners,10km,XGB_10km,LR_10km,jaccard_top10,TH51,0.6605595444416935,0.6134926212227688,0.7055407694168885,5,5
across_learners,10km,XGB_10km,LR_10km,jaccard_top10,TH52,0.523731380964403,0.4898212512413108,0.5529074120289493,5,5
across_learners,10km,XGB_10km,LR_10km,jaccard_top10,TH53,0.4232183908045977,0.40120036934441367,0.5097238895558224,5,5
across_learners,10km,XGB_10km,LR_10km,jaccard_top10,TH54,0.5171187194308582,0.45196615231458437,0.5231619209519762,5,5
across_learners,10km,XGB_10km,LR_10km,jaccard_top10,TH55,0.5650013800717637,0.5263799939005794,0.5990635059994147,5,5
across_learners,10km,XGB_10km,LR_10km,jaccard_top10,TH56,0.46272189349112425,0.4037917374080362,0.4836344592825347,5,5
across_learners,10km,XGB_10km,LR_10km,jaccard_top10,TH57,0.6237571022727273,0.5905810176831469,0.6440709272257111,5,5
across_learners,10km,XGB_10km,LR_10km,jaccard_top10,TH58,0.3381843381843382,0.3076470588235294,0.3596153846153846,5,5
across_learners,10km,XGB_10km,LR_10km,ssim_rank_21,TH50,0.4691956639289856,0.44487106800079346,0.4829184114933014,5,5
across_learners,10km,XGB_10km,LR_10km,ssim_rank_21,TH51,0.7206695675849915,0.7003217339515686,0.7391411066055298,5,5
across_learners,10km,XGB_10km,LR_10km,ssim_rank_21,TH52,0.630084753036499,0.6192672252655029,0.6502260565757751,5,5
across_learners,10km,XGB_10km,LR_10km,ssim_rank_21,TH53,0.6525358557701111,0.6442471146583557,0.6862937211990356,5,5
across_learners,10km,XGB_10km,LR_10km,ssim_rank_21,TH54,0.5967510938644409,0.5944312214851379,0.6193602085113525,5,5
across_learners,10km,XGB_10km,LR_10km,ssim_rank_21,TH55,0.47992074489593506,0.4610830247402191,0.48791369795799255,5,5
across_learners,10km,XGB_10km,LR_10km,ssim_rank_21,TH56,0.6732581853866577,0.6430325508117676,0.6750926971435547,5,5
across_learners,10km,XGB_10km,LR_10km,ssim_rank_21,TH57,0.6297814846038818,0.6101962327957153,0.6493144631385803,5,5
across_learners,10km,XGB_10km,LR_10km,ssim_rank_21,TH58,0.25213518738746643,0.19383616745471954,0.26954832673072815,5,5
across_learners,10km,XGB_10km,LR_10km,ssim_rank_7,TH50,0.293820858001709,0.2775931656360626,0.2956759035587311,5,5
across_learners,10km,XGB_10km,LR_10km,ssim_rank_7,TH51,0.5348891019821167,0.5075486302375793,0.5597274899482727,5,5
across_learners,10km,XGB_10km,LR_10km,ssim_rank_7,TH52,0.46075278520584106,0.44594794511795044,0.4828678369522095,5,5
across_learners,10km,XGB_10km,LR_10km,ssim_rank_7,TH53,0.47319966554641724,0.4425351619720459,0.4913739562034607,5,5
across_learners,10km,XGB_10km,LR_10km,ssim_rank_7,TH54,0.43806469440460205,0.3998897671699524,0.4476788640022278,5,5
across_learners,10km,XGB_10km,LR_10km,ssim_rank_7,TH55,0.2830187976360321,0.2684493064880371,0.285411536693573,5,5
across_learners,10km,XGB_10km,LR_10km,ssim_rank_7,TH56,0.5090925097465515,0.4920769929885864,0.5239185094833374,5,5
across_learners,10km,XGB_10km,LR_10km,ssim_rank_7,TH57,0.4946250021457672,0.48664775490760803,0.5134106874465942,5,5
across_learners,10km,XGB_10km,LR_10km,ssim_rank_7,TH58,0.06826842576265335,0.033069122582674026,0.07335303723812103,5,5
across_learners,10km,XGB_10km,LR_10km,ssim_raw_21,TH50,0.574481725692749,0.5646061897277832,0.5899736881256104,5,5
across_learners,10km,XGB_10km,LR_10km,ssim_raw_21,TH51,0.5399588346481323,0.5075018405914307,0.5480010509490967,5,5
across_learners,10km,XGB_10km,LR_10km,ssim_raw_21,TH52,0.6046146750450134,0.5511155128479004,0.6255260109901428,5,5
across_learners,10km,XGB_10km,LR_10km,ssim_raw_21,TH53,0.6615273356437683,0.6099684238433838,0.6821659207344055,5,5
across_learners,10km,XGB_10km,LR_10km,ssim_raw_21,TH54,0.6195791959762573,0.5777891874313354,0.6430249810218811,5,5
across_learners,10km,XGB_10km,LR_10km,ssim_raw_21,TH55,0.653918981552124,0.6264453530311584,0.6729708909988403,5,5
across_learners,10km,XGB_10km,LR_10km,ssim_raw_21,TH56,0.5505531430244446,0.5298473834991455,0.5543597340583801,5,5
across_learners,10km,XGB_10km,LR_10km,ssim_raw_21,TH57,0.7410686016082764,0.706355094909668,0.755933940410614,5,5
across_learners,10km,XGB_10km,LR_10km,ssim_raw_21,TH58,0.6206582188606262,0.6088044047355652,0.6254886984825134,5,5
across_learners,10km,XGB_10km,LR_10km,ssim_raw_7,TH50,0.6036919355392456,0.5878540277481079,0.6186479926109314,5,5
across_learners,10km,XGB_10km,LR_10km,ssim_raw_7,TH51,0.5353184342384338,0.49802741408348083,0.5389943718910217,5,5
across_learners,10km,XGB_10km,LR_10km,ssim_raw_7,TH52,0.6122332215309143,0.5648373961448669,0.6252256035804749,5,5
across_learners,10km,XGB_10km,LR_10km,ssim_raw_7,TH53,0.6179812550544739,0.5706474781036377,0.637578547000885,5,5
across_learners,10km,XGB_10km,LR_10km,ssim_raw_7,TH54,0.6284147500991821,0.5854457020759583,0.6488737463951111,5,5
across_learners,10km,XGB_10km,LR_10km,ssim_raw_7,TH55,0.6825078129768372,0.6661101579666138,0.7011103630065918,5,5
across_learners,10km,XGB_10km,LR_10km,ssim_raw_7,TH56,0.540979266166687,0.53214430809021,0.5554375052452087,5,5
across_learners,10km,XGB_10km,LR_10km,ssim_raw_7,TH57,0.6605806350708008,0.6395569443702698,0.6865746974945068,5,5
across_learners,10km,XGB_10km,LR_10km,ssim_raw_7,TH58,0.7039824724197388,0.6861344575881958,0.7061746120452881,5,5
across_learners,1km,RF_1km,LR_1km,jaccard_top10,TH50,0.21644187540141296,0.2057768318637884,0.22153782268669112,5,5
across_learners,1km,RF_1km,LR_1km,jaccard_top10,TH51,0.33713355048859933,0.26041072447233315,0.4089619965967102,5,5
across_learners,1km,RF_1km,LR_1km,jaccard_top10,TH52,0.4705754614549403,0.40998244676791573,0.543779553236589,5,5
across_learners,1km,RF_1km,LR_1km,jaccard_top10,TH53,0.2301175184476633,0.19566044918157594,0.30223463687150837,5,5
across_learners,1km,RF_1km,LR_1km,jaccard_top10,TH54,0.5011501807426881,0.3772294887039239,0.5513085399449036,5,5
across_learners,1km,RF_1km,LR_1km,jaccard_top10,TH55,0.29661727704780544,0.2395011453296004,0.3334342822531799,5,5
across_learners,1km,RF_1km,LR_1km,jaccard_top10,TH56,0.5365303244005641,0.4654439128123339,0.5835227272727272,5,5
across_learners,1km,RF_1km,LR_1km,jaccard_top10,TH57,0.3532033426183844,0.24430662871085806,0.4232333010648596,5,5
across_learners,1km,RF_1km,LR_1km,jaccard_top10,TH58,0.0637961057463986,0.04851250845165653,0.09166450272656453,5,5
across_learners,1km,RF_1km,LR_1km,ssim_rank_21,TH50,-0.10794347524642944,-0.1163453683257103,0.007527678273618221,5,5
across_learners,1km,RF_1km,LR_1km,ssim_rank_21,TH51,0.04820750653743744,-0.0032911240123212337,0.09000248461961746,5,5
across_learners,1km,RF_1km,LR_1km,ssim_rank_21,TH52,0.2148035317659378,0.16908837854862213,0.2520708441734314,5,5
across_learners,1km,RF_1km,LR_1km,ssim_rank_21,TH53,0.011842502281069756,-0.05062362924218178,0.03558918833732605,5,5
across_learners,1km,RF_1km,LR_1km,ssim_rank_21,TH54,0.14205585420131683,0.08520197868347168,0.2554803192615509,5,5
across_learners,1km,RF_1km,LR_1km,ssim_rank_21,TH55,-0.03270399197936058,-0.11125234514474869,0.23273865878582,5,5
across_learners,1km,RF_1km,LR_1km,ssim_rank_21,TH56,0.16451039910316467,0.1387280821800232,0.30774420499801636,5,5
across_learners,1km,RF_1km,LR_1km,ssim_rank_21,TH57,0.19780197739601135,0.07462465763092041,0.2952657639980316,5,5
across_learners,1km,RF_1km,LR_1km,ssim_rank_21,TH58,-0.3002339005470276,-0.3194710314273834,-0.21402646601200104,5,5
across_learners,1km,RF_1km,LR_1km,ssim_rank_7,TH50,-0.07324271649122238,-0.08832614868879318,0.04785773530602455,5,5
across_learners,1km,RF_1km,LR_1km,ssim_rank_7,TH51,0.030551506206393242,-0.019632725045084953,0.06449609249830246,5,5
across_learners,1km,RF_1km,LR_1km,ssim_rank_7,TH52,0.20838426053524017,0.15715181827545166,0.24077564477920532,5,5
across_learners,1km,RF_1km,LR_1km,ssim_rank_7,TH53,0.013996588997542858,-0.03262481838464737,0.05071813240647316,5,5
across_learners,1km,RF_1km,LR_1km,ssim_rank_7,TH54,0.13077154755592346,0.08242806792259216,0.23638474941253662,5,5
across_learners,1km,RF_1km,LR_1km,ssim_rank_7,TH55,-0.016459397971630096,-0.09982005506753922,0.2391365021467209,5,5
across_learners,1km,RF_1km,LR_1km,ssim_rank_7,TH56,0.21190305054187775,0.17689286172389984,0.3131832480430603,5,5
across_learners,1km,RF_1km,LR_1km,ssim_rank_7,TH57,0.25144830346107483,0.13034772872924805,0.3365883529186249,5,5
across_learners,1km,RF_1km,LR_1km,ssim_rank_7,TH58,-0.2573400139808655,-0.2775712311267853,-0.1862480491399765,5,5
across_learners,1km,RF_1km,LR_1km,ssim_raw_21,TH50,0.12608754634857178,0.11548559367656708,0.1777016520500183,5,5
across_learners,1km,RF_1km,LR_1km,ssim_raw_21,TH51,0.32505062222480774,0.31757041811943054,0.35950803756713867,5,5
across_learners,1km,RF_1km,LR_1km,ssim_raw_21,TH52,0.38162001967430115,0.34089019894599915,0.40920329093933105,5,5
across_learners,1km,RF_1km,LR_1km,ssim_raw_21,TH53,0.28064778447151184,0.23316894471645355,0.301430881023407,5,5
across_learners,1km,RF_1km,LR_1km,ssim_raw_21,TH54,0.3453614413738251,0.28717753291130066,0.41389957070350647,5,5
across_learners,1km,RF_1km,LR_1km,ssim_raw_21,TH55,0.1565680205821991,0.13529685139656067,0.3108249306678772,5,5
across_learners,1km,RF_1km,LR_1km,ssim_raw_21,TH56,0.44040051102638245,0.3729681372642517,0.5034944415092468,5,5
across_learners,1km,RF_1km,LR_1km,ssim_raw_21,TH57,0.4582161605358124,0.412545770406723,0.5061782598495483,5,5
across_learners,1km,RF_1km,LR_1km,ssim_raw_21,TH58,-0.08989551663398743,-0.10495144128799438,-0.01175550278276205,5,5
across_learners,1km,RF_1km,LR_1km,ssim_raw_7,TH50,0.1121954470872879,0.10701875388622284,0.18021796643733978,5,5
across_learners,1km,RF_1km,LR_1km,ssim_raw_7,TH51,0.2514396607875824,0.23889461159706116,0.2819145619869232,5,5
across_learners,1km,RF_1km,LR_1km,ssim_raw_7,TH52,0.34077805280685425,0.3044753670692444,0.36579620838165283,5,5
across_learners,1km,RF_1km,LR_1km,ssim_raw_7,TH53,0.22517311573028564,0.18530693650245667,0.23540101945400238,5,5
across_learners,1km,RF_1km,LR_1km,ssim_raw_7,TH54,0.2951352000236511,0.2547394931316376,0.3624579906463623,5,5
across_learners,1km,RF_1km,LR_1km,ssim_raw_7,TH55,0.12660957872867584,0.10645603388547897,0.28432735800743103,5,5
across_learners,1km,RF_1km,LR_1km,ssim_raw_7,TH56,0.40698373317718506,0.36025479435920715,0.4642104208469391,5,5
across_learners,1km,RF_1km,LR_1km,ssim_raw_7,TH57,0.4342281222343445,0.3748108744621277,0.48224952816963196,5,5
across_learners,1km,RF_1km,LR_1km,ssim_raw_7,TH58,-0.06548826396465302,-0.08616148680448532,-0.00013988152204547077,5,5
across_learners,1km,RF_1km,XGB_1km,jaccard_top10,TH50,0.3818366458726244,0.3655428294886272,0.4132347764871524,5,5
across_learners,1km,RF_1km,XGB_1km,jaccard_top10,TH51,0.5547391623806025,0.41352714328092555,0.6004474272930649,5,5
across_learners,1km,RF_1km,XGB_1km,jaccard_top10,TH52,0.5913671994299095,0.5562920660819907,0.6480462300495322,5,5
across_learners,1km,RF_1km,XGB_1km,jaccard_top10,TH53,0.43018777082330284,0.3661879895561358,0.45623836126629425,5,5
across_learners,1km,RF_1km,XGB_1km,jaccard_top10,TH54,0.5131383242439266,0.4659373446046743,0.5687693898655636,5,5
across_learners,1km,RF_1km,XGB_1km,jaccard_top10,TH55,0.33349729463846534,0.30097216673325344,0.44548369855692144,5,5
across_learners,1km,RF_1km,XGB_1km,jaccard_top10,TH56,0.5571171171171171,0.5076530612244898,0.6285976729944887,5,5
across_learners,1km,RF_1km,XGB_1km,jaccard_top10,TH57,0.4262834904954348,0.4067486904616884,0.5035023150896355,5,5
across_learners,1km,RF_1km,XGB_1km,jaccard_top10,TH58,0.26636407071189677,0.14533898305084747,0.3096957194430119,5,5
across_learners,1km,RF_1km,XGB_1km,ssim_rank_21,TH50,0.588947057723999,0.5460205674171448,0.621117353439331,5,5
across_learners,1km,RF_1km,XGB_1km,ssim_rank_21,TH51,0.6907259821891785,0.6686414480209351,0.7006720900535583,5,5
across_learners,1km,RF_1km,XGB_1km,ssim_rank_21,TH52,0.6512274146080017,0.602275550365448,0.6962375640869141,5,5
across_learners,1km,RF_1km,XGB_1km,ssim_rank_21,TH53,0.5971943140029907,0.5548737645149231,0.6458520889282227,5,5
across_learners,1km,RF_1km,XGB_1km,ssim_rank_21,TH54,0.5474509596824646,0.47272101044654846,0.6612374186515808,5,5
across_learners,1km,RF_1km,XGB_1km,ssim_rank_21,TH55,0.6290395855903625,0.5057349801063538,0.664941668510437,5,5
across_learners,1km,RF_1km,XGB_1km,ssim_rank_21,TH56,0.5592619180679321,0.4799395799636841,0.6545029282569885,5,5
across_learners,1km,RF_1km,XGB_1km,ssim_rank_21,TH57,0.466394305229187,0.42502737045288086,0.6085702180862427,5,5
across_learners,1km,RF_1km,XGB_1km,ssim_rank_21,TH58,0.5930149555206299,0.44288167357444763,0.6633012890815735,5,5
across_learners,1km,RF_1km,XGB_1km,ssim_rank_7,TH50,0.5492472648620605,0.5178800821304321,0.5592098236083984,5,5
across_learners,1km,RF_1km,XGB_1km,ssim_rank_7,TH51,0.6331199407577515,0.6080543398857117,0.652442991733551,5,5
across_learners,1km,RF_1km,XGB_1km,ssim_rank_7,TH52,0.5909103155136108,0.5592849254608154,0.6414943337440491,5,5
across_learners,1km,RF_1km,XGB_1km,ssim_rank_7,TH53,0.5288566946983337,0.5243527889251709,0.5957866907119751,5,5
across_learners,1km,RF_1km,XGB_1km,ssim_rank_7,TH54,0.49846747517585754,0.45967718958854675,0.6162053346633911,5,5
across_learners,1km,RF_1km,XGB_1km,ssim_rank_7,TH55,0.5583431124687195,0.452043354511261,0.592139482498169,5,5
across_learners,1km,RF_1km,XGB_1km,ssim_rank_7,TH56,0.49626725912094116,0.4510433077812195,0.6018521785736084,5,5
across_learners,1km,RF_1km,XGB_1km,ssim_rank_7,TH57,0.4379483461380005,0.4150350093841553,0.5771047472953796,5,5
across_learners,1km,RF_1km,XGB_1km,ssim_rank_7,TH58,0.5431665778160095,0.47820866107940674,0.6389603018760681,5,5
across_learners,1km,RF_1km,XGB_1km,ssim_raw_21,TH50,0.6439312696456909,0.6038506031036377,0.6627750992774963,5,5
across_learners,1km,RF_1km,XGB_1km,ssim_raw_21,TH51,0.7147098183631897,0.6973743438720703,0.7341779470443726,5,5
across_learners,1km,RF_1km,XGB_1km,ssim_raw_21,TH52,0.7250184416770935,0.6622473001480103,0.7319870591163635,5,5
across_learners,1km,RF_1km,XGB_1km,ssim_raw_21,TH53,0.6683962941169739,0.5959849953651428,0.6820988655090332,5,5
across_learners,1km,RF_1km,XGB_1km,ssim_raw_21,TH54,0.6369326114654541,0.5827603936195374,0.6821051836013794,5,5
across_learners,1km,RF_1km,XGB_1km,ssim_raw_21,TH55,0.6575640439987183,0.5482524633407593,0.6728378534317017,5,5
across_learners,1km,RF_1km,XGB_1km,ssim_raw_21,TH56,0.717998743057251,0.6329731941223145,0.7435813546180725,5,5
across_learners,1km,RF_1km,XGB_1km,ssim_raw_21,TH57,0.6910374164581299,0.6465907692909241,0.7125433683395386,5,5
across_learners,1km,RF_1km,XGB_1km,ssim_raw_21,TH58,0.6187903881072998,0.5795335173606873,0.6241087913513184,5,5
across_learners,1km,RF_1km,XGB_1km,ssim_raw_7,TH50,0.6130716800689697,0.5934016704559326,0.6339262127876282,5,5
across_learners,1km,RF_1km,XGB_1km,ssim_raw_7,TH51,0.6754254102706909,0.6638742685317993,0.6927832365036011,5,5
across_learners,1km,RF_1km,XGB_1km,ssim_raw_7,TH52,0.7001874446868896,0.6454407572746277,0.7032639384269714,5,5
across_learners,1km,RF_1km,XGB_1km,ssim_raw_7,TH53,0.644966721534729,0.5691618323326111,0.6493005752563477,5,5
across_learners,1km,RF_1km,XGB_1km,ssim_raw_7,TH54,0.6164053678512573,0.5795363187789917,0.6526473164558411,5,5
across_learners,1km,RF_1km,XGB_1km,ssim_raw_7,TH55,0.6161375045776367,0.5404260158538818,0.6400637626647949,5,5
across_learners,1km,RF_1km,XGB_1km,ssim_raw_7,TH56,0.679879367351532,0.6090849041938782,0.6991885304450989,5,5
across_learners,1km,RF_1km,XGB_1km,ssim_raw_7,TH57,0.6426615715026855,0.6098343729972839,0.6727357506752014,5,5
across_learners,1km,RF_1km,XGB_1km,ssim_raw_7,TH58,0.6098206639289856,0.5740634202957153,0.6277652382850647,5,5
across_learners,1km,XGB_1km,LR_1km,jaccard_top10,TH50,0.19285876734136911,0.17170357407282763,0.21267490830050265,5,5
across_learners,1km,XGB_1km,LR_1km,jaccard_top10,TH51,0.2911968777103209,0.22922636103151864,0.3560961313012896,5,5
across_learners,1km,XGB_1km,LR_1km,jaccard_top10,TH52,0.44646004700352526,0.3847555420589128,0.49511476426799006,5,5
across_learners,1km,XGB_1km,LR_1km,jaccard_top10,TH53,0.18300939069665867,0.1636568848758465,0.21593064210241128,5,5
across_learners,1km,XGB_1km,LR_1km,jaccard_top10,TH54,0.3568953568953569,0.284632376143894,0.45202273487128053,5,5
across_learners,1km,XGB_1km,LR_1km,jaccard_top10,TH55,0.24359306238674605,0.1328145961899651,0.2633988688392136,5,5
across_learners,1km,XGB_1km,LR_1km,jaccard_top10,TH56,0.434331797235023,0.40752110514198003,0.6029035012809565,5,5
across_learners,1km,XGB_1km,LR_1km,jaccard_top10,TH57,0.27585193889541715,0.23983493142371648,0.32007742389582966,5,5
across_learners,1km,XGB_1km,LR_1km,jaccard_top10,TH58,0.05054759898904802,0.03811659192825112,0.08109904719698649,5,5
across_learners,1km,XGB_1km,LR_1km,ssim_rank_21,TH50,-0.06478418409824371,-0.15702573955059052,0.0016072836006060243,5,5
across_learners,1km,XGB_1km,LR_1km,ssim_rank_21,TH51,0.07282238453626633,-0.012472228147089481,0.1114647313952446,5,5
across_learners,1km,XGB_1km,LR_1km,ssim_rank_21,TH52,0.19734229147434235,0.17044919729232788,0.2707367241382599,5,5
across_learners,1km,XGB_1km,LR_1km,ssim_rank_21,TH53,0.005295189097523689,-0.04333699122071266,0.013755731284618378,5,5
across_learners,1km,XGB_1km,LR_1km,ssim_rank_21,TH54,0.09823346883058548,0.023582715541124344,0.16665403544902802,5,5
across_learners,1km,XGB_1km,LR_1km,ssim_rank_21,TH55,-0.04935509338974953,-0.12994706630706787,0.1785820573568344,5,5
across_learners,1km,XGB_1km,LR_1km,ssim_rank_21,TH56,0.16824974119663239,0.1577216386795044,0.34612396359443665,5,5
across_learners,1km,XGB_1km,LR_1km,ssim_rank_21,TH57,0.16368165612220764,0.11397530883550644,0.34935346245765686,5,5
across_learners,1km,XGB_1km,LR_1km,ssim_rank_21,TH58,-0.16773438453674316,-0.35701724886894226,-0.12425829470157623,5,5
across_learners,1km,XGB_1km,LR_1km,ssim_rank_7,TH50,-0.04592388495802879,-0.14820173382759094,0.024961398914456367,5,5
across_learners,1km,XGB_1km,LR_1km,ssim_rank_7,TH51,0.05390573665499687,-0.04549214243888855,0.0924641489982605,5,5
across_learners,1km,XGB_1km,LR_1km,ssim_rank_7,TH52,0.1623784899711609,0.1562906801700592,0.2548663914203644,5,5
across_learners,1km,XGB_1km,LR_1km,ssim_rank_7,TH53,-0.005762422922998667,-0.04264865815639496,0.02802048809826374,5,5
across_learners,1km,XGB_1km,LR_1km,ssim_rank_7,TH54,0.08977210521697998,0.023449759930372238,0.15691570937633514,5,5
across_learners,1km,XGB_1km,LR_1km,ssim_rank_7,TH55,-0.03232543542981148,-0.11660129576921463,0.19459088146686554,5,5
across_learners,1km,XGB_1km,LR_1km,ssim_rank_7,TH56,0.15647302567958832,0.14146851003170013,0.3494732081890106,5,5
across_learners,1km,XGB_1km,LR_1km,ssim_rank_7,TH57,0.1865001618862152,0.12780097126960754,0.3771916925907135,5,5
across_learners,1km,XGB_1km,LR_1km,ssim_rank_7,TH58,-0.15227749943733215,-0.33376654982566833,-0.10221562534570694,5,5
across_learners,1km,XGB_1km,LR_1km,ssim_raw_21,TH50,0.07502679526805878,0.061473358422517776,0.14035184681415558,5,5
across_learners,1km,XGB_1km,LR_1km,ssim_raw_21,TH51,0.26191794872283936,0.2533172369003296,0.2916097342967987,5,5
across_learners,1km,XGB_1km,LR_1km,ssim_raw_21,TH52,0.3123583197593689,0.3021126687526703,0.40282201766967773,5,5
across_learners,1km,XGB_1km,LR_1km,ssim_raw_21,TH53,0.20945106446743011,0.18449868261814117,0.23346130549907684,5,5
across_learners,1km,XGB_1km,LR_1km,ssim_raw_21,TH54,0.22546769678592682,0.1850360482931137,0.28988534212112427,5,5
across_learners,1km,XGB_1km,LR_1km,ssim_raw_21,TH55,0.1145395040512085,0.0946357473731041,0.2950189709663391,5,5
across_learners,1km,XGB_1km,LR_1km,ssim_raw_21,TH56,0.340877503156662,0.32165342569351196,0.4933438301086426,5,5
across_learners,1km,XGB_1km,LR_1km,ssim_raw_21,TH57,0.40174904465675354,0.3578806221485138,0.4964793622493744,5,5
across_learners,1km,XGB_1km,LR_1km,ssim_raw_21,TH58,-0.051575642079114914,-0.15100933611392975,-0.018306506797671318,5,5
across_learners,1km,XGB_1km,LR_1km,ssim_raw_7,TH50,0.05445848032832146,0.029995780438184738,0.13245166838169098,5,5
across_learners,1km,XGB_1km,LR_1km,ssim_raw_7,TH51,0.20505084097385406,0.17424531280994415,0.23341448605060577,5,5
across_learners,1km,XGB_1km,LR_1km,ssim_raw_7,TH52,0.27629199624061584,0.26431503891944885,0.35853007435798645,5,5
across_learners,1km,XGB_1km,LR_1km,ssim_raw_7,TH53,0.15813949704170227,0.14346979558467865,0.18429963290691376,5,5
across_learners,1km,XGB_1km,LR_1km,ssim_raw_7,TH54,0.1975639909505844,0.16787497699260712,0.26172298192977905,5,5
across_learners,1km,XGB_1km,LR_1km,ssim_raw_7,TH55,0.0891457125544548,0.059755872935056686,0.2754959464073181,5,5
across_learners,1km,XGB_1km,LR_1km,ssim_raw_7,TH56,0.30202174186706543,0.29089778661727905,0.44863325357437134,5,5
across_learners,1km,XGB_1km,LR_1km,ssim_raw_7,TH57,0.3574160635471344,0.32986629009246826,0.49030622839927673,5,5
across_learners,1km,XGB_1km,LR_1km,ssim_raw_7,TH58,-0.045312486588954926,-0.15690337121486664,0.0014223422622308135,5,5
across_learners,20km,RF_20km,LR_20km,jaccard_top10,TH50,0.7315114217169083,0.7088783194609591,0.7520108638880184,5,5
across_learners,20km,RF_20km,LR_20km,jaccard_top10,TH51,0.7244973938942666,0.6854901960784314,0.7398078421189301,5,5
across_learners,20km,RF_20km,LR_20km,jaccard_top10,TH52,0.6159889731219849,0.5810624827965868,0.6323213326168726,5,5
across_learners,20km,RF_20km,LR_20km,jaccard_top10,TH53,0.5876953609526172,0.5233807725820505,0.6039026862645717,5,5
across_learners,20km,RF_20km,LR_20km,jaccard_top10,TH54,0.6118084611808461,0.5224489795918368,0.6393951143854207,5,5
across_learners,20km,RF_20km,LR_20km,jaccard_top10,TH55,0.6436115843270869,0.6190334128878282,0.6592427616926503,5,5
across_learners,20km,RF_20km,LR_20km,jaccard_top10,TH56,0.5662650602409639,0.5287119652253489,0.582036775106082,5,5
across_learners,20km,RF_20km,LR_20km,jaccard_top10,TH57,0.6874709761307699,0.6689267552859309,0.7275487219665067,5,5
across_learners,20km,RF_20km,LR_20km,jaccard_top10,TH58,0.41486486486486485,0.3141552511415525,0.45118733509234826,5,5
across_learners,20km,RF_20km,LR_20km,ssim_rank_21,TH50,0.4360632598400116,0.42730632424354553,0.44277411699295044,5,5
across_learners,20km,RF_20km,LR_20km,ssim_rank_21,TH51,0.7190117835998535,0.7090657353401184,0.7363866567611694,5,5
across_learners,20km,RF_20km,LR_20km,ssim_rank_21,TH52,0.612865686416626,0.6014717817306519,0.6166471242904663,5,5
across_learners,20km,RF_20km,LR_20km,ssim_rank_21,TH53,0.6805866956710815,0.6698578596115112,0.6920228004455566,5,5
across_learners,20km,RF_20km,LR_20km,ssim_rank_21,TH54,0.6152605414390564,0.5939138531684875,0.6180287599563599,5,5
across_learners,20km,RF_20km,LR_20km,ssim_rank_21,TH55,0.4410412013530731,0.4259062111377716,0.44929033517837524,5,5
across_learners,20km,RF_20km,LR_20km,ssim_rank_21,TH56,0.6228677034378052,0.6218464374542236,0.6322710514068604,5,5
across_learners,20km,RF_20km,LR_20km,ssim_rank_21,TH57,0.6297011971473694,0.6241240501403809,0.6313731670379639,5,5
across_learners,20km,RF_20km,LR_20km,ssim_rank_21,TH58,0.2624098062515259,0.24092230200767517,0.2715679407119751,5,5
across_learners,20km,RF_20km,LR_20km,ssim_rank_7,TH50,0.2951233983039856,0.29092493653297424,0.2984851896762848,5,5
across_learners,20km,RF_20km,LR_20km,ssim_rank_7,TH51,0.5369005799293518,0.5276981592178345,0.5548670887947083,5,5
across_learners,20km,RF_20km,LR_20km,ssim_rank_7,TH52,0.4551548361778259,0.4354963004589081,0.460025429725647,5,5
across_learners,20km,RF_20km,LR_20km,ssim_rank_7,TH53,0.4818839430809021,0.46033406257629395,0.4957708716392517,5,5
across_learners,20km,RF_20km,LR_20km,ssim_rank_7,TH54,0.42063701152801514,0.404191792011261,0.4316372573375702,5,5
across_learners,20km,RF_20km,LR_20km,ssim_rank_7,TH55,0.2609916031360626,0.24628108739852905,0.27445051074028015,5,5
across_learners,20km,RF_20km,LR_20km,ssim_rank_7,TH56,0.48804399371147156,0.47492966055870056,0.5021600723266602,5,5
across_learners,20km,RF_20km,LR_20km,ssim_rank_7,TH57,0.5094345808029175,0.5068171620368958,0.5131475925445557,5,5
across_learners,20km,RF_20km,LR_20km,ssim_rank_7,TH58,0.1038573682308197,0.09279359132051468,0.11460322141647339,5,5
across_learners,20km,RF_20km,LR_20km,ssim_raw_21,TH50,0.6046979427337646,0.5905866622924805,0.6313984990119934,5,5
across_learners,20km,RF_20km,LR_20km,ssim_raw_21,TH51,0.7070671916007996,0.6904906630516052,0.7150692939758301,5,5
across_learners,20km,RF_20km,LR_20km,ssim_raw_21,TH52,0.699120044708252,0.6955862641334534,0.7028231024742126,5,5
across_learners,20km,RF_20km,LR_20km,ssim_raw_21,TH53,0.7647764682769775,0.7317270636558533,0.7689492106437683,5,5
across_learners,20km,RF_20km,LR_20km,ssim_raw_21,TH54,0.7064992785453796,0.6965683698654175,0.7248459458351135,5,5
across_learners,20km,RF_20km,LR_20km,ssim_raw_21,TH55,0.6453584432601929,0.6355720162391663,0.646717369556427,5,5
across_learners,20km,RF_20km,LR_20km,ssim_raw_21,TH56,0.7229196429252625,0.7094011306762695,0.7418525815010071,5,5
across_learners,20km,RF_20km,LR_20km,ssim_raw_21,TH57,0.7319104075431824,0.718262255191803,0.7424574494361877,5,5
across_learners,20km,RF_20km,LR_20km,ssim_raw_21,TH58,0.5614078044891357,0.5548784732818604,0.6158829927444458,5,5
across_learners,20km,RF_20km,LR_20km,ssim_raw_7,TH50,0.5903610587120056,0.5742244720458984,0.6178143620491028,5,5
across_learners,20km,RF_20km,LR_20km,ssim_raw_7,TH51,0.6256552934646606,0.6196929216384888,0.6433475017547607,5,5
across_learners,20km,RF_20km,LR_20km,ssim_raw_7,TH52,0.6426212787628174,0.6377912163734436,0.6509312987327576,5,5
across_learners,20km,RF_20km,LR_20km,ssim_raw_7,TH53,0.6728909015655518,0.6593747138977051,0.679070234298706,5,5
across_learners,20km,RF_20km,LR_20km,ssim_raw_7,TH54,0.6768679022789001,0.6611286997795105,0.679812490940094,5,5
across_learners,20km,RF_20km,LR_20km,ssim_raw_7,TH55,0.6244204640388489,0.6222540736198425,0.6268477439880371,5,5
across_learners,20km,RF_20km,LR_20km,ssim_raw_7,TH56,0.651146411895752,0.638834536075592,0.6751776337623596,5,5
across_learners,20km,RF_20km,LR_20km,ssim_raw_7,TH57,0.6447949409484863,0.6298199892044067,0.6593634486198425,5,5
across_learners,20km,RF_20km,LR_20km,ssim_raw_7,TH58,0.6017266511917114,0.5825297832489014,0.6362917423248291,5,5
across_learners,20km,RF_20km,XGB_20km,jaccard_top10,TH50,0.7397392047883711,0.7067373796896484,0.7626908790755262,5,5
across_learners,20km,RF_20km,XGB_20km,jaccard_top10,TH51,0.756831355230472,0.7373341375150784,0.7835132999736634,5,5
across_learners,20km,RF_20km,XGB_20km,jaccard_top10,TH52,0.727147766323024,0.7055914273938728,0.7446617888606839,5,5
across_learners,20km,RF_20km,XGB_20km,jaccard_top10,TH53,0.6011167759164846,0.5875739644970415,0.6647866601275135,5,5
across_learners,20km,RF_20km,XGB_20km,jaccard_top10,TH54,0.6565,0.6384910932588195,0.6954356846473029,5,5
across_learners,20km,RF_20km,XGB_20km,jaccard_top10,TH55,0.6739460115256294,0.6697215368346845,0.7377950210151956,5,5
across_learners,20km,RF_20km,XGB_20km,jaccard_top10,TH56,0.5841618100788482,0.4829388256993544,0.6789656259854935,5,5
across_learners,20km,RF_20km,XGB_20km,jaccard_top10,TH57,0.7275694833053534,0.6651554404145078,0.74843179477577,5,5
across_learners,20km,RF_20km,XGB_20km,jaccard_top10,TH58,0.5445960125918153,0.49239766081871345,0.5933786078098472,5,5
across_learners,20km,RF_20km,XGB_20km,ssim_rank_21,TH50,0.6807135939598083,0.660792887210846,0.7009323835372925,5,5
across_learners,20km,RF_20km,XGB_20km,ssim_rank_21,TH51,0.8240158557891846,0.8058087229728699,0.8315655589103699,5,5
across_learners,20km,RF_20km,XGB_20km,ssim_rank_21,TH52,0.7828295826911926,0.7659519910812378,0.7995032072067261,5,5
across_learners,20km,RF_20km,XGB_20km,ssim_rank_21,TH53,0.7893959283828735,0.7868903279304504,0.8145195245742798,5,5
across_learners,20km,RF_20km,XGB_20km,ssim_rank_21,TH54,0.8001435995101929,0.7785052061080933,0.8324408531188965,5,5
across_learners,20km,RF_20km,XGB_20km,ssim_rank_21,TH55,0.696913480758667,0.6766942143440247,0.7144712209701538,5,5
across_learners,20km,RF_20km,XGB_20km,ssim_rank_21,TH56,0.8140525817871094,0.8040909767150879,0.8367583751678467,5,5
across_learners,20km,RF_20km,XGB_20km,ssim_rank_21,TH57,0.8218737244606018,0.8119004964828491,0.837303876876831,5,5
across_learners,20km,RF_20km,XGB_20km,ssim_rank_21,TH58,0.6075288653373718,0.5750445127487183,0.624643862247467,5,5
across_learners,20km,RF_20km,XGB_20km,ssim_rank_7,TH50,0.5802751779556274,0.5410393476486206,0.6030410528182983,5,5
across_learners,20km,RF_20km,XGB_20km,ssim_rank_7,TH51,0.7198277711868286,0.6958402991294861,0.739799439907074,5,5
across_learners,20km,RF_20km,XGB_20km,ssim_rank_7,TH52,0.6722509860992432,0.651435375213623,0.6989195942878723,5,5
across_learners,20km,RF_20km,XGB_20km,ssim_rank_7,TH53,0.666583240032196,0.6542365550994873,0.7035365700721741,5,5
across_learners,20km,RF_20km,XGB_20km,ssim_rank_7,TH54,0.6833517551422119,0.6641625761985779,0.7232344746589661,5,5
across_learners,20km,RF_20km,XGB_20km,ssim_rank_7,TH55,0.5558667778968811,0.5417055487632751,0.592151403427124,5,5
across_learners,20km,RF_20km,XGB_20km,ssim_rank_7,TH56,0.7195723056793213,0.6860738396644592,0.7388017177581787,5,5
across_learners,20km,RF_20km,XGB_20km,ssim_rank_7,TH57,0.7166889905929565,0.7106899619102478,0.7548748254776001,5,5
across_learners,20km,RF_20km,XGB_20km,ssim_rank_7,TH58,0.4488673806190491,0.4346165657043457,0.49950432777404785,5,5
across_learners,20km,RF_20km,XGB_20km,ssim_raw_21,TH50,0.6602899432182312,0.6253116726875305,0.6713054776191711,5,5
across_learners,20km,RF_20km,XGB_20km,ssim_raw_21,TH51,0.7041370868682861,0.6644165515899658,0.7903556227684021,5,5
across_learners,20km,RF_20km,XGB_20km,ssim_raw_21,TH52,0.7253755331039429,0.6897119283676147,0.7435922026634216,5,5
across_learners,20km,RF_20km,XGB_20km,ssim_raw_21,TH53,0.7515213489532471,0.6624961495399475,0.7953117489814758,5,5
across_learners,20km,RF_20km,XGB_20km,ssim_raw_21,TH54,0.6240749359130859,0.5993891358375549,0.6464218497276306,5,5
across_learners,20km,RF_20km,XGB_20km,ssim_raw_21,TH55,0.699411928653717,0.687425971031189,0.7471312284469604,5,5
across_learners,20km,RF_20km,XGB_20km,ssim_raw_21,TH56,0.6963281035423279,0.5889225006103516,0.7952685952186584,5,5
across_learners,20km,RF_20km,XGB_20km,ssim_raw_21,TH57,0.794660210609436,0.7336488366127014,0.8183733224868774,5,5
across_learners,20km,RF_20km,XGB_20km,ssim_raw_21,TH58,0.6740924119949341,0.6426572203636169,0.6969099640846252,5,5
across_learners,20km,RF_20km,XGB_20km,ssim_raw_7,TH50,0.696958601474762,0.6633774638175964,0.7034721374511719,5,5
across_learners,20km,RF_20km,XGB_20km,ssim_raw_7,TH51,0.7013942003250122,0.6649908423423767,0.7593333721160889,5,5
across_learners,20km,RF_20km,XGB_20km,ssim_raw_7,TH52,0.7203415632247925,0.6940592527389526,0.7264846563339233,5,5
across_learners,20km,RF_20km,XGB_20km,ssim_raw_7,TH53,0.7221226096153259,0.6755032539367676,0.7552892565727234,5,5
across_learners,20km,RF_20km,XGB_20km,ssim_raw_7,TH54,0.6645956039428711,0.6535542011260986,0.6799390316009521,5,5
across_learners,20km,RF_20km,XGB_20km,ssim_raw_7,TH55,0.7220231890678406,0.7044709324836731,0.7472529411315918,5,5
across_learners,20km,RF_20km,XGB_20km,ssim_raw_7,TH56,0.7011874318122864,0.631854772567749,0.7563447952270508,5,5
across_learners,20km,RF_20km,XGB_20km,ssim_raw_7,TH57,0.7211858630180359,0.6717528104782104,0.7490796446800232,5,5
across_learners,20km,RF_20km,XGB_20km,ssim_raw_7,TH58,0.7196677327156067,0.7022502422332764,0.7225768566131592,5,5
across_learners,20km,XGB_20km,LR_20km,jaccard_top10,TH50,0.6685186929089368,0.6527405136067459,0.6881295674501284,5,5
across_learners,20km,XGB_20km,LR_20km,jaccard_top10,TH51,0.6897895557287607,0.6343374969385256,0.7088103534096566,5,5
across_learners,20km,XGB_20km,LR_20km,jaccard_top10,TH52,0.566969738092007,0.5345226746561351,0.591335358605204,5,5
across_learners,20km,XGB_20km,LR_20km,jaccard_top10,TH53,0.46431129147767963,0.4170188785573401,0.5327421555252387,5,5
across_learners,20km,XGB_20km,LR_20km,jaccard_top10,TH54,0.5341335333833458,0.5049976201808662,0.6124740124740125,5,5
across_learners,20km,XGB_20km,LR_20km,jaccard_top10,TH55,0.6016638935108153,0.5914082687338501,0.6098291878933173,5,5
across_learners,20km,XGB_20km,LR_20km,jaccard_top10,TH56,0.4513129102844639,0.40397521941146103,0.479818485789348,5,5
across_learners,20km,XGB_20km,LR_20km,jaccard_top10,TH57,0.6456298309691667,0.6409759534924689,0.6565248608867349,5,5
across_learners,20km,XGB_20km,LR_20km,jaccard_top10,TH58,0.3257042253521127,0.24446085672082718,0.3917018284106892,5,5
across_learners,20km,XGB_20km,LR_20km,ssim_rank_21,TH50,0.5319815874099731,0.4957946538925171,0.5589354038238525,5,5
across_learners,20km,XGB_20km,LR_20km,ssim_rank_21,TH51,0.7583139538764954,0.7317209243774414,0.7717864513397217,5,5
across_learners,20km,XGB_20km,LR_20km,ssim_rank_21,TH52,0.6900410652160645,0.6700353622436523,0.7170777320861816,5,5
across_learners,20km,XGB_20km,LR_20km,ssim_rank_21,TH53,0.7002270221710205,0.6675704717636108,0.7441418170928955,5,5
across_learners,20km,XGB_20km,LR_20km,ssim_rank_21,TH54,0.6704352498054504,0.6541820168495178,0.6974294185638428,5,5
across_learners,20km,XGB_20km,LR_20km,ssim_rank_21,TH55,0.5460631251335144,0.5305594801902771,0.5700739026069641,5,5
across_learners,20km,XGB_20km,LR_20km,ssim_rank_21,TH56,0.717188835144043,0.695652186870575,0.7389630675315857,5,5
across_learners,20km,XGB_20km,LR_20km,ssim_rank_21,TH57,0.6706272959709167,0.6556482911109924,0.6902432441711426,5,5
across_learners,20km,XGB_20km,LR_20km,ssim_rank_21,TH58,0.3074594736099243,0.2803824841976166,0.34952083230018616,5,5
across_learners,20km,XGB_20km,LR_20km,ssim_rank_7,TH50,0.3515157103538513,0.31130340695381165,0.38434848189353943,5,5
across_learners,20km,XGB_20km,LR_20km,ssim_rank_7,TH51,0.582956850528717,0.5490370392799377,0.6034312844276428,5,5
across_learners,20km,XGB_20km,LR_20km,ssim_rank_7,TH52,0.5170618295669556,0.4935830235481262,0.5491278171539307,5,5
across_learners,20km,XGB_20km,LR_20km,ssim_rank_7,TH53,0.5127429366111755,0.4981408715248108,0.5697168111801147,5,5
across_learners,20km,XGB_20km,LR_20km,ssim_rank_7,TH54,0.4882487952709198,0.4797211289405823,0.5258712768554688,5,5
across_learners,20km,XGB_20km,LR_20km,ssim_rank_7,TH55,0.3442259728908539,0.3113889694213867,0.35818952322006226,5,5
across_learners,20km,XGB_20km,LR_20km,ssim_rank_7,TH56,0.5585666298866272,0.5326444506645203,0.5718926191329956,5,5
across_learners,20km,XGB_20km,LR_20km,ssim_rank_7,TH57,0.5363863706588745,0.5230223536491394,0.5439581274986267,5,5
across_learners,20km,XGB_20km,LR_20km,ssim_rank_7,TH58,0.10327909141778946,0.07823369652032852,0.1402077078819275,5,5
across_learners,20km,XGB_20km,LR_20km,ssim_raw_21,TH50,0.6019454598426819,0.596189022064209,0.6257507801055908,5,5
across_learners,20km,XGB_20km,LR_20km,ssim_raw_21,TH51,0.5567713379859924,0.5245383381843567,0.6235021352767944,5,5
across_learners,20km,XGB_20km,LR_20km,ssim_raw_21,TH52,0.6251949071884155,0.6153727173805237,0.6383058428764343,5,5
across_learners,20km,XGB_20km,LR_20km,ssim_raw_21,TH53,0.6889247298240662,0.6260551810264587,0.7022061944007874,5,5
across_learners,20km,XGB_20km,LR_20km,ssim_raw_21,TH54,0.6400672793388367,0.6277338266372681,0.6461483240127563,5,5
across_learners,20km,XGB_20km,LR_20km,ssim_raw_21,TH55,0.6832122206687927,0.667475163936615,0.6913825869560242,5,5
across_learners,20km,XGB_20km,LR_20km,ssim_raw_21,TH56,0.5434717535972595,0.48870205879211426,0.5934436917304993,5,5
across_learners,20km,XGB_20km,LR_20km,ssim_raw_21,TH57,0.756068766117096,0.7332327961921692,0.7802854776382446,5,5
across_learners,20km,XGB_20km,LR_20km,ssim_raw_21,TH58,0.6515417695045471,0.6351723670959473,0.654025137424469,5,5
across_learners,20km,XGB_20km,LR_20km,ssim_raw_7,TH50,0.6187542080879211,0.6026890873908997,0.628025233745575,5,5
across_learners,20km,XGB_20km,LR_20km,ssim_raw_7,TH51,0.537266194820404,0.5063354969024658,0.5562323331832886,5,5
across_learners,20km,XGB_20km,LR_20km,ssim_raw_7,TH52,0.6191946864128113,0.5956600308418274,0.6263642907142639,5,5
across_learners,20km,XGB_20km,LR_20km,ssim_raw_7,TH53,0.6204225420951843,0.5927717089653015,0.6299830079078674,5,5
across_learners,20km,XGB_20km,LR_20km,ssim_raw_7,TH54,0.6245023608207703,0.615138590335846,0.6371328234672546,5,5
across_learners,20km,XGB_20km,LR_20km,ssim_raw_7,TH55,0.6998730897903442,0.6921119093894958,0.7070392966270447,5,5
across_learners,20km,XGB_20km,LR_20km,ssim_raw_7,TH56,0.5401787161827087,0.5140378475189209,0.5526712536811829,5,5
across_learners,20km,XGB_20km,LR_20km,ssim_raw_7,TH57,0.6715778708457947,0.6461400389671326,0.684013307094574,5,5
across_learners,20km,XGB_20km,LR_20km,ssim_raw_7,TH58,0.7273864150047302,0.702359139919281,0.7429083585739136,5,5
across_learners,25km,RF_25km,LR_25km,jaccard_top10,TH50,0.7454230310908894,0.7105106298430359,0.7538689845240619,5,5
across_learners,25km,RF_25km,LR_25km,jaccard_top10,TH51,0.71725,0.6881692347871506,0.7661822985468957,5,5
across_learners,25km,RF_25km,LR_25km,jaccard_top10,TH52,0.6233451957295374,0.5839435855709249,0.6331236897274634,5,5
across_learners,25km,RF_25km,LR_25km,jaccard_top10,TH53,0.5930526800092017,0.5430502497796063,0.621300339640951,5,5
across_learners,25km,RF_25km,LR_25km,jaccard_top10,TH54,0.600071479628306,0.5592274678111588,0.6427763108261033,5,5
across_learners,25km,RF_25km,LR_25km,jaccard_top10,TH55,0.6426321316065803,0.6053639846743295,0.6662303664921466,5,5
across_learners,25km,RF_25km,LR_25km,jaccard_top10,TH56,0.5501801338136901,0.5214267385168078,0.5965277777777778,5,5
across_learners,25km,RF_25km,LR_25km,jaccard_top10,TH57,0.6813119354555819,0.671717638362746,0.7315263626471461,5,5
across_learners,25km,RF_25km,LR_25km,jaccard_top10,TH58,0.43793584379358436,0.31906976744186044,0.4430051813471503,5,5
across_learners,25km,RF_25km,LR_25km,ssim_rank_21,TH50,0.4465614855289459,0.4358975291252136,0.45127955079078674,5,5
across_learners,25km,RF_25km,LR_25km,ssim_rank_21,TH51,0.7325653433799744,0.7266677618026733,0.7364252805709839,5,5
across_learners,25km,RF_25km,LR_25km,ssim_rank_21,TH52,0.6229863166809082,0.6076021194458008,0.6295841932296753,5,5
across_learners,25km,RF_25km,LR_25km,ssim_rank_21,TH53,0.6904948949813843,0.6762857437133789,0.7046940326690674,5,5
across_learners,25km,RF_25km,LR_25km,ssim_rank_21,TH54,0.6147974133491516,0.6060563921928406,0.6348371505737305,5,5
across_learners,25km,RF_25km,LR_25km,ssim_rank_21,TH55,0.44856923818588257,0.44619324803352356,0.4555150866508484,5,5
across_learners,25km,RF_25km,LR_25km,ssim_rank_21,TH56,0.6368140578269958,0.6324566602706909,0.6409061551094055,5,5
across_learners,25km,RF_25km,LR_25km,ssim_rank_21,TH57,0.6351292133331299,0.6294509172439575,0.6377525925636292,5,5
across_learners,25km,RF_25km,LR_25km,ssim_rank_21,TH58,0.2807219326496124,0.263746052980423,0.28822869062423706,5,5
across_learners,25km,RF_25km,LR_25km,ssim_rank_7,TH50,0.29968371987342834,0.2953113317489624,0.3084311783313751,5,5
across_learners,25km,RF_25km,LR_25km,ssim_rank_7,TH51,0.550958514213562,0.5353580117225647,0.5587075352668762,5,5
across_learners,25km,RF_25km,LR_25km,ssim_rank_7,TH52,0.4620875418186188,0.4462295174598694,0.4714900255203247,5,5
across_learners,25km,RF_25km,LR_25km,ssim_rank_7,TH53,0.4923911988735199,0.4769895076751709,0.5098478198051453,5,5
across_learners,25km,RF_25km,LR_25km,ssim_rank_7,TH54,0.42470964789390564,0.41338300704956055,0.4515485465526581,5,5
across_learners,25km,RF_25km,LR_25km,ssim_rank_7,TH55,0.26853105425834656,0.2615114748477936,0.2732320725917816,5,5
across_learners,25km,RF_25km,LR_25km,ssim_rank_7,TH56,0.5023695826530457,0.4865281283855438,0.5091530680656433,5,5
across_learners,25km,RF_25km,LR_25km,ssim_rank_7,TH57,0.5144227743148804,0.5120132565498352,0.526086688041687,5,5
across_learners,25km,RF_25km,LR_25km,ssim_rank_7,TH58,0.11655806750059128,0.10034417361021042,0.12081227451562881,5,5
across_learners,25km,RF_25km,LR_25km,ssim_raw_21,TH50,0.6182820200920105,0.6045071482658386,0.6386574506759644,5,5
across_learners,25km,RF_25km,LR_25km,ssim_raw_21,TH51,0.7101372480392456,0.6962262988090515,0.7242574691772461,5,5
across_learners,25km,RF_25km,LR_25km,ssim_raw_21,TH52,0.7039837837219238,0.6991626024246216,0.7157289385795593,5,5
across_learners,25km,RF_25km,LR_25km,ssim_raw_21,TH53,0.7647626399993896,0.736377477645874,0.7714213132858276,5,5
across_learners,25km,RF_25km,LR_25km,ssim_raw_21,TH54,0.7070556879043579,0.7002503275871277,0.720372200012207,5,5
across_learners,25km,RF_25km,LR_25km,ssim_raw_21,TH55,0.6514521241188049,0.6310542821884155,0.662688136100769,5,5
across_learners,25km,RF_25km,LR_25km,ssim_raw_21,TH56,0.7247506380081177,0.7107841372489929,0.744895875453949,5,5
across_learners,25km,RF_25km,LR_25km,ssim_raw_21,TH57,0.7318239212036133,0.7145053744316101,0.7411318421363831,5,5
across_learners,25km,RF_25km,LR_25km,ssim_raw_21,TH58,0.5903959274291992,0.573467493057251,0.6309150457382202,5,5
across_learners,25km,RF_25km,LR_25km,ssim_raw_7,TH50,0.6035598516464233,0.5872626900672913,0.6237979531288147,5,5
across_learners,25km,RF_25km,LR_25km,ssim_raw_7,TH51,0.6296734809875488,0.6228036880493164,0.6491988897323608,5,5
across_learners,25km,RF_25km,LR_25km,ssim_raw_7,TH52,0.6499848961830139,0.6390915513038635,0.6580266356468201,5,5
across_learners,25km,RF_25km,LR_25km,ssim_raw_7,TH53,0.6744741201400757,0.6632400155067444,0.6820638179779053,5,5
across_learners,25km,RF_25km,LR_25km,ssim_raw_7,TH54,0.6762019395828247,0.6598989963531494,0.6785117387771606,5,5
across_learners,25km,RF_25km,LR_25km,ssim_raw_7,TH55,0.6361344456672668,0.6224334836006165,0.6467822194099426,5,5
across_learners,25km,RF_25km,LR_25km,ssim_raw_7,TH56,0.6458480358123779,0.6384825706481934,0.6752604842185974,5,5
across_learners,25km,RF_25km,LR_25km,ssim_raw_7,TH57,0.6438723206520081,0.6247200965881348,0.6503087878227234,5,5
across_learners,25km,RF_25km,LR_25km,ssim_raw_7,TH58,0.6313992738723755,0.6115636229515076,0.6549681425094604,5,5
across_learners,25km,RF_25km,XGB_25km,jaccard_top10,TH50,0.7125888324873096,0.6867110625186363,0.7545230263157895,5,5
across_learners,25km,RF_25km,XGB_25km,jaccard_top10,TH51,0.7474009553245293,0.7150684931506849,0.7745406824146982,5,5
across_learners,25km,RF_25km,XGB_25km,jaccard_top10,TH52,0.7102632690412501,0.68731438268986,0.7427570408300768,5,5
across_learners,25km,RF_25km,XGB_25km,jaccard_top10,TH53,0.5722209382944303,0.5434407364787112,0.6888727974897417,5,5
across_learners,25km,RF_25km,XGB_25km,jaccard_top10,TH54,0.6350184956843403,0.5454990215264188,0.6690556492411467,5,5
across_learners,25km,RF_25km,XGB_25km,jaccard_top10,TH55,0.651538227231191,0.6005716327259736,0.6891076532232455,5,5
across_learners,25km,RF_25km,XGB_25km,jaccard_top10,TH56,0.5729275970619098,0.5285888077858881,0.6343625802506878,5,5
across_learners,25km,RF_25km,XGB_25km,jaccard_top10,TH57,0.702826916406521,0.6499165585017616,0.7265520619934087,5,5
across_learners,25km,RF_25km,XGB_25km,jaccard_top10,TH58,0.551462621885157,0.437892095357591,0.5748987854251012,5,5
across_learners,25km,RF_25km,XGB_25km,ssim_rank_21,TH50,0.6875315308570862,0.6514023542404175,0.697075366973877,5,5
across_learners,25km,RF_25km,XGB_25km,ssim_rank_21,TH51,0.8153125643730164,0.8098302483558655,0.8291153907775879,5,5
across_learners,25km,RF_25km,XGB_25km,ssim_rank_21,TH52,0.7745601534843445,0.7704964876174927,0.8059536218643188,5,5
across_learners,25km,RF_25km,XGB_25km,ssim_rank_21,TH53,0.7833432555198669,0.7787193655967712,0.8125422596931458,5,5
across_learners,25km,RF_25km,XGB_25km,ssim_rank_21,TH54,0.7922003269195557,0.7709688544273376,0.8166172504425049,5,5
across_learners,25km,RF_25km,XGB_25km,ssim_rank_21,TH55,0.6857350468635559,0.6731493473052979,0.7164192795753479,5,5
across_learners,25km,RF_25km,XGB_25km,ssim_rank_21,TH56,0.8142061233520508,0.8119038343429565,0.8352277278900146,5,5
across_learners,25km,RF_25km,XGB_25km,ssim_rank_21,TH57,0.8237882256507874,0.8192425966262817,0.8326280117034912,5,5
across_learners,25km,RF_25km,XGB_25km,ssim_rank_21,TH58,0.6092602014541626,0.5995208621025085,0.6238464117050171,5,5
across_learners,25km,RF_25km,XGB_25km,ssim_rank_7,TH50,0.5767095685005188,0.5253804326057434,0.5909430980682373,5,5
across_learners,25km,RF_25km,XGB_25km,ssim_rank_7,TH51,0.7082388401031494,0.6969496011734009,0.7219913601875305,5,5
across_learners,25km,RF_25km,XGB_25km,ssim_rank_7,TH52,0.6659805774688721,0.6494899988174438,0.6919893622398376,5,5
across_learners,25km,RF_25km,XGB_25km,ssim_rank_7,TH53,0.6542587280273438,0.6387040615081787,0.6892479658126831,5,5
across_learners,25km,RF_25km,XGB_25km,ssim_rank_7,TH54,0.6751948595046997,0.64851975440979,0.7036397457122803,5,5
across_learners,25km,RF_25km,XGB_25km,ssim_rank_7,TH55,0.5458518266677856,0.5282074213027954,0.5802857875823975,5,5
across_learners,25km,RF_25km,XGB_25km,ssim_rank_7,TH56,0.705742597579956,0.6920651197433472,0.7370011806488037,5,5
across_learners,25km,RF_25km,XGB_25km,ssim_rank_7,TH57,0.7283421158790588,0.7156566381454468,0.7431838512420654,5,5
across_learners,25km,RF_25km,XGB_25km,ssim_rank_7,TH58,0.45411840081214905,0.4327986240386963,0.492311954498291,5,5
across_learners,25km,RF_25km,XGB_25km,ssim_raw_21,TH50,0.6262190937995911,0.6102845072746277,0.6726723909378052,5,5
across_learners,25km,RF_25km,XGB_25km,ssim_raw_21,TH51,0.7150825262069702,0.6475738286972046,0.7587670087814331,5,5
across_learners,25km,RF_25km,XGB_25km,ssim_raw_21,TH52,0.7005788087844849,0.694133460521698,0.7257097363471985,5,5
across_learners,25km,RF_25km,XGB_25km,ssim_raw_21,TH53,0.6979532837867737,0.6534299850463867,0.71743243932724,5,5
across_learners,25km,RF_25km,XGB_25km,ssim_raw_21,TH54,0.5931849479675293,0.5545527338981628,0.61613529920578,5,5
across_learners,25km,RF_25km,XGB_25km,ssim_raw_21,TH55,0.6803269386291504,0.6443832516670227,0.7033632397651672,5,5
across_learners,25km,RF_25km,XGB_25km,ssim_raw_21,TH56,0.6465251445770264,0.624237596988678,0.7541256546974182,5,5
across_learners,25km,RF_25km,XGB_25km,ssim_raw_21,TH57,0.7882668972015381,0.7373051047325134,0.7963887453079224,5,5
across_learners,25km,RF_25km,XGB_25km,ssim_raw_21,TH58,0.6684037446975708,0.6620507836341858,0.7013580799102783,5,5
across_learners,25km,RF_25km,XGB_25km,ssim_raw_7,TH50,0.6789718270301819,0.66551673412323,0.7067721486091614,5,5
across_learners,25km,RF_25km,XGB_25km,ssim_raw_7,TH51,0.7049482464790344,0.650682270526886,0.7279962301254272,5,5
across_learners,25km,RF_25km,XGB_25km,ssim_raw_7,TH52,0.7034133672714233,0.6931515336036682,0.7254509329795837,5,5
across_learners,25km,RF_25km,XGB_25km,ssim_raw_7,TH53,0.6800894737243652,0.6678586602210999,0.7167364358901978,5,5
across_learners,25km,RF_25km,XGB_25km,ssim_raw_7,TH54,0.6389211416244507,0.6222888231277466,0.6582180261611938,5,5
across_learners,25km,RF_25km,XGB_25km,ssim_raw_7,TH55,0.7074675559997559,0.6940181255340576,0.726244330406189,5,5
across_learners,25km,RF_25km,XGB_25km,ssim_raw_7,TH56,0.6578744649887085,0.6418448686599731,0.7329891920089722,5,5
across_learners,25km,RF_25km,XGB_25km,ssim_raw_7,TH57,0.7042790651321411,0.6688786149024963,0.7285447716712952,5,5
across_learners,25km,RF_25km,XGB_25km,ssim_raw_7,TH58,0.7319920063018799,0.7189682722091675,0.748451292514801,5,5
across_learners,25km,XGB_25km,LR_25km,jaccard_top10,TH50,0.6699770817417876,0.6365576792471136,0.6837328598204597,5,5
across_learners,25km,XGB_25km,LR_25km,jaccard_top10,TH51,0.6917293233082706,0.6292244104060296,0.7253164556962025,5,5
across_learners,25km,XGB_25km,LR_25km,jaccard_top10,TH52,0.5635587568360677,0.5315569909837169,0.5918047761973118,5,5
across_learners,25km,XGB_25km,LR_25km,jaccard_top10,TH53,0.44375,0.4078908335805399,0.5533041676260649,5,5
across_learners,25km,XGB_25km,LR_25km,jaccard_top10,TH54,0.5561396920766053,0.46637211585665195,0.5785224061364553,5,5
across_learners,25km,XGB_25km,LR_25km,jaccard_top10,TH55,0.5935601458080194,0.5634028892455859,0.6071859903381642,5,5
across_learners,25km,XGB_25km,LR_25km,jaccard_top10,TH56,0.44348993288590605,0.409181141439206,0.46109443546525053,5,5
across_learners,25km,XGB_25km,LR_25km,jaccard_top10,TH57,0.6409623689080814,0.6385233010512374,0.6446459412780656,5,5
across_learners,25km,XGB_25km,LR_25km,jaccard_top10,TH58,0.3055303717135086,0.2557280118255728,0.36885245901639346,5,5
across_learners,25km,XGB_25km,LR_25km,ssim_rank_21,TH50,0.5287110805511475,0.5178695321083069,0.5432912707328796,5,5
across_learners,25km,XGB_25km,LR_25km,ssim_rank_21,TH51,0.7504711151123047,0.7395914793014526,0.7665460705757141,5,5
across_learners,25km,XGB_25km,LR_25km,ssim_rank_21,TH52,0.6936712861061096,0.6849944591522217,0.7263221740722656,5,5
across_learners,25km,XGB_25km,LR_25km,ssim_rank_21,TH53,0.701767086982727,0.6959565281867981,0.7511336803436279,5,5
across_learners,25km,XGB_25km,LR_25km,ssim_rank_21,TH54,0.682567298412323,0.6679093241691589,0.7025558948516846,5,5
across_learners,25km,XGB_25km,LR_25km,ssim_rank_21,TH55,0.5565685629844666,0.5393801331520081,0.5724388360977173,5,5
across_learners,25km,XGB_25km,LR_25km,ssim_rank_21,TH56,0.7472237348556519,0.7169158458709717,0.747541069984436,5,5
across_learners,25km,XGB_25km,LR_25km,ssim_rank_21,TH57,0.6679626703262329,0.6612480878829956,0.6914319396018982,5,5
across_learners,25km,XGB_25km,LR_25km,ssim_rank_21,TH58,0.3122933506965637,0.29758691787719727,0.3256332576274872,5,5
across_learners,25km,XGB_25km,LR_25km,ssim_rank_7,TH50,0.3509786128997803,0.33760932087898254,0.3594190776348114,5,5
across_learners,25km,XGB_25km,LR_25km,ssim_rank_7,TH51,0.5813006162643433,0.5645342469215393,0.5991895794868469,5,5
across_learners,25km,XGB_25km,LR_25km,ssim_rank_7,TH52,0.5233974456787109,0.5038830637931824,0.5521321892738342,5,5
across_learners,25km,XGB_25km,LR_25km,ssim_rank_7,TH53,0.5245643854141235,0.5069741010665894,0.5654403567314148,5,5
across_learners,25km,XGB_25km,LR_25km,ssim_rank_7,TH54,0.5083697438240051,0.48708757758140564,0.5205404162406921,5,5
across_learners,25km,XGB_25km,LR_25km,ssim_rank_7,TH55,0.34561026096343994,0.3402123749256134,0.35022860765457153,5,5
across_learners,25km,XGB_25km,LR_25km,ssim_rank_7,TH56,0.580710768699646,0.5516610741615295,0.5863232612609863,5,5
across_learners,25km,XGB_25km,LR_25km,ssim_rank_7,TH57,0.540536642074585,0.5388768315315247,0.5499052405357361,5,5
across_learners,25km,XGB_25km,LR_25km,ssim_rank_7,TH58,0.10848226398229599,0.09084545820951462,0.11172933131456375,5,5
across_learners,25km,XGB_25km,LR_25km,ssim_raw_21,TH50,0.580113410949707,0.55513596534729,0.6085283756256104,5,5
across_learners,25km,XGB_25km,LR_25km,ssim_raw_21,TH51,0.5648490190505981,0.5029672384262085,0.6123549938201904,5,5
across_learners,25km,XGB_25km,LR_25km,ssim_raw_21,TH52,0.6162402629852295,0.5969409346580505,0.6366183757781982,5,5
across_learners,25km,XGB_25km,LR_25km,ssim_raw_21,TH53,0.6650331616401672,0.6387383937835693,0.6870879530906677,5,5
across_learners,25km,XGB_25km,LR_25km,ssim_raw_21,TH54,0.6208438277244568,0.5974249243736267,0.6344566941261292,5,5
across_learners,25km,XGB_25km,LR_25km,ssim_raw_21,TH55,0.6514326333999634,0.6245986223220825,0.66239333152771,5,5
across_learners,25km,XGB_25km,LR_25km,ssim_raw_21,TH56,0.5103901624679565,0.5042574405670166,0.5860639810562134,5,5
across_learners,25km,XGB_25km,LR_25km,ssim_raw_21,TH57,0.7335525155067444,0.7195501923561096,0.7656614184379578,5,5
across_learners,25km,XGB_25km,LR_25km,ssim_raw_21,TH58,0.6390805244445801,0.6189581751823425,0.651181161403656,5,5
across_learners,25km,XGB_25km,LR_25km,ssim_raw_7,TH50,0.6063879728317261,0.5734172463417053,0.6183938980102539,5,5
across_learners,25km,XGB_25km,LR_25km,ssim_raw_7,TH51,0.5387516021728516,0.49251237511634827,0.5496618747711182,5,5
across_learners,25km,XGB_25km,LR_25km,ssim_raw_7,TH52,0.6119723320007324,0.5822012424468994,0.622317373752594,5,5
across_learners,25km,XGB_25km,LR_25km,ssim_raw_7,TH53,0.6099855899810791,0.5929892659187317,0.6296641230583191,5,5
across_learners,25km,XGB_25km,LR_25km,ssim_raw_7,TH54,0.6148370504379272,0.5873046517372131,0.6323975324630737,5,5
across_learners,25km,XGB_25km,LR_25km,ssim_raw_7,TH55,0.6812525987625122,0.6682522892951965,0.6930319666862488,5,5
across_learners,25km,XGB_25km,LR_25km,ssim_raw_7,TH56,0.5138562917709351,0.5082228183746338,0.5494458675384521,5,5
across_learners,25km,XGB_25km,LR_25km,ssim_raw_7,TH57,0.6515122056007385,0.6442999243736267,0.6726809144020081,5,5
across_learners,25km,XGB_25km,LR_25km,ssim_raw_7,TH58,0.7245529890060425,0.6955268383026123,0.7425903081893921,5,5
across_learners,5km,RF_5km,LR_5km,jaccard_top10,TH50,0.5539676903958815,0.5056515957446809,0.5662196511525989,5,5
across_learners,5km,RF_5km,LR_5km,jaccard_top10,TH51,0.5501027162748231,0.5289203084832905,0.5730994152046783,5,5
across_learners,5km,RF_5km,LR_5km,jaccard_top10,TH52,0.4524816381037169,0.4134942402633022,0.47362044278004184,5,5
across_learners,5km,RF_5km,LR_5km,jaccard_top10,TH53,0.45131916880691103,0.4210768522779567,0.4679253867151956,5,5
across_learners,5km,RF_5km,LR_5km,jaccard_top10,TH54,0.4538021259198692,0.36838288614938364,0.47428347074990185,5,5
across_learners,5km,RF_5km,LR_5km,jaccard_top10,TH55,0.48663729809104256,0.4672872340425532,0.5057537399309551,5,5
across_learners,5km,RF_5km,LR_5km,jaccard_top10,TH56,0.42334998685248487,0.38831908831908835,0.4459729864932466,5,5
across_learners,5km,RF_5km,LR_5km,jaccard_top10,TH57,0.5598857376045705,0.5234334407149538,0.5823237338629593,5,5
across_learners,5km,RF_5km,LR_5km,jaccard_top10,TH58,0.285,0.2410575427682737,0.2954223690420009,5,5
across_learners,5km,RF_5km,LR_5km,ssim_rank_21,TH50,0.1803966611623764,0.16385097801685333,0.19223417341709137,5,5
across_learners,5km,RF_5km,LR_5km,ssim_rank_21,TH51,0.5035229325294495,0.4892602562904358,0.5178905129432678,5,5
across_learners,5km,RF_5km,LR_5km,ssim_rank_21,TH52,0.322465181350708,0.313864141702652,0.3407309949398041,5,5
across_learners,5km,RF_5km,LR_5km,ssim_rank_21,TH53,0.4236922562122345,0.40366560220718384,0.4323241114616394,5,5
across_learners,5km,RF_5km,LR_5km,ssim_rank_21,TH54,0.29872897267341614,0.2803492546081543,0.3128584325313568,5,5
across_learners,5km,RF_5km,LR_5km,ssim_rank_21,TH55,0.1874367743730545,0.17952130734920502,0.18884055316448212,5,5
across_learners,5km,RF_5km,LR_5km,ssim_rank_21,TH56,0.31443649530410767,0.3006604015827179,0.32439175248146057,5,5
across_learners,5km,RF_5km,LR_5km,ssim_rank_21,TH57,0.41741710901260376,0.4023226201534271,0.43085309863090515,5,5
across_learners,5km,RF_5km,LR_5km,ssim_rank_21,TH58,-0.010373516008257866,-0.03994077444076538,0.010923505760729313,5,5
across_learners,5km,RF_5km,LR_5km,ssim_rank_7,TH50,0.13419441878795624,0.13354413211345673,0.14558371901512146,5,5
across_learners,5km,RF_5km,LR_5km,ssim_rank_7,TH51,0.3353079557418823,0.33029282093048096,0.36330464482307434,5,5
across_learners,5km,RF_5km,LR_5km,ssim_rank_7,TH52,0.25417134165763855,0.2484884262084961,0.2676990032196045,5,5
across_learners,5km,RF_5km,LR_5km,ssim_rank_7,TH53,0.2564048767089844,0.2313275933265686,0.2666760981082916,5,5
across_learners,5km,RF_5km,LR_5km,ssim_rank_7,TH54,0.19994644820690155,0.19030804932117462,0.22136010229587555,5,5
across_learners,5km,RF_5km,LR_5km,ssim_rank_7,TH55,0.08908483386039734,0.08364387601613998,0.09571599960327148,5,5
across_learners,5km,RF_5km,LR_5km,ssim_rank_7,TH56,0.23669853806495667,0.22008825838565826,0.24280525743961334,5,5
across_learners,5km,RF_5km,LR_5km,ssim_rank_7,TH57,0.32725757360458374,0.30891385674476624,0.34611156582832336,5,5
across_learners,5km,RF_5km,LR_5km,ssim_rank_7,TH58,-0.04662330448627472,-0.06893005222082138,-0.04421580582857132,5,5
across_learners,5km,RF_5km,LR_5km,ssim_raw_21,TH50,0.3918984830379486,0.38861268758773804,0.4095999598503113,5,5
across_learners,5km,RF_5km,LR_5km,ssim_raw_21,TH51,0.609423041343689,0.5963770151138306,0.6199641823768616,5,5
across_learners,5km,RF_5km,LR_5km,ssim_raw_21,TH52,0.4831499457359314,0.4754362106323242,0.48741868138313293,5,5
across_learners,5km,RF_5km,LR_5km,ssim_raw_21,TH53,0.6156082153320312,0.6004065871238708,0.6264577507972717,5,5
across_learners,5km,RF_5km,LR_5km,ssim_raw_21,TH54,0.5353441834449768,0.5256994366645813,0.5427847504615784,5,5
across_learners,5km,RF_5km,LR_5km,ssim_raw_21,TH55,0.4283694922924042,0.42191094160079956,0.44020211696624756,5,5
across_learners,5km,RF_5km,LR_5km,ssim_raw_21,TH56,0.5542624592781067,0.5427109003067017,0.5704872608184814,5,5
across_learners,5km,RF_5km,LR_5km,ssim_raw_21,TH57,0.6088278889656067,0.5902841687202454,0.6259514093399048,5,5
across_learners,5km,RF_5km,LR_5km,ssim_raw_21,TH58,0.23867659270763397,0.23252075910568237,0.24844586849212646,5,5
across_learners,5km,RF_5km,LR_5km,ssim_raw_7,TH50,0.34844744205474854,0.3315594494342804,0.3580917716026306,5,5
across_learners,5km,RF_5km,LR_5km,ssim_raw_7,TH51,0.49467405676841736,0.4908352196216583,0.5093593001365662,5,5
across_learners,5km,RF_5km,LR_5km,ssim_raw_7,TH52,0.4197825789451599,0.40782421827316284,0.4257890582084656,5,5
across_learners,5km,RF_5km,LR_5km,ssim_raw_7,TH53,0.5081281661987305,0.4995462894439697,0.5237500071525574,5,5
across_learners,5km,RF_5km,LR_5km,ssim_raw_7,TH54,0.4818720519542694,0.4796716868877411,0.4981149733066559,5,5
across_learners,5km,RF_5km,LR_5km,ssim_raw_7,TH55,0.3550065755844116,0.33722153306007385,0.3647960424423218,5,5
across_learners,5km,RF_5km,LR_5km,ssim_raw_7,TH56,0.48737162351608276,0.4641362428665161,0.5036023259162903,5,5
across_learners,5km,RF_5km,LR_5km,ssim_raw_7,TH57,0.5254843831062317,0.5061145424842834,0.5406744480133057,5,5
across_learners,5km,RF_5km,LR_5km,ssim_raw_7,TH58,0.20646509528160095,0.19764387607574463,0.2115461677312851,5,5
across_learners,5km,RF_5km,XGB_5km,jaccard_top10,TH50,0.6166743014200642,0.6137532133676092,0.650064090825856,5,5
across_learners,5km,RF_5km,XGB_5km,jaccard_top10,TH51,0.6558018252933507,0.6528264132066033,0.6768546818560711,5,5
across_learners,5km,RF_5km,XGB_5km,jaccard_top10,TH52,0.6381554011370815,0.6125341954737628,0.6566582914572864,5,5
across_learners,5km,RF_5km,XGB_5km,jaccard_top10,TH53,0.5203452527743526,0.484815851819944,0.5521207764198418,5,5
across_learners,5km,RF_5km,XGB_5km,jaccard_top10,TH54,0.4995353159851301,0.43961708394698085,0.5340333091962346,5,5
across_learners,5km,RF_5km,XGB_5km,jaccard_top10,TH55,0.5772525849335303,0.5083561227590399,0.5953461975028377,5,5
across_learners,5km,RF_5km,XGB_5km,jaccard_top10,TH56,0.5198428290766208,0.4723544489198096,0.5590081607030759,5,5
across_learners,5km,RF_5km,XGB_5km,jaccard_top10,TH57,0.6159593830826707,0.5796735503652268,0.6333089177806263,5,5
across_learners,5km,RF_5km,XGB_5km,jaccard_top10,TH58,0.48737201365187716,0.44081632653061226,0.5431182181610509,5,5
across_learners,5km,RF_5km,XGB_5km,ssim_rank_21,TH50,0.7009557485580444,0.6275696158409119,0.7107284665107727,5,5
across_learners,5km,RF_5km,XGB_5km,ssim_rank_21,TH51,0.7663088440895081,0.7601292729377747,0.8001460433006287,5,5
across_learners,5km,RF_5km,XGB_5km,ssim_rank_21,TH52,0.7096332907676697,0.6942468285560608,0.7306560277938843,5,5
across_learners,5km,RF_5km,XGB_5km,ssim_rank_21,TH53,0.7483981847763062,0.7459048628807068,0.7650500535964966,5,5
across_learners,5km,RF_5km,XGB_5km,ssim_rank_21,TH54,0.7304532527923584,0.717327356338501,0.7444764375686646,5,5
across_learners,5km,RF_5km,XGB_5km,ssim_rank_21,TH55,0.6534566879272461,0.6175192594528198,0.664074182510376,5,5
across_learners,5km,RF_5km,XGB_5km,ssim_rank_21,TH56,0.743125319480896,0.7131374478340149,0.7656964063644409,5,5
across_learners,5km,RF_5km,XGB_5km,ssim_rank_21,TH57,0.7915129065513611,0.7580023407936096,0.81510329246521,5,5
across_learners,5km,RF_5km,XGB_5km,ssim_rank_21,TH58,0.642406702041626,0.592596709728241,0.6757230758666992,5,5
across_learners,5km,RF_5km,XGB_5km,ssim_rank_7,TH50,0.6119145750999451,0.5408470630645752,0.618421733379364,5,5
across_learners,5km,RF_5km,XGB_5km,ssim_rank_7,TH51,0.6540395617485046,0.6401488184928894,0.6973916888237,5,5
across_learners,5km,RF_5km,XGB_5km,ssim_rank_7,TH52,0.6070001721382141,0.5849171280860901,0.640646755695343,5,5
across_learners,5km,RF_5km,XGB_5km,ssim_rank_7,TH53,0.6048354506492615,0.5956231355667114,0.6111336946487427,5,5
across_learners,5km,RF_5km,XGB_5km,ssim_rank_7,TH54,0.6099178194999695,0.6018012762069702,0.6358180046081543,5,5
across_learners,5km,RF_5km,XGB_5km,ssim_rank_7,TH55,0.5202165246009827,0.49608930945396423,0.5420535206794739,5,5
across_learners,5km,RF_5km,XGB_5km,ssim_rank_7,TH56,0.6042529344558716,0.5806196928024292,0.653054416179657,5,5
across_learners,5km,RF_5km,XGB_5km,ssim_rank_7,TH57,0.6628692150115967,0.6174803376197815,0.6760755181312561,5,5
across_learners,5km,RF_5km,XGB_5km,ssim_rank_7,TH58,0.5329353213310242,0.47989070415496826,0.5624232292175293,5,5
across_learners,5km,RF_5km,XGB_5km,ssim_raw_21,TH50,0.5486642122268677,0.5060608983039856,0.5836459994316101,5,5
across_learners,5km,RF_5km,XGB_5km,ssim_raw_21,TH51,0.6821805238723755,0.665721595287323,0.7203022241592407,5,5
across_learners,5km,RF_5km,XGB_5km,ssim_raw_21,TH52,0.6138856410980225,0.597824215888977,0.6502445936203003,5,5
across_learners,5km,RF_5km,XGB_5km,ssim_raw_21,TH53,0.6634533405303955,0.5887708067893982,0.68308025598526,5,5
across_learners,5km,RF_5km,XGB_5km,ssim_raw_21,TH54,0.5425830483436584,0.4769516885280609,0.5634846687316895,5,5
across_learners,5km,RF_5km,XGB_5km,ssim_raw_21,TH55,0.5566114783287048,0.5155813097953796,0.5868314504623413,5,5
across_learners,5km,RF_5km,XGB_5km,ssim_raw_21,TH56,0.5677728056907654,0.5262075662612915,0.6076022982597351,5,5
across_learners,5km,RF_5km,XGB_5km,ssim_raw_21,TH57,0.7266549468040466,0.7250546216964722,0.7534406781196594,5,5
across_learners,5km,RF_5km,XGB_5km,ssim_raw_21,TH58,0.49892857670783997,0.39873337745666504,0.5182338356971741,5,5
across_learners,5km,RF_5km,XGB_5km,ssim_raw_7,TH50,0.539578378200531,0.5101506114006042,0.5840221047401428,5,5
across_learners,5km,RF_5km,XGB_5km,ssim_raw_7,TH51,0.6576479077339172,0.63719642162323,0.6872886419296265,5,5
across_learners,5km,RF_5km,XGB_5km,ssim_raw_7,TH52,0.6011050343513489,0.5957675576210022,0.6426602602005005,5,5
across_learners,5km,RF_5km,XGB_5km,ssim_raw_7,TH53,0.659304141998291,0.6060201525688171,0.6746659874916077,5,5
across_learners,5km,RF_5km,XGB_5km,ssim_raw_7,TH54,0.5714471936225891,0.5224964022636414,0.6018928289413452,5,5
across_learners,5km,RF_5km,XGB_5km,ssim_raw_7,TH55,0.5576377511024475,0.5224677920341492,0.5821634531021118,5,5
across_learners,5km,RF_5km,XGB_5km,ssim_raw_7,TH56,0.584643542766571,0.5613112449645996,0.6397680640220642,5,5
across_learners,5km,RF_5km,XGB_5km,ssim_raw_7,TH57,0.6857825517654419,0.6675171852111816,0.7165899276733398,5,5
across_learners,5km,RF_5km,XGB_5km,ssim_raw_7,TH58,0.5002335906028748,0.42017796635627747,0.5359928607940674,5,5
across_learners,5km,XGB_5km,LR_5km,jaccard_top10,TH50,0.5211699395144586,0.4933624736927311,0.5457472043375127,5,5
across_learners,5km,XGB_5km,LR_5km,jaccard_top10,TH51,0.5763709108025418,0.5450801907238838,0.5988584474885845,5,5
across_learners,5km,XGB_5km,LR_5km,jaccard_top10,TH52,0.4409448818897638,0.43225524475524474,0.458740208176843,5,5
across_learners,5km,XGB_5km,LR_5km,jaccard_top10,TH53,0.37884378843788435,0.3356882894455149,0.3923928743379875,5,5
across_learners,5km,XGB_5km,LR_5km,jaccard_top10,TH54,0.41810344827586204,0.3687763713080169,0.44608256107834876,5,5
across_learners,5km,XGB_5km,LR_5km,jaccard_top10,TH55,0.4804615788093365,0.41656210790464243,0.5252637423653526,5,5
across_learners,5km,XGB_5km,LR_5km,jaccard_top10,TH56,0.3904639175257732,0.34506412168207573,0.46285393888421644,5,5
across_learners,5km,XGB_5km,LR_5km,jaccard_top10,TH57,0.5464756003098373,0.49828952106589847,0.5562422744128553,5,5
across_learners,5km,XGB_5km,LR_5km,jaccard_top10,TH58,0.264472190692395,0.24477958236658934,0.2825994014536127,5,5
across_learners,5km,XGB_5km,LR_5km,ssim_rank_21,TH50,0.2629104256629944,0.25394999980926514,0.28982317447662354,5,5
across_learners,5km,XGB_5km,LR_5km,ssim_rank_21,TH51,0.5607669353485107,0.5542300939559937,0.5941998958587646,5,5
across_learners,5km,XGB_5km,LR_5km,ssim_rank_21,TH52,0.45812875032424927,0.4438704550266266,0.4914039969444275,5,5
across_learners,5km,XGB_5km,LR_5km,ssim_rank_21,TH53,0.4718783497810364,0.4504638910293579,0.49638354778289795,5,5
across_learners,5km,XGB_5km,LR_5km,ssim_rank_21,TH54,0.4113982319831848,0.3663850724697113,0.43482765555381775,5,5
across_learners,5km,XGB_5km,LR_5km,ssim_rank_21,TH55,0.29036447405815125,0.2656891942024231,0.3210453689098358,5,5
across_learners,5km,XGB_5km,LR_5km,ssim_rank_21,TH56,0.4919704496860504,0.48507827520370483,0.5288370251655579,5,5
across_learners,5km,XGB_5km,LR_5km,ssim_rank_21,TH57,0.4919109344482422,0.47838160395622253,0.5267729163169861,5,5
across_learners,5km,XGB_5km,LR_5km,ssim_rank_21,TH58,0.06643673777580261,0.014022993855178356,0.10406168550252914,5,5
across_learners,5km,XGB_5km,LR_5km,ssim_rank_7,TH50,0.18575438857078552,0.16181381046772003,0.1995488852262497,5,5
across_learners,5km,XGB_5km,LR_5km,ssim_rank_7,TH51,0.39473074674606323,0.3878241181373596,0.40961411595344543,5,5
across_learners,5km,XGB_5km,LR_5km,ssim_rank_7,TH52,0.34752416610717773,0.3265482783317566,0.3696496784687042,5,5
across_learners,5km,XGB_5km,LR_5km,ssim_rank_7,TH53,0.3330092430114746,0.3075542747974396,0.34073901176452637,5,5
across_learners,5km,XGB_5km,LR_5km,ssim_rank_7,TH54,0.3059479892253876,0.2623787820339203,0.32180213928222656,5,5
across_learners,5km,XGB_5km,LR_5km,ssim_rank_7,TH55,0.15366311371326447,0.1372579038143158,0.2104877531528473,5,5
across_learners,5km,XGB_5km,LR_5km,ssim_rank_7,TH56,0.3862956464290619,0.3670941889286041,0.3911178410053253,5,5
across_learners,5km,XGB_5km,LR_5km,ssim_rank_7,TH57,0.40485426783561707,0.3971930146217346,0.41483286023139954,5,5
across_learners,5km,XGB_5km,LR_5km,ssim_rank_7,TH58,-0.012531164102256298,-0.04034639522433281,0.017529401928186417,5,5
across_learners,5km,XGB_5km,LR_5km,ssim_raw_21,TH50,0.4611878991127014,0.41699326038360596,0.4815993309020996,5,5
across_learners,5km,XGB_5km,LR_5km,ssim_raw_21,TH51,0.5021854639053345,0.46713489294052124,0.5395950675010681,5,5
across_learners,5km,XGB_5km,LR_5km,ssim_raw_21,TH52,0.5366426706314087,0.5087383389472961,0.5487697720527649,5,5
across_learners,5km,XGB_5km,LR_5km,ssim_raw_21,TH53,0.6002544164657593,0.5914357900619507,0.6223401427268982,5,5
across_learners,5km,XGB_5km,LR_5km,ssim_raw_21,TH54,0.5742784738540649,0.5529289841651917,0.6011971235275269,5,5
across_learners,5km,XGB_5km,LR_5km,ssim_raw_21,TH55,0.5699278712272644,0.48308703303337097,0.5702945590019226,5,5
across_learners,5km,XGB_5km,LR_5km,ssim_raw_21,TH56,0.5114433765411377,0.49219220876693726,0.5429781079292297,5,5
across_learners,5km,XGB_5km,LR_5km,ssim_raw_21,TH57,0.6316531300544739,0.6126343607902527,0.668726921081543,5,5
across_learners,5km,XGB_5km,LR_5km,ssim_raw_21,TH58,0.35659128427505493,0.3339531123638153,0.42687156796455383,5,5
across_learners,5km,XGB_5km,LR_5km,ssim_raw_7,TH50,0.47609344124794006,0.43884003162384033,0.4885490834712982,5,5
across_learners,5km,XGB_5km,LR_5km,ssim_raw_7,TH51,0.4965868592262268,0.46785855293273926,0.5126771330833435,5,5
across_learners,5km,XGB_5km,LR_5km,ssim_raw_7,TH52,0.5297761559486389,0.5134932398796082,0.5521743297576904,5,5
across_learners,5km,XGB_5km,LR_5km,ssim_raw_7,TH53,0.5486223697662354,0.5239148736000061,0.5590894818305969,5,5
across_learners,5km,XGB_5km,LR_5km,ssim_raw_7,TH54,0.5643723011016846,0.563444197177887,0.5899426937103271,5,5
across_learners,5km,XGB_5km,LR_5km,ssim_raw_7,TH55,0.5613153576850891,0.5037656426429749,0.5769761204719543,5,5
across_learners,5km,XGB_5km,LR_5km,ssim_raw_7,TH56,0.5195229649543762,0.48271605372428894,0.5327480435371399,5,5
across_learners,5km,XGB_5km,LR_5km,ssim_raw_7,TH57,0.5761321783065796,0.5574703812599182,0.610468864440918,5,5
across_learners,5km,XGB_5km,LR_5km,ssim_raw_7,TH58,0.4210182726383209,0.36651304364204407,0.4759429693222046,5,5
across_learners,Rinf,RF_Rinf,LR_Rinf,jaccard_top10,TH50,0.7501564129301356,0.7374233128834355,0.7643733333333333,5,5
across_learners,Rinf,RF_Rinf,LR_Rinf,jaccard_top10,TH51,0.7320030310684517,0.6816227834497582,0.7755047106325706,5,5
across_learners,Rinf,RF_Rinf,LR_Rinf,jaccard_top10,TH52,0.6235853011038145,0.5838229266293209,0.6409232134931203,5,5
across_learners,Rinf,RF_Rinf,LR_Rinf,jaccard_top10,TH53,0.6046040981533013,0.5518314579841992,0.6206306526521633,5,5
across_learners,Rinf,RF_Rinf,LR_Rinf,jaccard_top10,TH54,0.5900684931506849,0.5833333333333334,0.6451493913684987,5,5
across_learners,Rinf,RF_Rinf,LR_Rinf,jaccard_top10,TH55,0.6675453047775948,0.6277173913043478,0.6793650793650794,5,5
across_learners,Rinf,RF_Rinf,LR_Rinf,jaccard_top10,TH56,0.5789005119074115,0.5126179504059688,0.5885780885780886,5,5
across_learners,Rinf,RF_Rinf,LR_Rinf,jaccard_top10,TH57,0.7189156312451125,0.6813452248234857,0.728492048285112,5,5
across_learners,Rinf,RF_Rinf,LR_Rinf,jaccard_top10,TH58,0.45310015898251194,0.37134778510838834,0.46713147410358563,5,5
across_learners,Rinf,RF_Rinf,LR_Rinf,ssim_rank_21,TH50,0.45739033818244934,0.44949036836624146,0.47503238916397095,5,5
across_learners,Rinf,RF_Rinf,LR_Rinf,ssim_rank_21,TH51,0.7349412441253662,0.7299173474311829,0.7415685653686523,5,5
across_learners,Rinf,RF_Rinf,LR_Rinf,ssim_rank_21,TH52,0.6248835921287537,0.6228263974189758,0.6328128576278687,5,5
across_learners,Rinf,RF_Rinf,LR_Rinf,ssim_rank_21,TH53,0.7001766562461853,0.6874162554740906,0.7114154696464539,5,5
across_learners,Rinf,RF_Rinf,LR_Rinf,ssim_rank_21,TH54,0.6350392699241638,0.632150411605835,0.6416614055633545,5,5
across_learners,Rinf,RF_Rinf,LR_Rinf,ssim_rank_21,TH55,0.4668363928794861,0.4568997621536255,0.4718720614910126,5,5
across_learners,Rinf,RF_Rinf,LR_Rinf,ssim_rank_21,TH56,0.6491215825080872,0.6351551413536072,0.6561576128005981,5,5
across_learners,Rinf,RF_Rinf,LR_Rinf,ssim_rank_21,TH57,0.6451964974403381,0.637208104133606,0.6540564894676208,5,5
across_learners,Rinf,RF_Rinf,LR_Rinf,ssim_rank_21,TH58,0.29134631156921387,0.28752145171165466,0.2967117428779602,5,5
across_learners,Rinf,RF_Rinf,LR_Rinf,ssim_rank_7,TH50,0.31816092133522034,0.3063271939754486,0.3189481496810913,5,5
across_learners,Rinf,RF_Rinf,LR_Rinf,ssim_rank_7,TH51,0.5564372539520264,0.5455411076545715,0.5605483651161194,5,5
across_learners,Rinf,RF_Rinf,LR_Rinf,ssim_rank_7,TH52,0.4695053696632385,0.4635120630264282,0.47462353110313416,5,5
across_learners,Rinf,RF_Rinf,LR_Rinf,ssim_rank_7,TH53,0.5094415545463562,0.49020951986312866,0.5149166584014893,5,5
across_learners,Rinf,RF_Rinf,LR_Rinf,ssim_rank_7,TH54,0.4525071382522583,0.4420233964920044,0.45855334401130676,5,5
across_learners,Rinf,RF_Rinf,LR_Rinf,ssim_rank_7,TH55,0.2824385166168213,0.27862629294395447,0.29382166266441345,5,5
across_learners,Rinf,RF_Rinf,LR_Rinf,ssim_rank_7,TH56,0.5127869844436646,0.5006071925163269,0.5215456485748291,5,5
across_learners,Rinf,RF_Rinf,LR_Rinf,ssim_rank_7,TH57,0.5282925367355347,0.5268303751945496,0.5419463515281677,5,5
across_learners,Rinf,RF_Rinf,LR_Rinf,ssim_rank_7,TH58,0.12874194979667664,0.12451239675283432,0.13439548015594482,5,5
across_learners,Rinf,RF_Rinf,LR_Rinf,ssim_raw_21,TH50,0.6266887187957764,0.6132672429084778,0.6503636240959167,5,5
across_learners,Rinf,RF_Rinf,LR_Rinf,ssim_raw_21,TH51,0.7207590937614441,0.7054293155670166,0.7225927114486694,5,5
across_learners,Rinf,RF_Rinf,LR_Rinf,ssim_raw_21,TH52,0.709614098072052,0.7004601359367371,0.7217922210693359,5,5
across_learners,Rinf,RF_Rinf,LR_Rinf,ssim_raw_21,TH53,0.7683192491531372,0.7445857524871826,0.7724432349205017,5,5
across_learners,Rinf,RF_Rinf,LR_Rinf,ssim_raw_21,TH54,0.7083238363265991,0.6986932754516602,0.7220504283905029,5,5
across_learners,Rinf,RF_Rinf,LR_Rinf,ssim_raw_21,TH55,0.652168333530426,0.647542417049408,0.6623920798301697,5,5
across_learners,Rinf,RF_Rinf,LR_Rinf,ssim_raw_21,TH56,0.7285209894180298,0.7206670641899109,0.7405166029930115,5,5
across_learners,Rinf,RF_Rinf,LR_Rinf,ssim_raw_21,TH57,0.7310006618499756,0.7286891937255859,0.7463472485542297,5,5
across_learners,Rinf,RF_Rinf,LR_Rinf,ssim_raw_21,TH58,0.6051390171051025,0.5946255922317505,0.6420367956161499,5,5
across_learners,Rinf,RF_Rinf,LR_Rinf,ssim_raw_7,TH50,0.6159325242042542,0.596444308757782,0.6365379691123962,5,5
across_learners,Rinf,RF_Rinf,LR_Rinf,ssim_raw_7,TH51,0.644239068031311,0.6262744665145874,0.645923376083374,5,5
across_learners,Rinf,RF_Rinf,LR_Rinf,ssim_raw_7,TH52,0.6454874277114868,0.6363369822502136,0.6656268835067749,5,5
across_learners,Rinf,RF_Rinf,LR_Rinf,ssim_raw_7,TH53,0.6785045862197876,0.6713199019432068,0.6823457479476929,5,5
across_learners,Rinf,RF_Rinf,LR_Rinf,ssim_raw_7,TH54,0.6741121411323547,0.6577966213226318,0.6879079937934875,5,5
across_learners,Rinf,RF_Rinf,LR_Rinf,ssim_raw_7,TH55,0.63930344581604,0.6334198117256165,0.6448453068733215,5,5
across_learners,Rinf,RF_Rinf,LR_Rinf,ssim_raw_7,TH56,0.6525218486785889,0.6440901756286621,0.6695444583892822,5,5
across_learners,Rinf,RF_Rinf,LR_Rinf,ssim_raw_7,TH57,0.6437006592750549,0.6341192722320557,0.647628128528595,5,5
across_learners,Rinf,RF_Rinf,LR_Rinf,ssim_raw_7,TH58,0.6437562108039856,0.6383596062660217,0.6694567799568176,5,5
across_learners,Rinf,RF_Rinf,XGB_Rinf,jaccard_top10,TH50,0.7376361274852633,0.6939851911958617,0.7656198347107438,5,5
across_learners,Rinf,RF_Rinf,XGB_Rinf,jaccard_top10,TH51,0.7665260196905767,0.7194656488549618,0.7863225119744545,5,5
across_learners,Rinf,RF_Rinf,XGB_Rinf,jaccard_top10,TH52,0.7183458860309792,0.6777996070726916,0.7527593818984547,5,5
across_learners,Rinf,RF_Rinf,XGB_Rinf,jaccard_top10,TH53,0.5945256321039202,0.537995761429004,0.7027643925944712,5,5
across_learners,Rinf,RF_Rinf,XGB_Rinf,jaccard_top10,TH54,0.6522655426765016,0.55819592628516,0.6691644810790558,5,5
across_learners,Rinf,RF_Rinf,XGB_Rinf,jaccard_top10,TH55,0.6501248439450686,0.5938553765455227,0.6896660365469439,5,5
across_learners,Rinf,RF_Rinf,XGB_Rinf,jaccard_top10,TH56,0.5723938223938224,0.5091190108191653,0.6094327990135635,5,5
across_learners,Rinf,RF_Rinf,XGB_Rinf,jaccard_top10,TH57,0.7113335782512858,0.6800801165331392,0.7723162324290447,5,5
across_learners,Rinf,RF_Rinf,XGB_Rinf,jaccard_top10,TH58,0.5194690265486726,0.4166666666666667,0.5518207282913166,5,5
across_learners,Rinf,RF_Rinf,XGB_Rinf,ssim_rank_21,TH50,0.6938768625259399,0.6834333539009094,0.7171770334243774,5,5
across_learners,Rinf,RF_Rinf,XGB_Rinf,ssim_rank_21,TH51,0.8166292905807495,0.8111218810081482,0.8491560220718384,5,5
across_learners,Rinf,RF_Rinf,XGB_Rinf,ssim_rank_21,TH52,0.7813190221786499,0.7648562788963318,0.8137570023536682,5,5
across_learners,Rinf,RF_Rinf,XGB_Rinf,ssim_rank_21,TH53,0.7871687412261963,0.7752594947814941,0.8246542811393738,5,5
across_learners,Rinf,RF_Rinf,XGB_Rinf,ssim_rank_21,TH54,0.7870573401451111,0.7758331298828125,0.8338911533355713,5,5
across_learners,Rinf,RF_Rinf,XGB_Rinf,ssim_rank_21,TH55,0.7113866806030273,0.6650539040565491,0.7349955439567566,5,5
across_learners,Rinf,RF_Rinf,XGB_Rinf,ssim_rank_21,TH56,0.8322187066078186,0.7830272316932678,0.8335617184638977,5,5
across_learners,Rinf,RF_Rinf,XGB_Rinf,ssim_rank_21,TH57,0.8382666707038879,0.8089507222175598,0.8420886993408203,5,5
across_learners,Rinf,RF_Rinf,XGB_Rinf,ssim_rank_21,TH58,0.6288737058639526,0.591866672039032,0.6515278220176697,5,5
across_learners,Rinf,RF_Rinf,XGB_Rinf,ssim_rank_7,TH50,0.5826536417007446,0.5718592405319214,0.6130224466323853,5,5
across_learners,Rinf,RF_Rinf,XGB_Rinf,ssim_rank_7,TH51,0.7111809253692627,0.697684109210968,0.757902204990387,5,5
across_learners,Rinf,RF_Rinf,XGB_Rinf,ssim_rank_7,TH52,0.6665385365486145,0.6516705751419067,0.7120905518531799,5,5
across_learners,Rinf,RF_Rinf,XGB_Rinf,ssim_rank_7,TH53,0.6597036719322205,0.6432951092720032,0.7161059975624084,5,5
across_learners,Rinf,RF_Rinf,XGB_Rinf,ssim_rank_7,TH54,0.6682907342910767,0.652635395526886,0.7242936491966248,5,5
across_learners,Rinf,RF_Rinf,XGB_Rinf,ssim_rank_7,TH55,0.5701475739479065,0.5256831049919128,0.6047794818878174,5,5
across_learners,Rinf,RF_Rinf,XGB_Rinf,ssim_rank_7,TH56,0.7152245044708252,0.6838409900665283,0.7397487163543701,5,5
across_learners,Rinf,RF_Rinf,XGB_Rinf,ssim_rank_7,TH57,0.7342978119850159,0.6991761922836304,0.7643201947212219,5,5
across_learners,Rinf,RF_Rinf,XGB_Rinf,ssim_rank_7,TH58,0.48648032546043396,0.4201981723308563,0.5084072351455688,5,5
across_learners,Rinf,RF_Rinf,XGB_Rinf,ssim_raw_21,TH50,0.6374547481536865,0.623067319393158,0.6679016351699829,5,5
across_learners,Rinf,RF_Rinf,XGB_Rinf,ssim_raw_21,TH51,0.7043086886405945,0.656345784664154,0.7555148601531982,5,5
across_learners,Rinf,RF_Rinf,XGB_Rinf,ssim_raw_21,TH52,0.7025081515312195,0.6883805990219116,0.7487611770629883,5,5
across_learners,Rinf,RF_Rinf,XGB_Rinf,ssim_raw_21,TH53,0.6833112835884094,0.6206756234169006,0.7989940047264099,5,5
across_learners,Rinf,RF_Rinf,XGB_Rinf,ssim_raw_21,TH54,0.5801265835762024,0.5309299230575562,0.6416574120521545,5,5
across_learners,Rinf,RF_Rinf,XGB_Rinf,ssim_raw_21,TH55,0.6956197619438171,0.6334826350212097,0.7178245782852173,5,5
across_learners,Rinf,RF_Rinf,XGB_Rinf,ssim_raw_21,TH56,0.6770978569984436,0.6165980100631714,0.7426375150680542,5,5
across_learners,Rinf,RF_Rinf,XGB_Rinf,ssim_raw_21,TH57,0.7769877314567566,0.7616434097290039,0.8062818050384521,5,5
across_learners,Rinf,RF_Rinf,XGB_Rinf,ssim_raw_21,TH58,0.6844234466552734,0.6761425137519836,0.7226577997207642,5,5
across_learners,Rinf,RF_Rinf,XGB_Rinf,ssim_raw_7,TH50,0.6849306225776672,0.6698373556137085,0.714805006980896,5,5
across_learners,Rinf,RF_Rinf,XGB_Rinf,ssim_raw_7,TH51,0.6828415989875793,0.6650030016899109,0.7308266758918762,5,5
across_learners,Rinf,RF_Rinf,XGB_Rinf,ssim_raw_7,TH52,0.7019196152687073,0.6864882707595825,0.7298412919044495,5,5
across_learners,Rinf,RF_Rinf,XGB_Rinf,ssim_raw_7,TH53,0.6730949282646179,0.6448867321014404,0.7466053366661072,5,5
across_learners,Rinf,RF_Rinf,XGB_Rinf,ssim_raw_7,TH54,0.621569037437439,0.593490481376648,0.6557417511940002,5,5
across_learners,Rinf,RF_Rinf,XGB_Rinf,ssim_raw_7,TH55,0.7142624258995056,0.6900138854980469,0.742392361164093,5,5
across_learners,Rinf,RF_Rinf,XGB_Rinf,ssim_raw_7,TH56,0.6833797693252563,0.6199688911437988,0.7261427640914917,5,5
across_learners,Rinf,RF_Rinf,XGB_Rinf,ssim_raw_7,TH57,0.6905423402786255,0.6813379526138306,0.73642897605896,5,5
across_learners,Rinf,RF_Rinf,XGB_Rinf,ssim_raw_7,TH58,0.7428857684135437,0.7408684492111206,0.7645952701568604,5,5
across_learners,Rinf,XGB_Rinf,LR_Rinf,jaccard_top10,TH50,0.6840334420880914,0.6438301680421596,0.6914201183431953,5,5
across_learners,Rinf,XGB_Rinf,LR_Rinf,jaccard_top10,TH51,0.6970333420845366,0.6398919184475559,0.7191728363543528,5,5
across_learners,Rinf,XGB_Rinf,LR_Rinf,jaccard_top10,TH52,0.5709668731483976,0.5335142469470827,0.5915154749199573,5,5
across_learners,Rinf,XGB_Rinf,LR_Rinf,jaccard_top10,TH53,0.45488199907450255,0.41904761904761906,0.5356975105683419,5,5
across_learners,Rinf,XGB_Rinf,LR_Rinf,jaccard_top10,TH54,0.5514244326412361,0.465592972181552,0.610909090909091,5,5
across_learners,Rinf,XGB_Rinf,LR_Rinf,jaccard_top10,TH55,0.6055656382335148,0.5675406571523398,0.6136222910216719,5,5
across_learners,Rinf,XGB_Rinf,LR_Rinf,jaccard_top10,TH56,0.42326844726120416,0.39283009341075487,0.4411172622043281,5,5
across_learners,Rinf,XGB_Rinf,LR_Rinf,jaccard_top10,TH57,0.6573917456021651,0.6461253636604073,0.6827924066135946,5,5
across_learners,Rinf,XGB_Rinf,LR_Rinf,jaccard_top10,TH58,0.30648330058939094,0.27611940298507465,0.3563390847711928,5,5
across_learners,Rinf,XGB_Rinf,LR_Rinf,ssim_rank_21,TH50,0.5489506721496582,0.5108648538589478,0.5574799180030823,5,5
across_learners,Rinf,XGB_Rinf,LR_Rinf,ssim_rank_21,TH51,0.7554952502250671,0.723896861076355,0.7681267261505127,5,5
across_learners,Rinf,XGB_Rinf,LR_Rinf,ssim_rank_21,TH52,0.6972050070762634,0.6728553771972656,0.7295957207679749,5,5
across_learners,Rinf,XGB_Rinf,LR_Rinf,ssim_rank_21,TH53,0.7089101076126099,0.6814974546432495,0.7465987801551819,5,5
across_learners,Rinf,XGB_Rinf,LR_Rinf,ssim_rank_21,TH54,0.683950662612915,0.653492271900177,0.7091042995452881,5,5
across_learners,Rinf,XGB_Rinf,LR_Rinf,ssim_rank_21,TH55,0.5716046690940857,0.5316392183303833,0.5901644229888916,5,5
across_learners,Rinf,XGB_Rinf,LR_Rinf,ssim_rank_21,TH56,0.746433436870575,0.7095907926559448,0.754938542842865,5,5
across_learners,Rinf,XGB_Rinf,LR_Rinf,ssim_rank_21,TH57,0.6637526750564575,0.6513125896453857,0.6950365304946899,5,5
across_learners,Rinf,XGB_Rinf,LR_Rinf,ssim_rank_21,TH58,0.32206693291664124,0.3022836148738861,0.4052651822566986,5,5
across_learners,Rinf,XGB_Rinf,LR_Rinf,ssim_rank_7,TH50,0.3706880211830139,0.3230980634689331,0.388147234916687,5,5
across_learners,Rinf,XGB_Rinf,LR_Rinf,ssim_rank_7,TH51,0.5897506475448608,0.5581902265548706,0.6051068305969238,5,5
across_learners,Rinf,XGB_Rinf,LR_Rinf,ssim_rank_7,TH52,0.5210064649581909,0.5061032772064209,0.5610917806625366,5,5
across_learners,Rinf,XGB_Rinf,LR_Rinf,ssim_rank_7,TH53,0.5374152064323425,0.5136178731918335,0.5779211521148682,5,5
across_learners,Rinf,XGB_Rinf,LR_Rinf,ssim_rank_7,TH54,0.5062531232833862,0.4907092750072479,0.5351096391677856,5,5
across_learners,Rinf,XGB_Rinf,LR_Rinf,ssim_rank_7,TH55,0.37048977613449097,0.3235448896884918,0.3841770887374878,5,5
across_learners,Rinf,XGB_Rinf,LR_Rinf,ssim_rank_7,TH56,0.5791245698928833,0.5478937029838562,0.5988582372665405,5,5
across_learners,Rinf,XGB_Rinf,LR_Rinf,ssim_rank_7,TH57,0.5483130812644958,0.527008056640625,0.5584911704063416,5,5
across_learners,Rinf,XGB_Rinf,LR_Rinf,ssim_rank_7,TH58,0.12477128207683563,0.09109848737716675,0.21226473152637482,5,5
across_learners,Rinf,XGB_Rinf,LR_Rinf,ssim_raw_21,TH50,0.5810278058052063,0.5596368908882141,0.5972101092338562,5,5
across_learners,Rinf,XGB_Rinf,LR_Rinf,ssim_raw_21,TH51,0.5737974643707275,0.505734384059906,0.5945072174072266,5,5
across_learners,Rinf,XGB_Rinf,LR_Rinf,ssim_raw_21,TH52,0.6278263330459595,0.5872372388839722,0.6447011828422546,5,5
across_learners,Rinf,XGB_Rinf,LR_Rinf,ssim_raw_21,TH53,0.6513729095458984,0.6497969627380371,0.7174144387245178,5,5
across_learners,Rinf,XGB_Rinf,LR_Rinf,ssim_raw_21,TH54,0.6139134168624878,0.5846793055534363,0.6266701221466064,5,5
across_learners,Rinf,XGB_Rinf,LR_Rinf,ssim_raw_21,TH55,0.6497592926025391,0.6245303153991699,0.6565525531768799,5,5
across_learners,Rinf,XGB_Rinf,LR_Rinf,ssim_raw_21,TH56,0.5339826345443726,0.5029829144477844,0.5810776352882385,5,5
across_learners,Rinf,XGB_Rinf,LR_Rinf,ssim_raw_21,TH57,0.7450112700462341,0.7245990037918091,0.771202564239502,5,5
across_learners,Rinf,XGB_Rinf,LR_Rinf,ssim_raw_21,TH58,0.6429464221000671,0.6327794790267944,0.6507432460784912,5,5
across_learners,Rinf,XGB_Rinf,LR_Rinf,ssim_raw_7,TH50,0.6080714464187622,0.5756496787071228,0.6112919449806213,5,5
across_learners,Rinf,XGB_Rinf,LR_Rinf,ssim_raw_7,TH51,0.5315165519714355,0.4933604896068573,0.5494189858436584,5,5
across_learners,Rinf,XGB_Rinf,LR_Rinf,ssim_raw_7,TH52,0.6139143109321594,0.5747767090797424,0.6213650703430176,5,5
across_learners,Rinf,XGB_Rinf,LR_Rinf,ssim_raw_7,TH53,0.6007982492446899,0.5798010230064392,0.6295948624610901,5,5
across_learners,Rinf,XGB_Rinf,LR_Rinf,ssim_raw_7,TH54,0.5984724164009094,0.5763872861862183,0.6250383853912354,5,5
across_learners,Rinf,XGB_Rinf,LR_Rinf,ssim_raw_7,TH55,0.6780640482902527,0.6724992394447327,0.6827473044395447,5,5
across_learners,Rinf,XGB_Rinf,LR_Rinf,ssim_raw_7,TH56,0.505765974521637,0.49950987100601196,0.5513410568237305,5,5
across_learners,Rinf,XGB_Rinf,LR_Rinf,ssim_raw_7,TH57,0.660030722618103,0.6468358039855957,0.6663467288017273,5,5
across_learners,Rinf,XGB_Rinf,LR_Rinf,ssim_raw_7,TH58,0.7277035117149353,0.7042565941810608,0.7406448125839233,5,5
across_radii,LR,LR_1km,LR_10km,jaccard_top10,TH50,0.18777933852636955,0.17427385892116182,0.19519262430029635,5,5
across_radii,LR,LR_1km,LR_10km,jaccard_top10,TH51,0.16660929432013769,0.15908295414770737,0.1763979537837361,5,5
across_radii,LR,LR_1km,LR_10km,jaccard_top10,TH52,0.20847219136488188,0.20005699629524082,0.22752280295352542,5,5
across_radii,LR,LR_1km,LR_10km,jaccard_top10,TH53,0.1181783243658724,0.11053367979212472,0.12075625127058345,5,5
across_radii,LR,LR_1km,LR_10km,jaccard_top10,TH54,0.17309941520467836,0.15827862873814733,0.19077013521457967,5,5
across_radii,LR,LR_1km,LR_10km,jaccard_top10,TH55,0.18720555417803125,0.17762660619803478,0.1946564885496183,5,5
across_radii,LR,LR_1km,LR_10km,jaccard_top10,TH56,0.12173586323501785,0.11696897779284625,0.12920718025430067,5,5
across_radii,LR,LR_1km,LR_10km,jaccard_top10,TH57,0.15092177898135611,0.1460327261500463,0.15739542906425183,5,5
across_radii,LR,LR_1km,LR_10km,jaccard_top10,TH58,0.2716049382716049,0.2077175697865353,0.2825070159027128,5,5
across_radii,LR,LR_1km,LR_10km,ssim_rank_21,TH50,0.5160951614379883,0.46641823649406433,0.5372695326805115,5,5
across_radii,LR,LR_1km,LR_10km,ssim_rank_21,TH51,0.43824559450149536,0.38396456837654114,0.47756004333496094,5,5
across_radii,LR,LR_1km,LR_10km,ssim_rank_21,TH52,0.45595961809158325,0.4075918197631836,0.4920518398284912,5,5
across_radii,LR,LR_1km,LR_10km,ssim_rank_21,TH53,0.43086546659469604,0.38176223635673523,0.48257976770401,5,5
across_radii,LR,LR_1km,LR_10km,ssim_rank_21,TH54,0.3925316333770752,0.3442205786705017,0.4298379123210907,5,5
across_radii,LR,LR_1km,LR_10km,ssim_rank_21,TH55,0.42122548818588257,0.3699071407318115,0.4507821798324585,5,5
across_radii,LR,LR_1km,LR_10km,ssim_rank_21,TH56,0.4022698998451233,0.35018566250801086,0.4495351314544678,5,5
across_radii,LR,LR_1km,LR_10km,ssim_rank_21,TH57,0.45848768949508667,0.3976157307624817,0.4935939311981201,5,5
across_radii,LR,LR_1km,LR_10km,ssim_rank_21,TH58,0.5201426148414612,0.482785701751709,0.5526672601699829,5,5
across_radii,LR,LR_1km,LR_10km,ssim_rank_7,TH50,0.48896220326423645,0.44621050357818604,0.5053620934486389,5,5
across_radii,LR,LR_1km,LR_10km,ssim_rank_7,TH51,0.4412394165992737,0.39917394518852234,0.45861926674842834,5,5
across_radii,LR,LR_1km,LR_10km,ssim_rank_7,TH52,0.46002310514450073,0.4208338260650635,0.48050254583358765,5,5
across_radii,LR,LR_1km,LR_10km,ssim_rank_7,TH53,0.43610286712646484,0.39942577481269836,0.46491190791130066,5,5
across_radii,LR,LR_1km,LR_10km,ssim_rank_7,TH54,0.43999987840652466,0.4021861255168915,0.4569598436355591,5,5
across_radii,LR,LR_1km,LR_10km,ssim_rank_7,TH55,0.4247528910636902,0.3848303258419037,0.44266706705093384,5,5
across_radii,LR,LR_1km,LR_10km,ssim_rank_7,TH56,0.45862966775894165,0.4167102873325348,0.48149916529655457,5,5
across_radii,LR,LR_1km,LR_10km,ssim_rank_7,TH57,0.4473045766353607,0.3956981599330902,0.4749974012374878,5,5
across_radii,LR,LR_1km,LR_10km,ssim_rank_7,TH58,0.4633409380912781,0.43066006898880005,0.4861298203468323,5,5
across_radii,LR,LR_1km,LR_10km,ssim_raw_21,TH50,0.2037775069475174,0.1746932566165924,0.2122826874256134,5,5
across_radii,LR,LR_1km,LR_10km,ssim_raw_21,TH51,0.2956236004829407,0.25592005252838135,0.31321901082992554,5,5
across_radii,LR,LR_1km,LR_10km,ssim_raw_21,TH52,0.21711775660514832,0.18935780227184296,0.23265832662582397,5,5
across_radii,LR,LR_1km,LR_10km,ssim_raw_21,TH53,0.24875999987125397,0.21869441866874695,0.26418986916542053,5,5
across_radii,LR,LR_1km,LR_10km,ssim_raw_21,TH54,0.1936296969652176,0.1668998748064041,0.20644739270210266,5,5
across_radii,LR,LR_1km,LR_10km,ssim_raw_21,TH55,0.1934855729341507,0.17101909220218658,0.1976555585861206,5,5
across_radii,LR,LR_1km,LR_10km,ssim_raw_21,TH56,0.23335514962673187,0.20289959013462067,0.2561778128147125,5,5
across_radii,LR,LR_1km,LR_10km,ssim_raw_21,TH57,0.31861427426338196,0.2854069173336029,0.3381364047527313,5,5
across_radii,LR,LR_1km,LR_10km,ssim_raw_21,TH58,0.1545543223619461,0.12651804089546204,0.15744908154010773,5,5
across_radii,LR,LR_1km,LR_10km,ssim_raw_7,TH50,0.18044477701187134,0.16013482213020325,0.18679481744766235,5,5
across_radii,LR,LR_1km,LR_10km,ssim_raw_7,TH51,0.27028459310531616,0.24641501903533936,0.2842051088809967,5,5
across_radii,LR,LR_1km,LR_10km,ssim_raw_7,TH52,0.218669593334198,0.20101599395275116,0.23170126974582672,5,5
across_radii,LR,LR_1km,LR_10km,ssim_raw_7,TH53,0.22831736505031586,0.2073703408241272,0.23868614435195923,5,5
across_radii,LR,LR_1km,LR_10km,ssim_raw_7,TH54,0.19875504076480865,0.1847621649503708,0.21248893439769745,5,5
across_radii,LR,LR_1km,LR_10km,ssim_raw_7,TH55,0.15818503499031067,0.14664147794246674,0.16373863816261292,5,5
across_radii,LR,LR_1km,LR_10km,ssim_raw_7,TH56,0.26916900277137756,0.2450224757194519,0.27695709466934204,5,5
across_radii,LR,LR_1km,LR_10km,ssim_raw_7,TH57,0.30472609400749207,0.2789538502693176,0.31527063250541687,5,5
across_radii,LR,LR_1km,LR_10km,ssim_raw_7,TH58,0.10678885877132416,0.08429859578609467,0.1081707626581192,5,5
across_radii,LR,LR_20km,LR_10km,jaccard_top10,TH50,0.9252563695950946,0.8958912903916114,0.934564703232346,5,5
across_radii,LR,LR_20km,LR_10km,jaccard_top10,TH51,0.9454787234042553,0.9237310656391178,0.9478212600610603,5,5
across_radii,LR,LR_20km,LR_10km,jaccard_top10,TH52,0.8624002605438854,0.8263141228625712,0.8749216300940439,5,5
across_radii,LR,LR_20km,LR_10km,jaccard_top10,TH53,0.8890191481047284,0.8638589618021547,0.9157827065252331,5,5
across_radii,LR,LR_20km,LR_10km,jaccard_top10,TH54,0.8348193336461756,0.765625,0.8507265521796565,5,5
across_radii,LR,LR_20km,LR_10km,jaccard_top10,TH55,0.9221671117893934,0.9006599513720042,0.9328859060402684,5,5
across_radii,LR,LR_20km,LR_10km,jaccard_top10,TH56,0.8740831295843521,0.8287373004354136,0.9030126849894292,5,5
across_radii,LR,LR_20km,LR_10km,jaccard_top10,TH57,0.9083855882665532,0.890344982078853,0.9358917480035492,5,5
across_radii,LR,LR_20km,LR_10km,jaccard_top10,TH58,0.6808721506442021,0.5554245283018868,0.7589285714285714,5,5
across_radii,LR,LR_20km,LR_10km,ssim_rank_21,TH50,0.9964578151702881,0.9938822984695435,0.9970842599868774,5,5
across_radii,LR,LR_20km,LR_10km,ssim_rank_21,TH51,0.9976069331169128,0.9953204393386841,0.9981961846351624,5,5
across_radii,LR,LR_20km,LR_10km,ssim_rank_21,TH52,0.9959000945091248,0.9938458204269409,0.9970452785491943,5,5
across_radii,LR,LR_20km,LR_10km,ssim_rank_21,TH53,0.9972141981124878,0.9952961802482605,0.9980140924453735,5,5
across_radii,LR,LR_20km,LR_10km,ssim_rank_21,TH54,0.9963182210922241,0.9939672350883484,0.9968178272247314,5,5
across_radii,LR,LR_20km,LR_10km,ssim_rank_21,TH55,0.9952190518379211,0.992514431476593,0.9966992139816284,5,5
across_radii,LR,LR_20km,LR_10km,ssim_rank_21,TH56,0.9971745014190674,0.9949578642845154,0.9976725578308105,5,5
across_radii,LR,LR_20km,LR_10km,ssim_rank_21,TH57,0.9956751465797424,0.9933087229728699,0.9966296553611755,5,5
across_radii,LR,LR_20km,LR_10km,ssim_rank_21,TH58,0.9953880906105042,0.9944653511047363,0.9967361092567444,5,5
across_radii,LR,LR_20km,LR_10km,ssim_rank_7,TH50,0.9944512248039246,0.9901918172836304,0.9949608445167542,5,5
across_radii,LR,LR_20km,LR_10km,ssim_rank_7,TH51,0.9949585795402527,0.9911770224571228,0.9960589408874512,5,5
across_radii,LR,LR_20km,LR_10km,ssim_rank_7,TH52,0.9927247166633606,0.9878580570220947,0.9935435056686401,5,5
across_radii,LR,LR_20km,LR_10km,ssim_rank_7,TH53,0.994541585445404,0.9906374216079712,0.9958025813102722,5,5
across_radii,LR,LR_20km,LR_10km,ssim_rank_7,TH54,0.993545413017273,0.9890501499176025,0.9941624999046326,5,5
across_radii,LR,LR_20km,LR_10km,ssim_rank_7,TH55,0.992150068283081,0.9880789518356323,0.994492769241333,5,5
across_radii,LR,LR_20km,LR_10km,ssim_rank_7,TH56,0.9942016005516052,0.9899712204933167,0.9950927495956421,5,5
across_radii,LR,LR_20km,LR_10km,ssim_rank_7,TH57,0.9937397241592407,0.9886446595191956,0.9943326711654663,5,5
across_radii,LR,LR_20km,LR_10km,ssim_rank_7,TH58,0.9933013916015625,0.9918634295463562,0.9948452711105347,5,5
across_radii,LR,LR_20km,LR_10km,ssim_raw_21,TH50,0.9856442809104919,0.9822583794593811,0.9903990626335144,5,5
across_radii,LR,LR_20km,LR_10km,ssim_raw_21,TH51,0.9787584543228149,0.9770594835281372,0.9840286374092102,5,5
across_radii,LR,LR_20km,LR_10km,ssim_raw_21,TH52,0.980305016040802,0.9713691473007202,0.9833284616470337,5,5
across_radii,LR,LR_20km,LR_10km,ssim_raw_21,TH53,0.9776606559753418,0.9699572324752808,0.9800953269004822,5,5
across_radii,LR,LR_20km,LR_10km,ssim_raw_21,TH54,0.9738045334815979,0.9564544558525085,0.9755222201347351,5,5
across_radii,LR,LR_20km,LR_10km,ssim_raw_21,TH55,0.9837015867233276,0.9827260971069336,0.9855606555938721,5,5
across_radii,LR,LR_20km,LR_10km,ssim_raw_21,TH56,0.9668444991111755,0.9609300494194031,0.9736977815628052,5,5
across_radii,LR,LR_20km,LR_10km,ssim_raw_21,TH57,0.9635976552963257,0.9619431495666504,0.9779760837554932,5,5
across_radii,LR,LR_20km,LR_10km,ssim_raw_21,TH58,0.9937031865119934,0.9896434545516968,0.9953106641769409,5,5
across_radii,LR,LR_20km,LR_10km,ssim_raw_7,TH50,0.9853712916374207,0.9809598922729492,0.9892415404319763,5,5
across_radii,LR,LR_20km,LR_10km,ssim_raw_7,TH51,0.976658046245575,0.9750322103500366,0.9823290705680847,5,5
across_radii,LR,LR_20km,LR_10km,ssim_raw_7,TH52,0.9798441529273987,0.9748778343200684,0.9848244786262512,5,5
across_radii,LR,LR_20km,LR_10km,ssim_raw_7,TH53,0.9780060052871704,0.9736942052841187,0.9787464141845703,5,5
across_radii,LR,LR_20km,LR_10km,ssim_raw_7,TH54,0.9769946932792664,0.9629254937171936,0.9792645573616028,5,5
across_radii,LR,LR_20km,LR_10km,ssim_raw_7,TH55,0.9872787594795227,0.9855220317840576,0.9882606267929077,5,5
across_radii,LR,LR_20km,LR_10km,ssim_raw_7,TH56,0.9685874581336975,0.9628282189369202,0.9747958779335022,5,5
across_radii,LR,LR_20km,LR_10km,ssim_raw_7,TH57,0.9652921557426453,0.9633724689483643,0.9774731397628784,5,5
across_radii,LR,LR_20km,LR_10km,ssim_raw_7,TH58,0.9940364956855774,0.9904991388320923,0.9959703087806702,5,5
across_radii,LR,LR_25km,LR_10km,jaccard_top10,TH50,0.9150472549644261,0.8969690478740495,0.9296663660955816,5,5
across_radii,LR,LR_25km,LR_10km,jaccard_top10,TH51,0.9374334398296059,0.926712692511949,0.944752915047196,5,5
across_radii,LR,LR_25km,LR_10km,jaccard_top10,TH52,0.8477651327725548,0.828300395256917,0.869695064445143,5,5
across_radii,LR,LR_25km,LR_10km,jaccard_top10,TH53,0.8776489404238305,0.8470229007633587,0.9210019267822736,5,5
across_radii,LR,LR_25km,LR_10km,jaccard_top10,TH54,0.8096463022508038,0.7816222348269994,0.8129822968679074,5,5
across_radii,LR,LR_25km,LR_10km,jaccard_top10,TH55,0.9116042197162605,0.9003891050583658,0.9152413530976815,5,5
across_radii,LR,LR_25km,LR_10km,jaccard_top10,TH56,0.8333770663867751,0.8122866894197952,0.8747433264887063,5,5
across_radii,LR,LR_25km,LR_10km,jaccard_top10,TH57,0.8993215145546072,0.8806554673812224,0.9243255099802589,5,5
across_radii,LR,LR_25km,LR_10km,jaccard_top10,TH58,0.6390328151986183,0.5542452830188679,0.6892003297609234,5,5
across_radii,LR,LR_25km,LR_10km,ssim_rank_21,TH50,0.9952676296234131,0.9934602975845337,0.9966422319412231,5,5
across_radii,LR,LR_25km,LR_10km,ssim_rank_21,TH51,0.9964849948883057,0.9949893951416016,0.9979278445243835,5,5
across_radii,LR,LR_25km,LR_10km,ssim_rank_21,TH52,0.995086669921875,0.9929682016372681,0.9966634511947632,5,5
across_radii,LR,LR_25km,LR_10km,ssim_rank_21,TH53,0.9968416690826416,0.9948352575302124,0.9977763891220093,5,5
across_radii,LR,LR_25km,LR_10km,ssim_rank_21,TH54,0.9952356815338135,0.9934666752815247,0.9963059425354004,5,5
across_radii,LR,LR_25km,LR_10km,ssim_rank_21,TH55,0.9941466450691223,0.9912995100021362,0.9961922764778137,5,5
across_radii,LR,LR_25km,LR_10km,ssim_rank_21,TH56,0.9957389235496521,0.9944151043891907,0.9972712993621826,5,5
across_radii,LR,LR_25km,LR_10km,ssim_rank_21,TH57,0.9944561719894409,0.9928216338157654,0.9960013031959534,5,5
across_radii,LR,LR_25km,LR_10km,ssim_rank_21,TH58,0.994422972202301,0.9928067922592163,0.994744598865509,5,5
across_radii,LR,LR_25km,LR_10km,ssim_rank_7,TH50,0.9919494986534119,0.9898373484611511,0.9940536618232727,5,5
across_radii,LR,LR_25km,LR_10km,ssim_rank_7,TH51,0.9928106069564819,0.9908448457717896,0.9954118728637695,5,5
across_radii,LR,LR_25km,LR_10km,ssim_rank_7,TH52,0.9890440106391907,0.9869577288627625,0.9926266670227051,5,5
across_radii,LR,LR_25km,LR_10km,ssim_rank_7,TH53,0.9928064346313477,0.9902867078781128,0.9952187538146973,5,5
across_radii,LR,LR_25km,LR_10km,ssim_rank_7,TH54,0.9901863932609558,0.9886316061019897,0.9935280084609985,5,5
across_radii,LR,LR_25km,LR_10km,ssim_rank_7,TH55,0.9895030856132507,0.9867616295814514,0.9932984113693237,5,5
across_radii,LR,LR_25km,LR_10km,ssim_rank_7,TH56,0.9912219047546387,0.9894838929176331,0.9938991665840149,5,5
across_radii,LR,LR_25km,LR_10km,ssim_rank_7,TH57,0.9910831451416016,0.9882599115371704,0.9934483170509338,5,5
across_radii,LR,LR_25km,LR_10km,ssim_rank_7,TH58,0.9912846088409424,0.9904192686080933,0.9923011660575867,5,5
across_radii,LR,LR_25km,LR_10km,ssim_raw_21,TH50,0.981806755065918,0.9770172834396362,0.9857372045516968,5,5
across_radii,LR,LR_25km,LR_10km,ssim_raw_21,TH51,0.9733684062957764,0.9687033295631409,0.974628210067749,5,5
across_radii,LR,LR_25km,LR_10km,ssim_raw_21,TH52,0.969943106174469,0.9638299942016602,0.970295786857605,5,5
across_radii,LR,LR_25km,LR_10km,ssim_raw_21,TH53,0.9673730731010437,0.9572206735610962,0.9740814566612244,5,5
across_radii,LR,LR_25km,LR_10km,ssim_raw_21,TH54,0.9572321772575378,0.9413164258003235,0.9649227261543274,5,5
across_radii,LR,LR_25km,LR_10km,ssim_raw_21,TH55,0.9771104454994202,0.9722403287887573,0.9777361154556274,5,5
across_radii,LR,LR_25km,LR_10km,ssim_raw_21,TH56,0.9478838443756104,0.9461889266967773,0.9580249786376953,5,5
across_radii,LR,LR_25km,LR_10km,ssim_raw_21,TH57,0.9506710767745972,0.9422001242637634,0.9649554491043091,5,5
across_radii,LR,LR_25km,LR_10km,ssim_raw_21,TH58,0.9929345846176147,0.9866915345191956,0.9941356182098389,5,5
across_radii,LR,LR_25km,LR_10km,ssim_raw_7,TH50,0.9815678596496582,0.9761642813682556,0.9852596521377563,5,5
across_radii,LR,LR_25km,LR_10km,ssim_raw_7,TH51,0.9713655710220337,0.965390682220459,0.9740040898323059,5,5
across_radii,LR,LR_25km,LR_10km,ssim_raw_7,TH52,0.9706566333770752,0.9702395796775818,0.9748702049255371,5,5
across_radii,LR,LR_25km,LR_10km,ssim_raw_7,TH53,0.9712287187576294,0.9631928205490112,0.9743219017982483,5,5
across_radii,LR,LR_25km,LR_10km,ssim_raw_7,TH54,0.9639029502868652,0.9500269889831543,0.9696860909461975,5,5
across_radii,LR,LR_25km,LR_10km,ssim_raw_7,TH55,0.9812137484550476,0.9787014126777649,0.9828930497169495,5,5
across_radii,LR,LR_25km,LR_10km,ssim_raw_7,TH56,0.9491671323776245,0.948468804359436,0.9600810408592224,5,5
across_radii,LR,LR_25km,LR_10km,ssim_raw_7,TH57,0.9531214237213135,0.9427030086517334,0.9635323286056519,5,5
across_radii,LR,LR_25km,LR_10km,ssim_raw_7,TH58,0.9935915470123291,0.9885156750679016,0.9945686459541321,5,5
across_radii,LR,LR_5km,LR_10km,jaccard_top10,TH50,0.8639072143009151,0.8546370967741935,0.8819307188182669,5,5
across_radii,LR,LR_5km,LR_10km,jaccard_top10,TH51,0.888917004048583,0.8840251572327044,0.9016905071521456,5,5
across_radii,LR,LR_5km,LR_10km,jaccard_top10,TH52,0.7789229205980549,0.7689806305669448,0.795125980999587,5,5
across_radii,LR,LR_5km,LR_10km,jaccard_top10,TH53,0.7903329065300896,0.7115446114486729,0.8522185551888523,5,5
across_radii,LR,LR_5km,LR_10km,jaccard_top10,TH54,0.7540733197556008,0.7157172995780591,0.8001241464928616,5,5
across_radii,LR,LR_5km,LR_10km,jaccard_top10,TH55,0.8405845234141481,0.8236963462220646,0.8434782608695652,5,5
across_radii,LR,LR_5km,LR_10km,jaccard_top10,TH56,0.7792030567685589,0.777016505761445,0.8368362831858407,5,5
across_radii,LR,LR_5km,LR_10km,jaccard_top10,TH57,0.8431511710432931,0.8316427655357351,0.8639288639288639,5,5
across_radii,LR,LR_5km,LR_10km,jaccard_top10,TH58,0.6886574074074074,0.6482444733420026,0.8080495356037152,5,5
across_radii,LR,LR_5km,LR_10km,ssim_rank_21,TH50,0.9912912249565125,0.9909995794296265,0.9927810430526733,5,5
across_radii,LR,LR_5km,LR_10km,ssim_rank_21,TH51,0.9932292699813843,0.9927254915237427,0.9940709471702576,5,5
across_radii,LR,LR_5km,LR_10km,ssim_rank_21,TH52,0.9922706484794617,0.9912084937095642,0.9931576251983643,5,5
across_radii,LR,LR_5km,LR_10km,ssim_rank_21,TH53,0.9945189356803894,0.9937257170677185,0.9952213764190674,5,5
across_radii,LR,LR_5km,LR_10km,ssim_rank_21,TH54,0.9922595024108887,0.9922316670417786,0.9938806295394897,5,5
across_radii,LR,LR_5km,LR_10km,ssim_rank_21,TH55,0.9899577498435974,0.9886764287948608,0.9915425777435303,5,5
across_radii,LR,LR_5km,LR_10km,ssim_rank_21,TH56,0.9932356476783752,0.9922441244125366,0.9942145347595215,5,5
across_radii,LR,LR_5km,LR_10km,ssim_rank_21,TH57,0.9921404123306274,0.9910142421722412,0.9921678304672241,5,5
across_radii,LR,LR_5km,LR_10km,ssim_rank_21,TH58,0.9913182854652405,0.9885505437850952,0.9937801361083984,5,5
across_radii,LR,LR_5km,LR_10km,ssim_rank_7,TH50,0.9850276112556458,0.9841866493225098,0.9864895343780518,5,5
across_radii,LR,LR_5km,LR_10km,ssim_rank_7,TH51,0.9862933158874512,0.9852997064590454,0.9873285293579102,5,5
across_radii,LR,LR_5km,LR_10km,ssim_rank_7,TH52,0.9838074445724487,0.9820747375488281,0.9847971200942993,5,5
across_radii,LR,LR_5km,LR_10km,ssim_rank_7,TH53,0.988023579120636,0.9860965609550476,0.9887171983718872,5,5
across_radii,LR,LR_5km,LR_10km,ssim_rank_7,TH54,0.9850956201553345,0.9840238690376282,0.9868170022964478,5,5
across_radii,LR,LR_5km,LR_10km,ssim_rank_7,TH55,0.9832137227058411,0.9809557199478149,0.9849677085876465,5,5
across_radii,LR,LR_5km,LR_10km,ssim_rank_7,TH56,0.9868500232696533,0.9852476716041565,0.9876832365989685,5,5
across_radii,LR,LR_5km,LR_10km,ssim_rank_7,TH57,0.9858600497245789,0.984125018119812,0.9859286546707153,5,5
across_radii,LR,LR_5km,LR_10km,ssim_rank_7,TH58,0.9852818846702576,0.9822005033493042,0.989030122756958,5,5
across_radii,LR,LR_5km,LR_10km,ssim_raw_21,TH50,0.9725900888442993,0.9705780744552612,0.9748454093933105,5,5
across_radii,LR,LR_5km,LR_10km,ssim_raw_21,TH51,0.9629849195480347,0.9582496285438538,0.9654415249824524,5,5
across_radii,LR,LR_5km,LR_10km,ssim_raw_21,TH52,0.9697577357292175,0.9686252474784851,0.9720247387886047,5,5
across_radii,LR,LR_5km,LR_10km,ssim_raw_21,TH53,0.9658050537109375,0.9599153995513916,0.9712380170822144,5,5
across_radii,LR,LR_5km,LR_10km,ssim_raw_21,TH54,0.9694178104400635,0.9674993753433228,0.970236599445343,5,5
across_radii,LR,LR_5km,LR_10km,ssim_raw_21,TH55,0.9724791049957275,0.9690991640090942,0.9746060967445374,5,5
across_radii,LR,LR_5km,LR_10km,ssim_raw_21,TH56,0.9594358801841736,0.9570733308792114,0.9637613892555237,5,5
across_radii,LR,LR_5km,LR_10km,ssim_raw_21,TH57,0.9544382095336914,0.9476991295814514,0.957711398601532,5,5
across_radii,LR,LR_5km,LR_10km,ssim_raw_21,TH58,0.9801955223083496,0.9782108664512634,0.9863017201423645,5,5
across_radii,LR,LR_5km,LR_10km,ssim_raw_7,TH50,0.9686166048049927,0.9660256505012512,0.9717246294021606,5,5
across_radii,LR,LR_5km,LR_10km,ssim_raw_7,TH51,0.9558545351028442,0.9517470002174377,0.95732581615448,5,5
across_radii,LR,LR_5km,LR_10km,ssim_raw_7,TH52,0.96749347448349,0.9612511396408081,0.9705689549446106,5,5
across_radii,LR,LR_5km,LR_10km,ssim_raw_7,TH53,0.9616983532905579,0.9561759233474731,0.9654785394668579,5,5
across_radii,LR,LR_5km,LR_10km,ssim_raw_7,TH54,0.9685529470443726,0.9565927386283875,0.9741701483726501,5,5
across_radii,LR,LR_5km,LR_10km,ssim_raw_7,TH55,0.9757668375968933,0.9734117388725281,0.9808028340339661,5,5
across_radii,LR,LR_5km,LR_10km,ssim_raw_7,TH56,0.9600429534912109,0.9584957957267761,0.962674081325531,5,5
across_radii,LR,LR_5km,LR_10km,ssim_raw_7,TH57,0.9572334885597229,0.9546495079994202,0.9605173468589783,5,5
across_radii,LR,LR_5km,LR_10km,ssim_raw_7,TH58,0.9826610088348389,0.9734967947006226,0.9869503974914551,5,5
across_radii,LR,LR_Rinf,LR_10km,jaccard_top10,TH50,0.8916554508748318,0.8854379365932294,0.9151590066299584,5,5
across_radii,LR,LR_Rinf,LR_10km,jaccard_top10,TH51,0.9258373205741627,0.9174190122145512,0.9282536151279199,5,5
across_radii,LR,LR_Rinf,LR_10km,jaccard_top10,TH52,0.8031446540880504,0.7925015179113539,0.8521082441787288,5,5
across_radii,LR,LR_Rinf,LR_10km,jaccard_top10,TH53,0.876468720228644,0.8214568487727633,0.929660753190165,5,5
across_radii,LR,LR_Rinf,LR_10km,jaccard_top10,TH54,0.7656994369857081,0.7387606318347509,0.7968015051740357,5,5
across_radii,LR,LR_Rinf,LR_10km,jaccard_top10,TH55,0.8939288206559665,0.8657587548638133,0.9001862197392924,5,5
across_radii,LR,LR_Rinf,LR_10km,jaccard_top10,TH56,0.8180396246089676,0.766362660944206,0.836835960303561,5,5
across_radii,LR,LR_Rinf,LR_10km,jaccard_top10,TH57,0.8856371490280778,0.8515414546542951,0.8894864494358325,5,5
across_radii,LR,LR_Rinf,LR_10km,jaccard_top10,TH58,0.5881032547699214,0.49056603773584906,0.6407927332782825,5,5
across_radii,LR,LR_Rinf,LR_10km,ssim_rank_21,TH50,0.9938632845878601,0.9909534454345703,0.9954894185066223,5,5
across_radii,LR,LR_Rinf,LR_10km,ssim_rank_21,TH51,0.9959961175918579,0.9932488203048706,0.9973424673080444,5,5
across_radii,LR,LR_Rinf,LR_10km,ssim_rank_21,TH52,0.9935962557792664,0.9903549551963806,0.9953123927116394,5,5
across_radii,LR,LR_Rinf,LR_10km,ssim_rank_21,TH53,0.995424211025238,0.9929050207138062,0.9974189400672913,5,5
across_radii,LR,LR_Rinf,LR_10km,ssim_rank_21,TH54,0.993691086769104,0.9909257292747498,0.9950388669967651,5,5
across_radii,LR,LR_Rinf,LR_10km,ssim_rank_21,TH55,0.9914464950561523,0.9877017736434937,0.9951630234718323,5,5
across_radii,LR,LR_Rinf,LR_10km,ssim_rank_21,TH56,0.9946629405021667,0.9922940731048584,0.996264636516571,5,5
across_radii,LR,LR_Rinf,LR_10km,ssim_rank_21,TH57,0.9909348487854004,0.9899622797966003,0.9940348863601685,5,5
across_radii,LR,LR_Rinf,LR_10km,ssim_rank_21,TH58,0.9910119771957397,0.9905540347099304,0.9932013154029846,5,5
across_radii,LR,LR_Rinf,LR_10km,ssim_rank_7,TH50,0.9903383851051331,0.985566258430481,0.9924942255020142,5,5
across_radii,LR,LR_Rinf,LR_10km,ssim_rank_7,TH51,0.9916159510612488,0.9871270060539246,0.9941765069961548,5,5
across_radii,LR,LR_Rinf,LR_10km,ssim_rank_7,TH52,0.9869909882545471,0.9814519286155701,0.9904118776321411,5,5
across_radii,LR,LR_Rinf,LR_10km,ssim_rank_7,TH53,0.9906996488571167,0.9863313436508179,0.9943896532058716,5,5
across_radii,LR,LR_Rinf,LR_10km,ssim_rank_7,TH54,0.9878482222557068,0.9837629199028015,0.990768551826477,5,5
across_radii,LR,LR_Rinf,LR_10km,ssim_rank_7,TH55,0.9861657023429871,0.9808818697929382,0.9915043711662292,5,5
across_radii,LR,LR_Rinf,LR_10km,ssim_rank_7,TH56,0.9889931082725525,0.9851959943771362,0.9918230772018433,5,5
across_radii,LR,LR_Rinf,LR_10km,ssim_rank_7,TH57,0.9863646030426025,0.9835649132728577,0.9906894564628601,5,5
across_radii,LR,LR_Rinf,LR_10km,ssim_rank_7,TH58,0.9874605536460876,0.9855733513832092,0.990041196346283,5,5
across_radii,LR,LR_Rinf,LR_10km,ssim_raw_21,TH50,0.9710442423820496,0.9707130789756775,0.9813203811645508,5,5
across_radii,LR,LR_Rinf,LR_10km,ssim_raw_21,TH51,0.9643215537071228,0.9544002413749695,0.9692980051040649,5,5
across_radii,LR,LR_Rinf,LR_10km,ssim_raw_21,TH52,0.9573293328285217,0.9510183930397034,0.9594255089759827,5,5
across_radii,LR,LR_Rinf,LR_10km,ssim_raw_21,TH53,0.9522337317466736,0.9507785439491272,0.9671632051467896,5,5
across_radii,LR,LR_Rinf,LR_10km,ssim_raw_21,TH54,0.9332989454269409,0.9218557476997375,0.9479334354400635,5,5
across_radii,LR,LR_Rinf,LR_10km,ssim_raw_21,TH55,0.9671140313148499,0.9588821530342102,0.9706637263298035,5,5
across_radii,LR,LR_Rinf,LR_10km,ssim_raw_21,TH56,0.9290298819541931,0.9225617051124573,0.9391971826553345,5,5
across_radii,LR,LR_Rinf,LR_10km,ssim_raw_21,TH57,0.92805016040802,0.9213670492172241,0.9448022842407227,5,5
across_radii,LR,LR_Rinf,LR_10km,ssim_raw_21,TH58,0.9899863600730896,0.9833716154098511,0.9917925000190735,5,5
across_radii,LR,LR_Rinf,LR_10km,ssim_raw_7,TH50,0.9706223607063293,0.9694346189498901,0.9800494909286499,5,5
across_radii,LR,LR_Rinf,LR_10km,ssim_raw_7,TH51,0.9598312377929688,0.9519497156143188,0.969401478767395,5,5
across_radii,LR,LR_Rinf,LR_10km,ssim_raw_7,TH52,0.9595291614532471,0.9578651189804077,0.9629595279693604,5,5
across_radii,LR,LR_Rinf,LR_10km,ssim_raw_7,TH53,0.9577865600585938,0.9536369442939758,0.9678549766540527,5,5
across_radii,LR,LR_Rinf,LR_10km,ssim_raw_7,TH54,0.9425613284111023,0.9333593845367432,0.956240713596344,5,5
across_radii,LR,LR_Rinf,LR_10km,ssim_raw_7,TH55,0.9735133647918701,0.9674555659294128,0.9780504107475281,5,5
across_radii,LR,LR_Rinf,LR_10km,ssim_raw_7,TH56,0.930514931678772,0.9247962236404419,0.9420727491378784,5,5
across_radii,LR,LR_Rinf,LR_10km,ssim_raw_7,TH57,0.9307095408439636,0.9194599390029907,0.9432289600372314,5,5
across_radii,LR,LR_Rinf,LR_10km,ssim_raw_7,TH58,0.9908331036567688,0.9846775531768799,0.9922472834587097,5,5
across_radii,RF,RF_1km,RF_10km,jaccard_top10,TH50,0.16051819864281308,0.15132465199820386,0.18497269648164788,5,5
across_radii,RF,RF_1km,RF_10km,jaccard_top10,TH51,0.21041569360112097,0.20448045757864633,0.24820233077113812,5,5
across_radii,RF,RF_1km,RF_10km,jaccard_top10,TH52,0.2122036874451273,0.20687386942937017,0.21561105456822985,5,5
across_radii,RF,RF_1km,RF_10km,jaccard_top10,TH53,0.16970581084366643,0.14992782016910702,0.25404040404040407,5,5
across_radii,RF,RF_1km,RF_10km,jaccard_top10,TH54,0.20005790387955993,0.1889914094813872,0.21651849727559508,5,5
across_radii,RF,RF_1km,RF_10km,jaccard_top10,TH55,0.14436771687526975,0.11025833021340321,0.16398485565546617,5,5
across_radii,RF,RF_1km,RF_10km,jaccard_top10,TH56,0.18104184457728437,0.16306620209059233,0.21542674577818346,5,5
across_radii,RF,RF_1km,RF_10km,jaccard_top10,TH57,0.22953077916487302,0.1744193696953747,0.26281445053905805,5,5
across_radii,RF,RF_1km,RF_10km,jaccard_top10,TH58,0.09714998959850218,0.046858129993521916,0.10646950092421442,5,5
across_radii,RF,RF_1km,RF_10km,ssim_rank_21,TH50,0.37195906043052673,0.15451420843601227,0.45672130584716797,5,5
across_radii,RF,RF_1km,RF_10km,ssim_rank_21,TH51,0.3185636103153229,0.21249449253082275,0.46223917603492737,5,5
across_radii,RF,RF_1km,RF_10km,ssim_rank_21,TH52,0.3337452709674835,0.18720407783985138,0.4461027681827545,5,5
across_radii,RF,RF_1km,RF_10km,ssim_rank_21,TH53,0.3357110917568207,0.18764381110668182,0.4771500825881958,5,5
across_radii,RF,RF_1km,RF_10km,ssim_rank_21,TH54,0.31430160999298096,0.10993649065494537,0.4674585163593292,5,5
across_radii,RF,RF_1km,RF_10km,ssim_rank_21,TH55,0.2391464114189148,-0.04842115566134453,0.2991037666797638,5,5
across_radii,RF,RF_1km,RF_10km,ssim_rank_21,TH56,0.14010868966579437,-0.017455369234085083,0.25052410364151,5,5
across_radii,RF,RF_1km,RF_10km,ssim_rank_21,TH57,0.12310098111629486,-0.04203825816512108,0.18004582822322845,5,5
across_radii,RF,RF_1km,RF_10km,ssim_rank_21,TH58,0.3368326425552368,0.19214408099651337,0.4486040771007538,5,5
across_radii,RF,RF_1km,RF_10km,ssim_rank_7,TH50,0.4052813947200775,0.25143563747406006,0.45988309383392334,5,5
across_radii,RF,RF_1km,RF_10km,ssim_rank_7,TH51,0.3534158766269684,0.27503880858421326,0.4369790852069855,5,5
across_radii,RF,RF_1km,RF_10km,ssim_rank_7,TH52,0.34122803807258606,0.24702002108097076,0.4169830083847046,5,5
across_radii,RF,RF_1km,RF_10km,ssim_rank_7,TH53,0.31992971897125244,0.24424567818641663,0.40171822905540466,5,5
across_radii,RF,RF_1km,RF_10km,ssim_rank_7,TH54,0.32693177461624146,0.18153496086597443,0.42133796215057373,5,5
across_radii,RF,RF_1km,RF_10km,ssim_rank_7,TH55,0.2714989185333252,0.06613044440746307,0.3404739499092102,5,5
across_radii,RF,RF_1km,RF_10km,ssim_rank_7,TH56,0.18564338982105255,0.08401058614253998,0.22759924829006195,5,5
across_radii,RF,RF_1km,RF_10km,ssim_rank_7,TH57,0.1646401733160019,0.03683743253350258,0.192474365234375,5,5
across_radii,RF,RF_1km,RF_10km,ssim_rank_7,TH58,0.41123098134994507,0.3277758061885834,0.4744410812854767,5,5
across_radii,RF,RF_1km,RF_10km,ssim_raw_21,TH50,0.217604860663414,0.14947517216205597,0.23310519754886627,5,5
across_radii,RF,RF_1km,RF_10km,ssim_raw_21,TH51,0.32490280270576477,0.3044680058956146,0.35029464960098267,5,5
across_radii,RF,RF_1km,RF_10km,ssim_raw_21,TH52,0.2665518820285797,0.21127085387706757,0.2739109694957733,5,5
across_radii,RF,RF_1km,RF_10km,ssim_raw_21,TH53,0.33261603116989136,0.29189422726631165,0.3670552372932434,5,5
across_radii,RF,RF_1km,RF_10km,ssim_raw_21,TH54,0.2984238266944885,0.22013939917087555,0.30910056829452515,5,5
across_radii,RF,RF_1km,RF_10km,ssim_raw_21,TH55,0.1846761554479599,0.10402475297451019,0.22229692339897156,5,5
across_radii,RF,RF_1km,RF_10km,ssim_raw_21,TH56,0.22660315036773682,0.20396076142787933,0.3014444410800934,5,5
across_radii,RF,RF_1km,RF_10km,ssim_raw_21,TH57,0.2843940258026123,0.21695469319820404,0.33330267667770386,5,5
across_radii,RF,RF_1km,RF_10km,ssim_raw_21,TH58,0.18107134103775024,0.13268330693244934,0.19292762875556946,5,5
across_radii,RF,RF_1km,RF_10km,ssim_raw_7,TH50,0.20690025389194489,0.1705232858657837,0.23058319091796875,5,5
across_radii,RF,RF_1km,RF_10km,ssim_raw_7,TH51,0.2976330816745758,0.2823745906352997,0.31994715332984924,5,5
across_radii,RF,RF_1km,RF_10km,ssim_raw_7,TH52,0.24144858121871948,0.21747365593910217,0.25580477714538574,5,5
across_radii,RF,RF_1km,RF_10km,ssim_raw_7,TH53,0.28254440426826477,0.27404871582984924,0.31897875666618347,5,5
across_radii,RF,RF_1km,RF_10km,ssim_raw_7,TH54,0.26190185546875,0.2292679399251938,0.2833673059940338,5,5
across_radii,RF,RF_1km,RF_10km,ssim_raw_7,TH55,0.1788475066423416,0.13202261924743652,0.21978363394737244,5,5
across_radii,RF,RF_1km,RF_10km,ssim_raw_7,TH56,0.2338545322418213,0.2294386923313141,0.2894201874732971,5,5
across_radii,RF,RF_1km,RF_10km,ssim_raw_7,TH57,0.2856557071208954,0.25415390729904175,0.3177739083766937,5,5
across_radii,RF,RF_1km,RF_10km,ssim_raw_7,TH58,0.17732587456703186,0.15109020471572876,0.19175933301448822,5,5
across_radii,RF,RF_20km,RF_10km,jaccard_top10,TH50,0.8833314725912694,0.864700011090163,0.8969913879879208,5,5
across_radii,RF,RF_20km,RF_10km,jaccard_top10,TH51,0.8876140041188585,0.8784160624651423,0.8967424708051629,5,5
across_radii,RF,RF_20km,RF_10km,jaccard_top10,TH52,0.8766047424860293,0.8589606009504829,0.8855944893680743,5,5
across_radii,RF,RF_20km,RF_10km,jaccard_top10,TH53,0.8372523117569353,0.812268803945746,0.8798063229849046,5,5
across_radii,RF,RF_20km,RF_10km,jaccard_top10,TH54,0.7684159845931632,0.651120088138083,0.8656532456861133,5,5
across_radii,RF,RF_20km,RF_10km,jaccard_top10,TH55,0.8682140047206923,0.8350630096367679,0.88997113997114,5,5
across_radii,RF,RF_20km,RF_10km,jaccard_top10,TH56,0.8101422387136673,0.79168,0.8162826420890937,5,5
across_radii,RF,RF_20km,RF_10km,jaccard_top10,TH57,0.874973623127242,0.8338468076065016,0.8843025007532389,5,5
across_radii,RF,RF_20km,RF_10km,jaccard_top10,TH58,0.7917737789203085,0.7557803468208093,0.8099787685774947,5,5
across_radii,RF,RF_20km,RF_10km,ssim_rank_21,TH50,0.8846167325973511,0.843024492263794,0.8892405033111572,5,5
across_radii,RF,RF_20km,RF_10km,ssim_rank_21,TH51,0.9385554194450378,0.9228699803352356,0.9426583051681519,5,5
across_radii,RF,RF_20km,RF_10km,ssim_rank_21,TH52,0.8680430054664612,0.8436747193336487,0.8755494952201843,5,5
across_radii,RF,RF_20km,RF_10km,ssim_rank_21,TH53,0.9117003083229065,0.899103045463562,0.9214632511138916,5,5
across_radii,RF,RF_20km,RF_10km,ssim_rank_21,TH54,0.8519595265388489,0.836601197719574,0.8821160793304443,5,5
across_radii,RF,RF_20km,RF_10km,ssim_rank_21,TH55,0.8386099338531494,0.8156901001930237,0.8478708267211914,5,5
across_radii,RF,RF_20km,RF_10km,ssim_rank_21,TH56,0.8691376447677612,0.8518012166023254,0.8853256702423096,5,5
across_radii,RF,RF_20km,RF_10km,ssim_rank_21,TH57,0.8775442242622375,0.8684741854667664,0.8995550870895386,5,5
across_radii,RF,RF_20km,RF_10km,ssim_rank_21,TH58,0.7658096551895142,0.708427906036377,0.7944616079330444,5,5
across_radii,RF,RF_20km,RF_10km,ssim_rank_7,TH50,0.8421577215194702,0.8022425174713135,0.8464457988739014,5,5
across_radii,RF,RF_20km,RF_10km,ssim_rank_7,TH51,0.8815332055091858,0.8601692914962769,0.8881950974464417,5,5
across_radii,RF,RF_20km,RF_10km,ssim_rank_7,TH52,0.8108403086662292,0.7910606265068054,0.8194380402565002,5,5
across_radii,RF,RF_20km,RF_10km,ssim_rank_7,TH53,0.8263799548149109,0.8054037690162659,0.841975748538971,5,5
across_radii,RF,RF_20km,RF_10km,ssim_rank_7,TH54,0.7948240637779236,0.7877767086029053,0.8246517777442932,5,5
across_radii,RF,RF_20km,RF_10km,ssim_rank_7,TH55,0.7687965631484985,0.7460158467292786,0.7780532836914062,5,5
across_radii,RF,RF_20km,RF_10km,ssim_rank_7,TH56,0.8016567826271057,0.7916105389595032,0.8359190821647644,5,5
across_radii,RF,RF_20km,RF_10km,ssim_rank_7,TH57,0.849729061126709,0.8324933648109436,0.8677751421928406,5,5
across_radii,RF,RF_20km,RF_10km,ssim_rank_7,TH58,0.7030078172683716,0.658135712146759,0.7323917746543884,5,5
across_radii,RF,RF_20km,RF_10km,ssim_raw_21,TH50,0.907875120639801,0.8736535906791687,0.9225160479545593,5,5
across_radii,RF,RF_20km,RF_10km,ssim_raw_21,TH51,0.9596995115280151,0.9441859722137451,0.9646297693252563,5,5
across_radii,RF,RF_20km,RF_10km,ssim_raw_21,TH52,0.9056060910224915,0.888113796710968,0.9283219575881958,5,5
across_radii,RF,RF_20km,RF_10km,ssim_raw_21,TH53,0.9433509707450867,0.9416936635971069,0.9575366377830505,5,5
across_radii,RF,RF_20km,RF_10km,ssim_raw_21,TH54,0.9144824147224426,0.9038723707199097,0.941314160823822,5,5
across_radii,RF,RF_20km,RF_10km,ssim_raw_21,TH55,0.9004634618759155,0.8690584897994995,0.910034716129303,5,5
across_radii,RF,RF_20km,RF_10km,ssim_raw_21,TH56,0.9083932042121887,0.9043616056442261,0.9272735714912415,5,5
across_radii,RF,RF_20km,RF_10km,ssim_raw_21,TH57,0.9378594160079956,0.9274184703826904,0.9458123445510864,5,5
across_radii,RF,RF_20km,RF_10km,ssim_raw_21,TH58,0.8195493221282959,0.7524164915084839,0.8505868911743164,5,5
across_radii,RF,RF_20km,RF_10km,ssim_raw_7,TH50,0.8866719007492065,0.853245198726654,0.9054254293441772,5,5
across_radii,RF,RF_20km,RF_10km,ssim_raw_7,TH51,0.9385833144187927,0.9286910891532898,0.9472970366477966,5,5
across_radii,RF,RF_20km,RF_10km,ssim_raw_7,TH52,0.8939867615699768,0.8794700503349304,0.9168645739555359,5,5
across_radii,RF,RF_20km,RF_10km,ssim_raw_7,TH53,0.9278053045272827,0.9253815412521362,0.9404915571212769,5,5
across_radii,RF,RF_20km,RF_10km,ssim_raw_7,TH54,0.9035056233406067,0.8993717432022095,0.9294973611831665,5,5
across_radii,RF,RF_20km,RF_10km,ssim_raw_7,TH55,0.8804246187210083,0.8487111330032349,0.894024133682251,5,5
across_radii,RF,RF_20km,RF_10km,ssim_raw_7,TH56,0.9041943550109863,0.8974661231040955,0.9149198532104492,5,5
across_radii,RF,RF_20km,RF_10km,ssim_raw_7,TH57,0.9172112941741943,0.9128574728965759,0.9287574887275696,5,5
across_radii,RF,RF_20km,RF_10km,ssim_raw_7,TH58,0.7860018014907837,0.7282177209854126,0.8212571740150452,5,5
across_radii,RF,RF_25km,RF_10km,jaccard_top10,TH50,0.8680772343623541,0.8661751563896336,0.8849778585216305,5,5
across_radii,RF,RF_25km,RF_10km,jaccard_top10,TH51,0.8799034399517199,0.8720999405116002,0.898958971218616,5,5
across_radii,RF,RF_25km,RF_10km,jaccard_top10,TH52,0.8712871287128713,0.8503150453357923,0.8750735726898176,5,5
across_radii,RF,RF_25km,RF_10km,jaccard_top10,TH53,0.8206492815327302,0.7782698553291999,0.849934296977661,5,5
across_radii,RF,RF_25km,RF_10km,jaccard_top10,TH54,0.797747306562194,0.7002746174970577,0.8303176517893044,5,5
across_radii,RF,RF_25km,RF_10km,jaccard_top10,TH55,0.8629864972200159,0.8131868131868132,0.8728965270318654,5,5
across_radii,RF,RF_25km,RF_10km,jaccard_top10,TH56,0.7948079658605974,0.7591149890931754,0.8281622911694511,5,5
across_radii,RF,RF_25km,RF_10km,jaccard_top10,TH57,0.8710359408033826,0.8163930976430976,0.8725597718797982,5,5
across_radii,RF,RF_25km,RF_10km,jaccard_top10,TH58,0.7421875,0.7313868613138687,0.7828947368421053,5,5
across_radii,RF,RF_25km,RF_10km,ssim_rank_21,TH50,0.8616755604743958,0.8385753631591797,0.8663865327835083,5,5
across_radii,RF,RF_25km,RF_10km,ssim_rank_21,TH51,0.9310821294784546,0.9174802303314209,0.9345650672912598,5,5
across_radii,RF,RF_25km,RF_10km,ssim_rank_21,TH52,0.8544911742210388,0.8228133320808411,0.8668615818023682,5,5
across_radii,RF,RF_25km,RF_10km,ssim_rank_21,TH53,0.9020540714263916,0.884344756603241,0.9107469320297241,5,5
across_radii,RF,RF_25km,RF_10km,ssim_rank_21,TH54,0.8422179818153381,0.8191764950752258,0.8567942976951599,5,5
across_radii,RF,RF_25km,RF_10km,ssim_rank_21,TH55,0.8203170299530029,0.7974340319633484,0.8327435255050659,5,5
across_radii,RF,RF_25km,RF_10km,ssim_rank_21,TH56,0.8495429158210754,0.8324812650680542,0.8659055829048157,5,5
across_radii,RF,RF_25km,RF_10km,ssim_rank_21,TH57,0.851753294467926,0.8498620390892029,0.879431962966919,5,5
across_radii,RF,RF_25km,RF_10km,ssim_rank_21,TH58,0.7252541780471802,0.7027892470359802,0.7522268295288086,5,5
across_radii,RF,RF_25km,RF_10km,ssim_rank_7,TH50,0.813774049282074,0.7990790605545044,0.8178820610046387,5,5
across_radii,RF,RF_25km,RF_10km,ssim_rank_7,TH51,0.8731362819671631,0.8497154712677002,0.8771868348121643,5,5
across_radii,RF,RF_25km,RF_10km,ssim_rank_7,TH52,0.7978341579437256,0.7693324685096741,0.8032816052436829,5,5
across_radii,RF,RF_25km,RF_10km,ssim_rank_7,TH53,0.8192002773284912,0.7897177934646606,0.8240720629692078,5,5
across_radii,RF,RF_25km,RF_10km,ssim_rank_7,TH54,0.7847500443458557,0.7704504728317261,0.8045514822006226,5,5
across_radii,RF,RF_25km,RF_10km,ssim_rank_7,TH55,0.7419068813323975,0.7330089807510376,0.7612501382827759,5,5
across_radii,RF,RF_25km,RF_10km,ssim_rank_7,TH56,0.7839314341545105,0.7729036808013916,0.8100200295448303,5,5
across_radii,RF,RF_25km,RF_10km,ssim_rank_7,TH57,0.8225427865982056,0.8114644289016724,0.8481241464614868,5,5
across_radii,RF,RF_25km,RF_10km,ssim_rank_7,TH58,0.6600263118743896,0.6486846804618835,0.6742034554481506,5,5
across_radii,RF,RF_25km,RF_10km,ssim_raw_21,TH50,0.883033275604248,0.8564152717590332,0.8907562494277954,5,5
across_radii,RF,RF_25km,RF_10km,ssim_raw_21,TH51,0.9475329518318176,0.9327179789543152,0.9516416192054749,5,5
across_radii,RF,RF_25km,RF_10km,ssim_raw_21,TH52,0.8942694664001465,0.8725396990776062,0.9089085459709167,5,5
across_radii,RF,RF_25km,RF_10km,ssim_raw_21,TH53,0.9279280304908752,0.9244034886360168,0.9392762184143066,5,5
across_radii,RF,RF_25km,RF_10km,ssim_raw_21,TH54,0.9046911597251892,0.8879003524780273,0.9257282018661499,5,5
across_radii,RF,RF_25km,RF_10km,ssim_raw_21,TH55,0.8863368630409241,0.8490461111068726,0.8897364139556885,5,5
across_radii,RF,RF_25km,RF_10km,ssim_raw_21,TH56,0.8959658145904541,0.8867611885070801,0.9071837067604065,5,5
across_radii,RF,RF_25km,RF_10km,ssim_raw_21,TH57,0.9219173789024353,0.9122000932693481,0.9337964057922363,5,5
across_radii,RF,RF_25km,RF_10km,ssim_raw_21,TH58,0.785885751247406,0.7383428812026978,0.8037359118461609,5,5
across_radii,RF,RF_25km,RF_10km,ssim_raw_7,TH50,0.8626067638397217,0.8365380167961121,0.8688135147094727,5,5
across_radii,RF,RF_25km,RF_10km,ssim_raw_7,TH51,0.9231591820716858,0.9185082316398621,0.9268081784248352,5,5
across_radii,RF,RF_25km,RF_10km,ssim_raw_7,TH52,0.8807083368301392,0.8656111359596252,0.8933859467506409,5,5
across_radii,RF,RF_25km,RF_10km,ssim_raw_7,TH53,0.9120712280273438,0.9105100035667419,0.9230637550354004,5,5
across_radii,RF,RF_25km,RF_10km,ssim_raw_7,TH54,0.8931816816329956,0.8854603171348572,0.9107760190963745,5,5
across_radii,RF,RF_25km,RF_10km,ssim_raw_7,TH55,0.8671427369117737,0.8276287913322449,0.8733760118484497,5,5
across_radii,RF,RF_25km,RF_10km,ssim_raw_7,TH56,0.8867353200912476,0.879654049873352,0.8913362622261047,5,5
across_radii,RF,RF_25km,RF_10km,ssim_raw_7,TH57,0.899185061454773,0.8855589628219604,0.9116754531860352,5,5
across_radii,RF,RF_25km,RF_10km,ssim_raw_7,TH58,0.7498167157173157,0.7077900767326355,0.7675697207450867,5,5
across_radii,RF,RF_5km,RF_10km,jaccard_top10,TH50,0.803390901432182,0.7973759390540683,0.8353054045410937,5,5
across_radii,RF,RF_5km,RF_10km,jaccard_top10,TH51,0.8071155542487504,0.7925669835782195,0.8228060368921185,5,5
across_radii,RF,RF_5km,RF_10km,jaccard_top10,TH52,0.800508618253744,0.7590851690753473,0.8176287282979671,5,5
across_radii,RF,RF_5km,RF_10km,jaccard_top10,TH53,0.7512752003886325,0.7114920328343796,0.8247887323943662,5,5
across_radii,RF,RF_5km,RF_10km,jaccard_top10,TH54,0.7228024369016536,0.7069917203311867,0.7396544797107272,5,5
across_radii,RF,RF_5km,RF_10km,jaccard_top10,TH55,0.7811346089291709,0.7553773240977032,0.8170326014637392,5,5
across_radii,RF,RF_5km,RF_10km,jaccard_top10,TH56,0.73635806253832,0.7068903962870403,0.7384116693679093,5,5
across_radii,RF,RF_5km,RF_10km,jaccard_top10,TH57,0.7892620148803539,0.7725008302889406,0.8514777001612036,5,5
across_radii,RF,RF_5km,RF_10km,jaccard_top10,TH58,0.6079622132253711,0.5550918196994992,0.7307032590051458,5,5
across_radii,RF,RF_5km,RF_10km,ssim_rank_21,TH50,0.8346379995346069,0.7878464460372925,0.8592536449432373,5,5
across_radii,RF,RF_5km,RF_10km,ssim_rank_21,TH51,0.8735059499740601,0.8296258449554443,0.8829097151756287,5,5
across_radii,RF,RF_5km,RF_10km,ssim_rank_21,TH52,0.8334254622459412,0.8107569813728333,0.8447368144989014,5,5
across_radii,RF,RF_5km,RF_10km,ssim_rank_21,TH53,0.8572697639465332,0.8196071982383728,0.8664031028747559,5,5
across_radii,RF,RF_5km,RF_10km,ssim_rank_21,TH54,0.8240121006965637,0.7979357242584229,0.8370879292488098,5,5
across_radii,RF,RF_5km,RF_10km,ssim_rank_21,TH55,0.8294334411621094,0.7961311936378479,0.8363478779792786,5,5
across_radii,RF,RF_5km,RF_10km,ssim_rank_21,TH56,0.8153885006904602,0.800708532333374,0.8334436416625977,5,5
across_radii,RF,RF_5km,RF_10km,ssim_rank_21,TH57,0.8481319546699524,0.827116847038269,0.8539046049118042,5,5
across_radii,RF,RF_5km,RF_10km,ssim_rank_21,TH58,0.773527204990387,0.7319874167442322,0.8213152885437012,5,5
across_radii,RF,RF_5km,RF_10km,ssim_rank_7,TH50,0.7783581018447876,0.7438483238220215,0.8021135330200195,5,5
across_radii,RF,RF_5km,RF_10km,ssim_rank_7,TH51,0.7968798875808716,0.7539740204811096,0.8058061599731445,5,5
across_radii,RF,RF_5km,RF_10km,ssim_rank_7,TH52,0.7526063323020935,0.733742356300354,0.7605159878730774,5,5
across_radii,RF,RF_5km,RF_10km,ssim_rank_7,TH53,0.7434265613555908,0.7061902284622192,0.7520190477371216,5,5
across_radii,RF,RF_5km,RF_10km,ssim_rank_7,TH54,0.7402759790420532,0.71015864610672,0.7552694082260132,5,5
across_radii,RF,RF_5km,RF_10km,ssim_rank_7,TH55,0.7226492762565613,0.7062942981719971,0.728484034538269,5,5
across_radii,RF,RF_5km,RF_10km,ssim_rank_7,TH56,0.7109577655792236,0.7060644626617432,0.7258778810501099,5,5
across_radii,RF,RF_5km,RF_10km,ssim_rank_7,TH57,0.7754799723625183,0.7584124803543091,0.7915119528770447,5,5
across_radii,RF,RF_5km,RF_10km,ssim_rank_7,TH58,0.7044373750686646,0.6689541935920715,0.7339802384376526,5,5
across_radii,RF,RF_5km,RF_10km,ssim_raw_21,TH50,0.7677758932113647,0.7538023591041565,0.779870331287384,5,5
across_radii,RF,RF_5km,RF_10km,ssim_raw_21,TH51,0.8955669403076172,0.8742305040359497,0.9100788235664368,5,5
across_radii,RF,RF_5km,RF_10km,ssim_raw_21,TH52,0.8097478747367859,0.7924211025238037,0.8205687999725342,5,5
across_radii,RF,RF_5km,RF_10km,ssim_raw_21,TH53,0.8729947805404663,0.8639585375785828,0.8877671957015991,5,5
across_radii,RF,RF_5km,RF_10km,ssim_raw_21,TH54,0.8377671241760254,0.8266335129737854,0.847290575504303,5,5
across_radii,RF,RF_5km,RF_10km,ssim_raw_21,TH55,0.8024767637252808,0.7842258214950562,0.820605456829071,5,5
across_radii,RF,RF_5km,RF_10km,ssim_raw_21,TH56,0.8298667669296265,0.8063803911209106,0.8333405256271362,5,5
across_radii,RF,RF_5km,RF_10km,ssim_raw_21,TH57,0.8545554280281067,0.8427119255065918,0.8581411242485046,5,5
across_radii,RF,RF_5km,RF_10km,ssim_raw_21,TH58,0.6943255066871643,0.6257542371749878,0.722683310508728,5,5
across_radii,RF,RF_5km,RF_10km,ssim_raw_7,TH50,0.7209177613258362,0.7108739614486694,0.7269817590713501,5,5
across_radii,RF,RF_5km,RF_10km,ssim_raw_7,TH51,0.8332263827323914,0.804772138595581,0.8566606640815735,5,5
across_radii,RF,RF_5km,RF_10km,ssim_raw_7,TH52,0.7606205940246582,0.749790608882904,0.7725479602813721,5,5
across_radii,RF,RF_5km,RF_10km,ssim_raw_7,TH53,0.8246046900749207,0.8172647953033447,0.8481582999229431,5,5
across_radii,RF,RF_5km,RF_10km,ssim_raw_7,TH54,0.7963985800743103,0.7918862104415894,0.8078102469444275,5,5
across_radii,RF,RF_5km,RF_10km,ssim_raw_7,TH55,0.7525203227996826,0.7423573732376099,0.769697368144989,5,5
across_radii,RF,RF_5km,RF_10km,ssim_raw_7,TH56,0.8019553422927856,0.7862535119056702,0.8116910457611084,5,5
across_radii,RF,RF_5km,RF_10km,ssim_raw_7,TH57,0.833734393119812,0.8292379975318909,0.8386695384979248,5,5
across_radii,RF,RF_5km,RF_10km,ssim_raw_7,TH58,0.6561524271965027,0.5760504007339478,0.6831597685813904,5,5
across_radii,RF,RF_Rinf,RF_10km,jaccard_top10,TH50,0.8540752712999308,0.8346576684445411,0.8774860779634049,5,5
across_radii,RF,RF_Rinf,RF_10km,jaccard_top10,TH51,0.8681932421111421,0.8562735439003187,0.8811338006705273,5,5
across_radii,RF,RF_Rinf,RF_10km,jaccard_top10,TH52,0.8422155688622754,0.8241624981051994,0.8659473839787171,5,5
across_radii,RF,RF_Rinf,RF_10km,jaccard_top10,TH53,0.7953406813627254,0.7522016398420893,0.8469584365538123,5,5
across_radii,RF,RF_Rinf,RF_10km,jaccard_top10,TH54,0.7432683379758589,0.6717757009345794,0.8141627543035994,5,5
across_radii,RF,RF_Rinf,RF_10km,jaccard_top10,TH55,0.8417015341701534,0.8024193548387096,0.8605210420841684,5,5
across_radii,RF,RF_Rinf,RF_10km,jaccard_top10,TH56,0.7807772174428953,0.7472732938610159,0.7993311036789298,5,5
across_radii,RF,RF_Rinf,RF_10km,jaccard_top10,TH57,0.8567582121701669,0.802565180824222,0.8634936211972523,5,5
across_radii,RF,RF_Rinf,RF_10km,jaccard_top10,TH58,0.7167785234899329,0.6626344086021505,0.7360350492880613,5,5
across_radii,RF,RF_Rinf,RF_10km,ssim_rank_21,TH50,0.8356665372848511,0.8037495017051697,0.8460003733634949,5,5
across_radii,RF,RF_Rinf,RF_10km,ssim_rank_21,TH51,0.922886073589325,0.9095866680145264,0.9277766346931458,5,5
across_radii,RF,RF_Rinf,RF_10km,ssim_rank_21,TH52,0.8419981002807617,0.8170982003211975,0.8646471500396729,5,5
across_radii,RF,RF_Rinf,RF_10km,ssim_rank_21,TH53,0.8888789415359497,0.8725974559783936,0.8939601182937622,5,5
across_radii,RF,RF_Rinf,RF_10km,ssim_rank_21,TH54,0.8173109292984009,0.7918860912322998,0.8469573855400085,5,5
across_radii,RF,RF_Rinf,RF_10km,ssim_rank_21,TH55,0.8011612296104431,0.794398844242096,0.8237202167510986,5,5
across_radii,RF,RF_Rinf,RF_10km,ssim_rank_21,TH56,0.83845454454422,0.8286768198013306,0.860745906829834,5,5
across_radii,RF,RF_Rinf,RF_10km,ssim_rank_21,TH57,0.859566867351532,0.8366051316261292,0.8651473522186279,5,5
across_radii,RF,RF_Rinf,RF_10km,ssim_rank_21,TH58,0.6963433027267456,0.6646124124526978,0.7287427186965942,5,5
across_radii,RF,RF_Rinf,RF_10km,ssim_rank_7,TH50,0.790594756603241,0.75722736120224,0.7921443581581116,5,5
across_radii,RF,RF_Rinf,RF_10km,ssim_rank_7,TH51,0.8593732714653015,0.8420112133026123,0.8703175783157349,5,5
across_radii,RF,RF_Rinf,RF_10km,ssim_rank_7,TH52,0.7804376482963562,0.7586594223976135,0.8002640604972839,5,5
across_radii,RF,RF_Rinf,RF_10km,ssim_rank_7,TH53,0.798765242099762,0.7794279456138611,0.8093066215515137,5,5
across_radii,RF,RF_Rinf,RF_10km,ssim_rank_7,TH54,0.7621327638626099,0.7369694709777832,0.7943183183670044,5,5
across_radii,RF,RF_Rinf,RF_10km,ssim_rank_7,TH55,0.7344173192977905,0.7242480516433716,0.747011125087738,5,5
across_radii,RF,RF_Rinf,RF_10km,ssim_rank_7,TH56,0.769642174243927,0.7634444832801819,0.7943892478942871,5,5
across_radii,RF,RF_Rinf,RF_10km,ssim_rank_7,TH57,0.8172762989997864,0.8014718890190125,0.8298707604408264,5,5
across_radii,RF,RF_Rinf,RF_10km,ssim_rank_7,TH58,0.6217847466468811,0.605353593826294,0.6545026898384094,5,5
across_radii,RF,RF_Rinf,RF_10km,ssim_raw_21,TH50,0.8614976406097412,0.8481063842773438,0.8677429556846619,5,5
across_radii,RF,RF_Rinf,RF_10km,ssim_raw_21,TH51,0.9348335266113281,0.917583167552948,0.939357340335846,5,5
across_radii,RF,RF_Rinf,RF_10km,ssim_raw_21,TH52,0.8845614790916443,0.8593605160713196,0.8957986831665039,5,5
across_radii,RF,RF_Rinf,RF_10km,ssim_raw_21,TH53,0.9144243001937866,0.9087912440299988,0.9306352734565735,5,5
across_radii,RF,RF_Rinf,RF_10km,ssim_raw_21,TH54,0.88668292760849,0.8667763471603394,0.907028079032898,5,5
across_radii,RF,RF_Rinf,RF_10km,ssim_raw_21,TH55,0.8708357810974121,0.840185821056366,0.8808699250221252,5,5
across_radii,RF,RF_Rinf,RF_10km,ssim_raw_21,TH56,0.874127209186554,0.8677586317062378,0.8920469880104065,5,5
across_radii,RF,RF_Rinf,RF_10km,ssim_raw_21,TH57,0.9067082405090332,0.889448881149292,0.9241630434989929,5,5
across_radii,RF,RF_Rinf,RF_10km,ssim_raw_21,TH58,0.7543544173240662,0.7222623229026794,0.7746794819831848,5,5
across_radii,RF,RF_Rinf,RF_10km,ssim_raw_7,TH50,0.8386082053184509,0.8261284828186035,0.8484009504318237,5,5
across_radii,RF,RF_Rinf,RF_10km,ssim_raw_7,TH51,0.9097451567649841,0.9023857116699219,0.9187403917312622,5,5
across_radii,RF,RF_Rinf,RF_10km,ssim_raw_7,TH52,0.8681363463401794,0.8498741388320923,0.8788589239120483,5,5
across_radii,RF,RF_Rinf,RF_10km,ssim_raw_7,TH53,0.8979723453521729,0.8952834606170654,0.9143897891044617,5,5
across_radii,RF,RF_Rinf,RF_10km,ssim_raw_7,TH54,0.8709843754768372,0.864142119884491,0.8919660449028015,5,5
across_radii,RF,RF_Rinf,RF_10km,ssim_raw_7,TH55,0.8489534258842468,0.8122836351394653,0.8615471124649048,5,5
across_radii,RF,RF_Rinf,RF_10km,ssim_raw_7,TH56,0.8665491938591003,0.8547539114952087,0.8715519905090332,5,5
across_radii,RF,RF_Rinf,RF_10km,ssim_raw_7,TH57,0.8793242573738098,0.8516665697097778,0.8938575983047485,5,5
across_radii,RF,RF_Rinf,RF_10km,ssim_raw_7,TH58,0.7133777737617493,0.6875144243240356,0.745404839515686,5,5
across_radii,XGB,XGB_1km,XGB_10km,jaccard_top10,TH50,0.19720433054680006,0.13843938957673482,0.20314200217627856,5,5
across_radii,XGB,XGB_1km,XGB_10km,jaccard_top10,TH51,0.2206703910614525,0.20965478529329218,0.2531041069723018,5,5
across_radii,XGB,XGB_1km,XGB_10km,jaccard_top10,TH52,0.2361241768579492,0.20391396658358718,0.24516021361815754,5,5
across_radii,XGB,XGB_1km,XGB_10km,jaccard_top10,TH53,0.17266811279826463,0.15182648401826485,0.20178299630354424,5,5
across_radii,XGB,XGB_1km,XGB_10km,jaccard_top10,TH54,0.18078512396694216,0.16851918250268913,0.23727137913989124,5,5
across_radii,XGB,XGB_1km,XGB_10km,jaccard_top10,TH55,0.14253624668164183,0.061920608509626815,0.15463331438317227,5,5
across_radii,XGB,XGB_1km,XGB_10km,jaccard_top10,TH56,0.1557759626604434,0.13199045852107077,0.1818426000537201,5,5
across_radii,XGB,XGB_1km,XGB_10km,jaccard_top10,TH57,0.18894612051344944,0.13076008670722328,0.21733774732465932,5,5
across_radii,XGB,XGB_1km,XGB_10km,jaccard_top10,TH58,0.05950609937518596,0.02861111111111111,0.140241669718052,5,5
across_radii,XGB,XGB_1km,XGB_10km,ssim_rank_21,TH50,0.19556432962417603,0.13128630816936493,0.3168507218360901,5,5
across_radii,XGB,XGB_1km,XGB_10km,ssim_rank_21,TH51,0.3700518310070038,0.26267266273498535,0.4268767237663269,5,5
across_radii,XGB,XGB_1km,XGB_10km,ssim_rank_21,TH52,0.4069358706474304,0.21278226375579834,0.46397295594215393,5,5
across_radii,XGB,XGB_1km,XGB_10km,ssim_rank_21,TH53,0.3659670650959015,0.2520788013935089,0.43273836374282837,5,5
across_radii,XGB,XGB_1km,XGB_10km,ssim_rank_21,TH54,0.381219744682312,0.1420522928237915,0.4149680435657501,5,5
across_radii,XGB,XGB_1km,XGB_10km,ssim_rank_21,TH55,0.18129940330982208,-0.023792555555701256,0.3029179573059082,5,5
across_radii,XGB,XGB_1km,XGB_10km,ssim_rank_21,TH56,0.2642970681190491,-0.0019339119317010045,0.36128169298171997,5,5
across_radii,XGB,XGB_1km,XGB_10km,ssim_rank_21,TH57,0.14300309121608734,-0.057546213269233704,0.21099664270877838,5,5
across_radii,XGB,XGB_1km,XGB_10km,ssim_rank_21,TH58,0.12162786722183228,0.02440628409385681,0.23815685510635376,5,5
across_radii,XGB,XGB_1km,XGB_10km,ssim_rank_7,TH50,0.28912869095802307,0.2541893720626831,0.3410041928291321,5,5
across_radii,XGB,XGB_1km,XGB_10km,ssim_rank_7,TH51,0.37975120544433594,0.3243926763534546,0.4288995563983917,5,5
across_radii,XGB,XGB_1km,XGB_10km,ssim_rank_7,TH52,0.3759421706199646,0.27539294958114624,0.410320520401001,5,5
across_radii,XGB,XGB_1km,XGB_10km,ssim_rank_7,TH53,0.3725408613681793,0.2721116542816162,0.4197567403316498,5,5
across_radii,XGB,XGB_1km,XGB_10km,ssim_rank_7,TH54,0.36953726410865784,0.2535308599472046,0.3919411599636078,5,5
across_radii,XGB,XGB_1km,XGB_10km,ssim_rank_7,TH55,0.27804216742515564,0.14095179736614227,0.35528993606567383,5,5
across_radii,XGB,XGB_1km,XGB_10km,ssim_rank_7,TH56,0.2863010764122009,0.13882799446582794,0.3494853079319,5,5
across_radii,XGB,XGB_1km,XGB_10km,ssim_rank_7,TH57,0.24092964828014374,0.05528901517391205,0.24812400341033936,5,5
across_radii,XGB,XGB_1km,XGB_10km,ssim_rank_7,TH58,0.23413513600826263,0.196441650390625,0.32369956374168396,5,5
across_radii,XGB,XGB_1km,XGB_10km,ssim_raw_21,TH50,0.15533743798732758,0.13453370332717896,0.1825939416885376,5,5
across_radii,XGB,XGB_1km,XGB_10km,ssim_raw_21,TH51,0.29619619250297546,0.2922189235687256,0.30022040009498596,5,5
across_radii,XGB,XGB_1km,XGB_10km,ssim_raw_21,TH52,0.2299044281244278,0.1846267431974411,0.2382332682609558,5,5
across_radii,XGB,XGB_1km,XGB_10km,ssim_raw_21,TH53,0.3171605169773102,0.28150081634521484,0.33567744493484497,5,5
across_radii,XGB,XGB_1km,XGB_10km,ssim_raw_21,TH54,0.2405046671628952,0.20526033639907837,0.2745155096054077,5,5
across_radii,XGB,XGB_1km,XGB_10km,ssim_raw_21,TH55,0.14192833006381989,0.07252606004476547,0.16827283799648285,5,5
across_radii,XGB,XGB_1km,XGB_10km,ssim_raw_21,TH56,0.21396106481552124,0.16422753036022186,0.23766930401325226,5,5
across_radii,XGB,XGB_1km,XGB_10km,ssim_raw_21,TH57,0.26879069209098816,0.1966003179550171,0.2776809334754944,5,5
across_radii,XGB,XGB_1km,XGB_10km,ssim_raw_21,TH58,0.07139328122138977,0.05341983586549759,0.11181280016899109,5,5
across_radii,XGB,XGB_1km,XGB_10km,ssim_raw_7,TH50,0.15355342626571655,0.13771413266658783,0.16260220110416412,5,5
across_radii,XGB,XGB_1km,XGB_10km,ssim_raw_7,TH51,0.2559320628643036,0.24659982323646545,0.2674478590488434,5,5
across_radii,XGB,XGB_1km,XGB_10km,ssim_raw_7,TH52,0.1923079639673233,0.17765772342681885,0.20970092713832855,5,5
across_radii,XGB,XGB_1km,XGB_10km,ssim_raw_7,TH53,0.2455165535211563,0.22254174947738647,0.2752247154712677,5,5
across_radii,XGB,XGB_1km,XGB_10km,ssim_raw_7,TH54,0.2021874040365219,0.18826638162136078,0.24609443545341492,5,5
across_radii,XGB,XGB_1km,XGB_10km,ssim_raw_7,TH55,0.1338214874267578,0.09103156626224518,0.1387551873922348,5,5
across_radii,XGB,XGB_1km,XGB_10km,ssim_raw_7,TH56,0.20249231159687042,0.18650630116462708,0.2196623533964157,5,5
across_radii,XGB,XGB_1km,XGB_10km,ssim_raw_7,TH57,0.24841809272766113,0.2107597291469574,0.26106563210487366,5,5
across_radii,XGB,XGB_1km,XGB_10km,ssim_raw_7,TH58,0.06644555181264877,0.05422823131084442,0.0847063660621643,5,5
across_radii,XGB,XGB_20km,XGB_10km,jaccard_top10,TH50,0.8068831699346405,0.7601164775579877,0.8489577765900588,5,5
across_radii,XGB,XGB_20km,XGB_10km,jaccard_top10,TH51,0.8266205160478288,0.7536270822138635,0.833283626603042,5,5
across_radii,XGB,XGB_20km,XGB_10km,jaccard_top10,TH52,0.8110709987966306,0.7499254399045631,0.8242830106274567,5,5
across_radii,XGB,XGB_20km,XGB_10km,jaccard_top10,TH53,0.6502692119432207,0.629188850610711,0.7292267365661861,5,5
across_radii,XGB,XGB_20km,XGB_10km,jaccard_top10,TH54,0.6689280868385346,0.6069459757442117,0.7187218721872187,5,5
across_radii,XGB,XGB_20km,XGB_10km,jaccard_top10,TH55,0.7482736974262398,0.6785220994475138,0.7648507232994768,5,5
across_radii,XGB,XGB_20km,XGB_10km,jaccard_top10,TH56,0.6496529195590037,0.613666815542653,0.6983362521891419,5,5
across_radii,XGB,XGB_20km,XGB_10km,jaccard_top10,TH57,0.7878700499807766,0.7465224111282844,0.8089143470867269,5,5
across_radii,XGB,XGB_20km,XGB_10km,jaccard_top10,TH58,0.6903304773561811,0.6412556053811659,0.739093242087254,5,5
across_radii,XGB,XGB_20km,XGB_10km,ssim_rank_21,TH50,0.8891007900238037,0.8671062588691711,0.9093806147575378,5,5
across_radii,XGB,XGB_20km,XGB_10km,ssim_rank_21,TH51,0.943444550037384,0.9203202724456787,0.9557153582572937,5,5
across_radii,XGB,XGB_20km,XGB_10km,ssim_rank_21,TH52,0.9217557311058044,0.909514307975769,0.9426069855690002,5,5
across_radii,XGB,XGB_20km,XGB_10km,ssim_rank_21,TH53,0.9254977107048035,0.9024678468704224,0.9485980868339539,5,5
across_radii,XGB,XGB_20km,XGB_10km,ssim_rank_21,TH54,0.9124605655670166,0.9090524911880493,0.9414652585983276,5,5
across_radii,XGB,XGB_20km,XGB_10km,ssim_rank_21,TH55,0.9042912721633911,0.8850838541984558,0.9393953680992126,5,5
across_radii,XGB,XGB_20km,XGB_10km,ssim_rank_21,TH56,0.9350982904434204,0.9157253503799438,0.9446937441825867,5,5
across_radii,XGB,XGB_20km,XGB_10km,ssim_rank_21,TH57,0.9301950335502625,0.9117695093154907,0.9366847276687622,5,5
across_radii,XGB,XGB_20km,XGB_10km,ssim_rank_21,TH58,0.8582905530929565,0.79477459192276,0.8906375765800476,5,5
across_radii,XGB,XGB_20km,XGB_10km,ssim_rank_7,TH50,0.8247431516647339,0.8221604824066162,0.8718395829200745,5,5
across_radii,XGB,XGB_20km,XGB_10km,ssim_rank_7,TH51,0.9045626521110535,0.8679587841033936,0.9182935357093811,5,5
across_radii,XGB,XGB_20km,XGB_10km,ssim_rank_7,TH52,0.8694842457771301,0.8559291362762451,0.8983474373817444,5,5
across_radii,XGB,XGB_20km,XGB_10km,ssim_rank_7,TH53,0.8744419813156128,0.8606438636779785,0.914384663105011,5,5
across_radii,XGB,XGB_20km,XGB_10km,ssim_rank_7,TH54,0.8616530299186707,0.8349136710166931,0.903753936290741,5,5
across_radii,XGB,XGB_20km,XGB_10km,ssim_rank_7,TH55,0.8461054563522339,0.8217523097991943,0.8943206071853638,5,5
across_radii,XGB,XGB_20km,XGB_10km,ssim_rank_7,TH56,0.8911852836608887,0.8678812980651855,0.9052180647850037,5,5
across_radii,XGB,XGB_20km,XGB_10km,ssim_rank_7,TH57,0.8908092379570007,0.8758968710899353,0.8998993039131165,5,5
across_radii,XGB,XGB_20km,XGB_10km,ssim_rank_7,TH58,0.8033851385116577,0.7362421154975891,0.8496021628379822,5,5
across_radii,XGB,XGB_20km,XGB_10km,ssim_raw_21,TH50,0.9042251706123352,0.8610653877258301,0.9264758229255676,5,5
across_radii,XGB,XGB_20km,XGB_10km,ssim_raw_21,TH51,0.892635703086853,0.7804204225540161,0.9295757412910461,5,5
across_radii,XGB,XGB_20km,XGB_10km,ssim_raw_21,TH52,0.8949210047721863,0.8575899004936218,0.9250615239143372,5,5
across_radii,XGB,XGB_20km,XGB_10km,ssim_raw_21,TH53,0.8847073912620544,0.8026564121246338,0.899402916431427,5,5
across_radii,XGB,XGB_20km,XGB_10km,ssim_raw_21,TH54,0.8868198394775391,0.8454530239105225,0.9015967845916748,5,5
across_radii,XGB,XGB_20km,XGB_10km,ssim_raw_21,TH55,0.9042642116546631,0.8777790069580078,0.9378286600112915,5,5
across_radii,XGB,XGB_20km,XGB_10km,ssim_raw_21,TH56,0.8746192455291748,0.8025182485580444,0.9278408885002136,5,5
across_radii,XGB,XGB_20km,XGB_10km,ssim_raw_21,TH57,0.8786775469779968,0.8233437538146973,0.9070397019386292,5,5
across_radii,XGB,XGB_20km,XGB_10km,ssim_raw_21,TH58,0.9382633566856384,0.890825629234314,0.9436449408531189,5,5
across_radii,XGB,XGB_20km,XGB_10km,ssim_raw_7,TH50,0.9150193333625793,0.878369152545929,0.9296711087226868,5,5
across_radii,XGB,XGB_20km,XGB_10km,ssim_raw_7,TH51,0.8860408663749695,0.8065974116325378,0.924968421459198,5,5
across_radii,XGB,XGB_20km,XGB_10km,ssim_raw_7,TH52,0.8979062438011169,0.8731435537338257,0.9221604466438293,5,5
across_radii,XGB,XGB_20km,XGB_10km,ssim_raw_7,TH53,0.8821852803230286,0.827997624874115,0.8993159532546997,5,5
across_radii,XGB,XGB_20km,XGB_10km,ssim_raw_7,TH54,0.90147465467453,0.8823586106300354,0.916948676109314,5,5
across_radii,XGB,XGB_20km,XGB_10km,ssim_raw_7,TH55,0.9205310344696045,0.9107741713523865,0.9425383806228638,5,5
across_radii,XGB,XGB_20km,XGB_10km,ssim_raw_7,TH56,0.8728858828544617,0.8354625105857849,0.9189108610153198,5,5
across_radii,XGB,XGB_20km,XGB_10km,ssim_raw_7,TH57,0.8598185777664185,0.8240044116973877,0.8981291651725769,5,5
across_radii,XGB,XGB_20km,XGB_10km,ssim_raw_7,TH58,0.9425883293151855,0.922092080116272,0.9520719647407532,5,5
across_radii,XGB,XGB_25km,XGB_10km,jaccard_top10,TH50,0.8127035830618893,0.7768478370474942,0.8316757566035718,5,5
across_radii,XGB,XGB_25km,XGB_10km,jaccard_top10,TH51,0.8369497830130193,0.7670531140469129,0.8602089805139791,5,5
across_radii,XGB,XGB_25km,XGB_10km,jaccard_top10,TH52,0.8019372560358536,0.7873469989677039,0.8280158006684898,5,5
across_radii,XGB,XGB_25km,XGB_10km,jaccard_top10,TH53,0.6716804979253111,0.6538849646821393,0.7350382283153177,5,5
across_radii,XGB,XGB_25km,XGB_10km,jaccard_top10,TH54,0.6916853932584269,0.6387900355871886,0.7339853300733497,5,5
across_radii,XGB,XGB_25km,XGB_10km,jaccard_top10,TH55,0.7412199630314233,0.7014598540145985,0.7798645320197044,5,5
across_radii,XGB,XGB_25km,XGB_10km,jaccard_top10,TH56,0.6538629419467481,0.6351568785197104,0.6981474754812932,5,5
across_radii,XGB,XGB_25km,XGB_10km,jaccard_top10,TH57,0.7927699954812472,0.7733443404879838,0.8139106402579457,5,5
across_radii,XGB,XGB_25km,XGB_10km,jaccard_top10,TH58,0.7029438001784122,0.6035294117647059,0.7707786526684165,5,5
across_radii,XGB,XGB_25km,XGB_10km,ssim_rank_21,TH50,0.888322651386261,0.8695937395095825,0.9074199199676514,5,5
across_radii,XGB,XGB_25km,XGB_10km,ssim_rank_21,TH51,0.94175124168396,0.9310430884361267,0.9619977474212646,5,5
across_radii,XGB,XGB_25km,XGB_10km,ssim_rank_21,TH52,0.9207248091697693,0.9125823378562927,0.9395751357078552,5,5
across_radii,XGB,XGB_25km,XGB_10km,ssim_rank_21,TH53,0.9253526926040649,0.9076250791549683,0.9492887854576111,5,5
across_radii,XGB,XGB_25km,XGB_10km,ssim_rank_21,TH54,0.9250619411468506,0.8968043327331543,0.9322131872177124,5,5
across_radii,XGB,XGB_25km,XGB_10km,ssim_rank_21,TH55,0.9050982594490051,0.8862818479537964,0.9278880953788757,5,5
across_radii,XGB,XGB_25km,XGB_10km,ssim_rank_21,TH56,0.9262263178825378,0.917527437210083,0.9351714849472046,5,5
across_radii,XGB,XGB_25km,XGB_10km,ssim_rank_21,TH57,0.9051742553710938,0.9017807841300964,0.9295400381088257,5,5
across_radii,XGB,XGB_25km,XGB_10km,ssim_rank_21,TH58,0.8419310450553894,0.7967113256454468,0.864866316318512,5,5
across_radii,XGB,XGB_25km,XGB_10km,ssim_rank_7,TH50,0.833800196647644,0.8150532245635986,0.8594055771827698,5,5
across_radii,XGB,XGB_25km,XGB_10km,ssim_rank_7,TH51,0.9031872153282166,0.8851035833358765,0.922640860080719,5,5
across_radii,XGB,XGB_25km,XGB_10km,ssim_rank_7,TH52,0.881427526473999,0.8611299991607666,0.8979540467262268,5,5
across_radii,XGB,XGB_25km,XGB_10km,ssim_rank_7,TH53,0.8862557411193848,0.8700469732284546,0.9092372059822083,5,5
across_radii,XGB,XGB_25km,XGB_10km,ssim_rank_7,TH54,0.8802879452705383,0.8331415057182312,0.8896884322166443,5,5
across_radii,XGB,XGB_25km,XGB_10km,ssim_rank_7,TH55,0.859552800655365,0.8323609828948975,0.8817316889762878,5,5
across_radii,XGB,XGB_25km,XGB_10km,ssim_rank_7,TH56,0.8793562054634094,0.8712573051452637,0.8967072367668152,5,5
across_radii,XGB,XGB_25km,XGB_10km,ssim_rank_7,TH57,0.874824583530426,0.8631292581558228,0.8935867547988892,5,5
across_radii,XGB,XGB_25km,XGB_10km,ssim_rank_7,TH58,0.7758781909942627,0.7531089186668396,0.8141684532165527,5,5
across_radii,XGB,XGB_25km,XGB_10km,ssim_raw_21,TH50,0.8968701362609863,0.8784556984901428,0.9225497245788574,5,5
across_radii,XGB,XGB_25km,XGB_10km,ssim_raw_21,TH51,0.9074745774269104,0.8020634055137634,0.9165079593658447,5,5
across_radii,XGB,XGB_25km,XGB_10km,ssim_raw_21,TH52,0.91627436876297,0.8776344060897827,0.9208635687828064,5,5
across_radii,XGB,XGB_25km,XGB_10km,ssim_raw_21,TH53,0.890080988407135,0.83565354347229,0.9175239205360413,5,5
across_radii,XGB,XGB_25km,XGB_10km,ssim_raw_21,TH54,0.8970646858215332,0.8729258179664612,0.9264287352561951,5,5
across_radii,XGB,XGB_25km,XGB_10km,ssim_raw_21,TH55,0.9336487054824829,0.9103059768676758,0.94050532579422,5,5
across_radii,XGB,XGB_25km,XGB_10km,ssim_raw_21,TH56,0.8908178806304932,0.8612135052680969,0.9172274470329285,5,5
across_radii,XGB,XGB_25km,XGB_10km,ssim_raw_21,TH57,0.8795267343521118,0.8350850343704224,0.9014149308204651,5,5
across_radii,XGB,XGB_25km,XGB_10km,ssim_raw_21,TH58,0.927898645401001,0.9138650298118591,0.9454118013381958,5,5
across_radii,XGB,XGB_25km,XGB_10km,ssim_raw_7,TH50,0.9087673425674438,0.8858527541160583,0.9232181906700134,5,5
across_radii,XGB,XGB_25km,XGB_10km,ssim_raw_7,TH51,0.9011130928993225,0.8271427750587463,0.9121726751327515,5,5
across_radii,XGB,XGB_25km,XGB_10km,ssim_raw_7,TH52,0.9085126519203186,0.8850679993629456,0.9144331812858582,5,5
across_radii,XGB,XGB_25km,XGB_10km,ssim_raw_7,TH53,0.8818907141685486,0.8481886386871338,0.9102320671081543,5,5
across_radii,XGB,XGB_25km,XGB_10km,ssim_raw_7,TH54,0.9106799960136414,0.8955391049385071,0.9291394948959351,5,5
across_radii,XGB,XGB_25km,XGB_10km,ssim_raw_7,TH55,0.9383031129837036,0.920272946357727,0.9435179233551025,5,5
across_radii,XGB,XGB_25km,XGB_10km,ssim_raw_7,TH56,0.8959400057792664,0.8741365075111389,0.9089234471321106,5,5
across_radii,XGB,XGB_25km,XGB_10km,ssim_raw_7,TH57,0.8677839636802673,0.8359178900718689,0.8967058658599854,5,5
across_radii,XGB,XGB_25km,XGB_10km,ssim_raw_7,TH58,0.9392203092575073,0.9328187108039856,0.9533771276473999,5,5
across_radii,XGB,XGB_5km,XGB_10km,jaccard_top10,TH50,0.7488111089975271,0.7407336645013374,0.7803,5,5
across_radii,XGB,XGB_5km,XGB_10km,jaccard_top10,TH51,0.8010113027959548,0.7748004561003421,0.825503355704698,5,5
across_radii,XGB,XGB_5km,XGB_10km,jaccard_top10,TH52,0.7400552486187846,0.7163996741786587,0.7474691443627791,5,5
across_radii,XGB,XGB_5km,XGB_10km,jaccard_top10,TH53,0.6578444747612551,0.6375721093554051,0.7021146184492798,5,5
across_radii,XGB,XGB_5km,XGB_10km,jaccard_top10,TH54,0.6417647058823529,0.6264822134387352,0.680672268907563,5,5
across_radii,XGB,XGB_5km,XGB_10km,jaccard_top10,TH55,0.7099041533546326,0.6525745257452574,0.7414781297134239,5,5
across_radii,XGB,XGB_5km,XGB_10km,jaccard_top10,TH56,0.6590805644060082,0.624680540343191,0.7039106145251397,5,5
across_radii,XGB,XGB_5km,XGB_10km,jaccard_top10,TH57,0.7490118577075099,0.7156398104265402,0.7659334461364918,5,5
across_radii,XGB,XGB_5km,XGB_10km,jaccard_top10,TH58,0.5229681978798587,0.5097668557025835,0.5795369678864825,5,5
across_radii,XGB,XGB_5km,XGB_10km,ssim_rank_21,TH50,0.7712409496307373,0.7294019460678101,0.8078653812408447,5,5
across_radii,XGB,XGB_5km,XGB_10km,ssim_rank_21,TH51,0.8782540559768677,0.8187074065208435,0.886616587638855,5,5
across_radii,XGB,XGB_5km,XGB_10km,ssim_rank_21,TH52,0.84315425157547,0.775993287563324,0.8630584478378296,5,5
across_radii,XGB,XGB_5km,XGB_10km,ssim_rank_21,TH53,0.847235918045044,0.8205234408378601,0.8700811862945557,5,5
across_radii,XGB,XGB_5km,XGB_10km,ssim_rank_21,TH54,0.8201149106025696,0.7858755588531494,0.8569529056549072,5,5
across_radii,XGB,XGB_5km,XGB_10km,ssim_rank_21,TH55,0.7978529334068298,0.7269471883773804,0.8414245843887329,5,5
across_radii,XGB,XGB_5km,XGB_10km,ssim_rank_21,TH56,0.8593173623085022,0.8057399392127991,0.8661150932312012,5,5
across_radii,XGB,XGB_5km,XGB_10km,ssim_rank_21,TH57,0.8429205417633057,0.8211843967437744,0.8791062235832214,5,5
across_radii,XGB,XGB_5km,XGB_10km,ssim_rank_21,TH58,0.736980676651001,0.6803795099258423,0.7697579860687256,5,5
across_radii,XGB,XGB_5km,XGB_10km,ssim_rank_7,TH50,0.7504338622093201,0.7200726866722107,0.78629469871521,5,5
across_radii,XGB,XGB_5km,XGB_10km,ssim_rank_7,TH51,0.8416717052459717,0.7705629467964172,0.8499462604522705,5,5
across_radii,XGB,XGB_5km,XGB_10km,ssim_rank_7,TH52,0.7917742133140564,0.7360260486602783,0.8144219517707825,5,5
across_radii,XGB,XGB_5km,XGB_10km,ssim_rank_7,TH53,0.7927768230438232,0.7624825239181519,0.8148679733276367,5,5
across_radii,XGB,XGB_5km,XGB_10km,ssim_rank_7,TH54,0.7561955451965332,0.7358759641647339,0.8029884696006775,5,5
across_radii,XGB,XGB_5km,XGB_10km,ssim_rank_7,TH55,0.7626216411590576,0.7047605514526367,0.7924274206161499,5,5
across_radii,XGB,XGB_5km,XGB_10km,ssim_rank_7,TH56,0.7921884655952454,0.7529007792472839,0.8037937879562378,5,5
across_radii,XGB,XGB_5km,XGB_10km,ssim_rank_7,TH57,0.8153528571128845,0.7929070591926575,0.8401342630386353,5,5
across_radii,XGB,XGB_5km,XGB_10km,ssim_rank_7,TH58,0.717161238193512,0.6780402064323425,0.7349271178245544,5,5
across_radii,XGB,XGB_5km,XGB_10km,ssim_raw_21,TH50,0.7601140737533569,0.668479859828949,0.7704576253890991,5,5
across_radii,XGB,XGB_5km,XGB_10km,ssim_raw_21,TH51,0.8581687808036804,0.8306884765625,0.877754271030426,5,5
across_radii,XGB,XGB_5km,XGB_10km,ssim_raw_21,TH52,0.8035591840744019,0.776824951171875,0.8285358548164368,5,5
across_radii,XGB,XGB_5km,XGB_10km,ssim_raw_21,TH53,0.8636665940284729,0.8266412615776062,0.8929194808006287,5,5
across_radii,XGB,XGB_5km,XGB_10km,ssim_raw_21,TH54,0.8378893136978149,0.7880629301071167,0.8603640794754028,5,5
across_radii,XGB,XGB_5km,XGB_10km,ssim_raw_21,TH55,0.8272848129272461,0.7509353160858154,0.8353852033615112,5,5
across_radii,XGB,XGB_5km,XGB_10km,ssim_raw_21,TH56,0.8516515493392944,0.8033953309059143,0.8742579221725464,5,5
across_radii,XGB,XGB_5km,XGB_10km,ssim_raw_21,TH57,0.7809069752693176,0.7776848077774048,0.8312140703201294,5,5
across_radii,XGB,XGB_5km,XGB_10km,ssim_raw_21,TH58,0.6345536112785339,0.540591835975647,0.6826547384262085,5,5
across_radii,XGB,XGB_5km,XGB_10km,ssim_raw_7,TH50,0.7517025470733643,0.6685717701911926,0.770140528678894,5,5
across_radii,XGB,XGB_5km,XGB_10km,ssim_raw_7,TH51,0.8232669234275818,0.8152546882629395,0.8393041491508484,5,5
across_radii,XGB,XGB_5km,XGB_10km,ssim_raw_7,TH52,0.776476263999939,0.7596975564956665,0.8152378797531128,5,5
across_radii,XGB,XGB_5km,XGB_10km,ssim_raw_7,TH53,0.8340255618095398,0.7927778363227844,0.877438485622406,5,5
across_radii,XGB,XGB_5km,XGB_10km,ssim_raw_7,TH54,0.8428931832313538,0.8077009916305542,0.8620989322662354,5,5
across_radii,XGB,XGB_5km,XGB_10km,ssim_raw_7,TH55,0.8162086009979248,0.7529062628746033,0.8201040625572205,5,5
across_radii,XGB,XGB_5km,XGB_10km,ssim_raw_7,TH56,0.8459733724594116,0.8064980506896973,0.8780803084373474,5,5
across_radii,XGB,XGB_5km,XGB_10km,ssim_raw_7,TH57,0.7733407616615295,0.7647430896759033,0.8166040182113647,5,5
across_radii,XGB,XGB_5km,XGB_10km,ssim_raw_7,TH58,0.6503652334213257,0.5249674916267395,0.694645345211029,5,5
across_radii,XGB,XGB_Rinf,XGB_10km,jaccard_top10,TH50,0.8112502524742476,0.7852470564556707,0.819747050696142,5,5
across_radii,XGB,XGB_Rinf,XGB_10km,jaccard_top10,TH51,0.8253595538597006,0.7846575342465754,0.8370328744029222,5,5
across_radii,XGB,XGB_Rinf,XGB_10km,jaccard_top10,TH52,0.8037784456848432,0.786296408089345,0.8135311033752081,5,5
across_radii,XGB,XGB_Rinf,XGB_10km,jaccard_top10,TH53,0.6725617685305592,0.6175270108043217,0.72578125,5,5
across_radii,XGB,XGB_Rinf,XGB_10km,jaccard_top10,TH54,0.6951774340309372,0.6341252699784017,0.7279559118236473,5,5
across_radii,XGB,XGB_Rinf,XGB_10km,jaccard_top10,TH55,0.7332089552238806,0.6829268292682927,0.7693233082706767,5,5
across_radii,XGB,XGB_Rinf,XGB_10km,jaccard_top10,TH56,0.6404166666666666,0.628369970966404,0.6824349101576824,5,5
across_radii,XGB,XGB_Rinf,XGB_10km,jaccard_top10,TH57,0.7811091695024373,0.7703703703703704,0.803886925795053,5,5
across_radii,XGB,XGB_Rinf,XGB_10km,jaccard_top10,TH58,0.6985769728331177,0.6362559241706162,0.7608142493638677,5,5
across_radii,XGB,XGB_Rinf,XGB_10km,ssim_rank_21,TH50,0.8556644916534424,0.846636176109314,0.8921309113502502,5,5
across_radii,XGB,XGB_Rinf,XGB_10km,ssim_rank_21,TH51,0.9326412081718445,0.9264090657234192,0.956759512424469,5,5
across_radii,XGB,XGB_Rinf,XGB_10km,ssim_rank_21,TH52,0.9124578237533569,0.9028581380844116,0.9297803044319153,5,5
across_radii,XGB,XGB_Rinf,XGB_10km,ssim_rank_21,TH53,0.9190933704376221,0.9034844040870667,0.9373223781585693,5,5
across_radii,XGB,XGB_Rinf,XGB_10km,ssim_rank_21,TH54,0.9129858613014221,0.8883271813392639,0.9305652976036072,5,5
across_radii,XGB,XGB_Rinf,XGB_10km,ssim_rank_21,TH55,0.880628764629364,0.8680943846702576,0.9240991473197937,5,5
across_radii,XGB,XGB_Rinf,XGB_10km,ssim_rank_21,TH56,0.9139750003814697,0.893893301486969,0.9260421395301819,5,5
across_radii,XGB,XGB_Rinf,XGB_10km,ssim_rank_21,TH57,0.8982836008071899,0.8592338562011719,0.9180924296379089,5,5
across_radii,XGB,XGB_Rinf,XGB_10km,ssim_rank_21,TH58,0.7990908026695251,0.723855197429657,0.8440452218055725,5,5
across_radii,XGB,XGB_Rinf,XGB_10km,ssim_rank_7,TH50,0.8050112128257751,0.783008337020874,0.8409115076065063,5,5
across_radii,XGB,XGB_Rinf,XGB_10km,ssim_rank_7,TH51,0.8885608315467834,0.8791435956954956,0.9186111092567444,5,5
across_radii,XGB,XGB_Rinf,XGB_10km,ssim_rank_7,TH52,0.868290364742279,0.8543348908424377,0.8870408535003662,5,5
across_radii,XGB,XGB_Rinf,XGB_10km,ssim_rank_7,TH53,0.8753007054328918,0.8603919148445129,0.8942636251449585,5,5
across_radii,XGB,XGB_Rinf,XGB_10km,ssim_rank_7,TH54,0.8563457131385803,0.821889340877533,0.8842955231666565,5,5
across_radii,XGB,XGB_Rinf,XGB_10km,ssim_rank_7,TH55,0.8292141556739807,0.8104192614555359,0.883724570274353,5,5
across_radii,XGB,XGB_Rinf,XGB_10km,ssim_rank_7,TH56,0.8702200651168823,0.846345841884613,0.8870490193367004,5,5
across_radii,XGB,XGB_Rinf,XGB_10km,ssim_rank_7,TH57,0.8678473830223083,0.8217224478721619,0.8845680356025696,5,5
across_radii,XGB,XGB_Rinf,XGB_10km,ssim_rank_7,TH58,0.7336247563362122,0.6283094882965088,0.7826127409934998,5,5
across_radii,XGB,XGB_Rinf,XGB_10km,ssim_raw_21,TH50,0.8881980180740356,0.8675546646118164,0.9024450182914734,5,5
across_radii,XGB,XGB_Rinf,XGB_10km,ssim_raw_21,TH51,0.8853775858879089,0.7913040518760681,0.8932995796203613,5,5
across_radii,XGB,XGB_Rinf,XGB_10km,ssim_raw_21,TH52,0.8985092639923096,0.8627299070358276,0.9114487767219543,5,5
across_radii,XGB,XGB_Rinf,XGB_10km,ssim_raw_21,TH53,0.8637914657592773,0.7917301058769226,0.9014355540275574,5,5
across_radii,XGB,XGB_Rinf,XGB_10km,ssim_raw_21,TH54,0.8703342080116272,0.818199872970581,0.9276086091995239,5,5
across_radii,XGB,XGB_Rinf,XGB_10km,ssim_raw_21,TH55,0.9105371236801147,0.8970418572425842,0.9271632432937622,5,5
across_radii,XGB,XGB_Rinf,XGB_10km,ssim_raw_21,TH56,0.875551164150238,0.8313128352165222,0.8998258113861084,5,5
across_radii,XGB,XGB_Rinf,XGB_10km,ssim_raw_21,TH57,0.8609032034873962,0.8261992335319519,0.8675181865692139,5,5
across_radii,XGB,XGB_Rinf,XGB_10km,ssim_raw_21,TH58,0.9202418923377991,0.8742262721061707,0.9314346313476562,5,5
across_radii,XGB,XGB_Rinf,XGB_10km,ssim_raw_7,TH50,0.8990869522094727,0.8790067434310913,0.9055460691452026,5,5
across_radii,XGB,XGB_Rinf,XGB_10km,ssim_raw_7,TH51,0.8808736801147461,0.818812906742096,0.890893280506134,5,5
across_radii,XGB,XGB_Rinf,XGB_10km,ssim_raw_7,TH52,0.8974742293357849,0.8750959634780884,0.9021386504173279,5,5
across_radii,XGB,XGB_Rinf,XGB_10km,ssim_raw_7,TH53,0.8772028684616089,0.8252518773078918,0.8961032629013062,5,5
across_radii,XGB,XGB_Rinf,XGB_10km,ssim_raw_7,TH54,0.8934271335601807,0.8659258484840393,0.9297109842300415,5,5
across_radii,XGB,XGB_Rinf,XGB_10km,ssim_raw_7,TH55,0.9239596128463745,0.9153855443000793,0.9344573020935059,5,5
across_radii,XGB,XGB_Rinf,XGB_10km,ssim_raw_7,TH56,0.8696504831314087,0.8547336459159851,0.8906975388526917,5,5
across_radii,XGB,XGB_Rinf,XGB_10km,ssim_raw_7,TH57,0.8368128538131714,0.832822322845459,0.8549849390983582,5,5
across_radii,XGB,XGB_Rinf,XGB_10km,ssim_raw_7,TH58,0.936795175075531,0.9058984518051147,0.9378709197044373,5,5
