seed,comparison,within,a,b,status,metric,province,value,n_top10_a,n_top10_b,n_intersection,n_union
42,across_radii,RF,RF_1km,RF_10km,ok,ssim_raw_7,TH50,0.1705232858657837,,,,
42,across_radii,RF,RF_1km,RF_10km,ok,ssim_raw_7,TH51,0.28803953528404236,,,,
42,across_radii,RF,RF_1km,RF_10km,ok,ssim_raw_7,TH52,0.21747365593910217,,,,
42,across_radii,RF,RF_1km,RF_10km,ok,ssim_raw_7,TH53,0.28254440426826477,,,,
42,across_radii,RF,RF_1km,RF_10km,ok,ssim_raw_7,TH54,0.2292679399251938,,,,
42,across_radii,RF,RF_1km,RF_10km,ok,ssim_raw_7,TH55,0.13202261924743652,,,,
42,across_radii,RF,RF_1km,RF_10km,ok,ssim_raw_7,TH56,0.2320624738931656,,,,
42,across_radii,RF,RF_1km,RF_10km,ok,ssim_raw_7,TH57,0.25921010971069336,,,,
42,across_radii,RF,RF_1km,RF_10km,ok,ssim_raw_7,TH58,0.15109020471572876,,,,
42,across_radii,RF,RF_1km,RF_10km,ok,ssim_rank_7,TH50,0.25143563747406006,,,,
42,across_radii,RF,RF_1km,RF_10km,ok,ssim_rank_7,TH51,0.27503880858421326,,,,
42,across_radii,RF,RF_1km,RF_10km,ok,ssim_rank_7,TH52,0.24702002108097076,,,,
42,across_radii,RF,RF_1km,RF_10km,ok,ssim_rank_7,TH53,0.24424567818641663,,,,
42,across_radii,RF,RF_1km,RF_10km,ok,ssim_rank_7,TH54,0.18153496086597443,,,,
42,across_radii,RF,RF_1km,RF_10km,ok,ssim_rank_7,TH55,0.06613044440746307,,,,
42,across_radii,RF,RF_1km,RF_10km,ok,ssim_rank_7,TH56,0.08401058614253998,,,,
42,across_radii,RF,RF_1km,RF_10km,ok,ssim_rank_7,TH57,0.03683743253350258,,,,
42,across_radii,RF,RF_1km,RF_10km,ok,ssim_rank_7,TH58,0.3277758061885834,,,,
42,across_radii,RF,RF_1km,RF_10km,ok,ssim_raw_21,TH50,0.14947517216205597,,,,
42,across_radii,RF,RF_1km,RF_10km,ok,ssim_raw_21,TH51,0.3044680058956146,,,,
42,across_radii,RF,RF_1km,RF_10km,ok,ssim_raw_21,TH52,0.21127085387706757,,,,
42,across_radii,RF,RF_1km,RF_10km,ok,ssim_raw_21,TH53,0.30455467104911804,,,,
42,across_radii,RF,RF_1km,RF_10km,ok,ssim_raw_21,TH54,0.22013939917087555,,,,
42,across_radii,RF,RF_1km,RF_10km,ok,ssim_raw_21,TH55,0.10402475297451019,,,,
42,across_radii,RF,RF_1km,RF_10km,ok,ssim_raw_21,TH56,0.20396076142787933,,,,
42,across_radii,RF,RF_1km,RF_10km,ok,ssim_raw_21,TH57,0.23746615648269653,,,,
42,across_radii,RF,RF_1km,RF_10km,ok,ssim_raw_21,TH58,0.13268330693244934,,,,
42,across_radii,RF,RF_1km,RF_10km,ok,ssim_rank_21,TH50,0.15451420843601227,,,,
42,across_radii,RF,RF_1km,RF_10km,ok,ssim_rank_21,TH51,0.2374749630689621,,,,
42,across_radii,RF,RF_1km,RF_10km,ok,ssim_rank_21,TH52,0.18720407783985138,,,,
42,across_radii,RF,RF_1km,RF_10km,ok,ssim_rank_21,TH53,0.21769686043262482,,,,
42,across_radii,RF,RF_1km,RF_10km,ok,ssim_rank_21,TH54,0.10993649065494537,,,,
42,across_radii,RF,RF_1km,RF_10km,ok,ssim_rank_21,TH55,-0.04842115566134453,,,,
42,across_radii,RF,RF_1km,RF_10km,ok,ssim_rank_21,TH56,-0.017455369234085083,,,,
42,across_radii,RF,RF_1km,RF_10km,ok,ssim_rank_21,TH57,-0.04044035077095032,,,,
42,across_radii,RF,RF_1km,RF_10km,ok,ssim_rank_21,TH58,0.19214408099651337,,,,
42,across_radii,RF,RF_1km,RF_10km,ok,jaccard_top10,TH50,0.15132465199820386,9610.0,8338.0,2359.0,15589.0
42,across_radii,RF,RF_1km,RF_10km,ok,jaccard_top10,TH51,0.20943245403677058,1381.0,3158.0,786.0,3753.0
42,across_radii,RF,RF_1km,RF_10km,ok,jaccard_top10,TH52,0.2122036874451273,7549.0,6258.0,2417.0,11390.0
42,across_radii,RF,RF_1km,RF_10km,ok,jaccard_top10,TH53,0.16970581084366643,1360.0,3451.0,698.0,4113.0
42,across_radii,RF,RF_1km,RF_10km,ok,jaccard_top10,TH54,0.1889914094813872,1843.0,1894.0,594.0,3143.0
42,across_radii,RF,RF_1km,RF_10km,ok,jaccard_top10,TH55,0.11025833021340321,3410.0,2521.0,589.0,5342.0
42,across_radii,RF,RF_1km,RF_10km,ok,jaccard_top10,TH56,0.18515815085158152,2396.0,2475.0,761.0,4110.0
42,across_radii,RF,RF_1km,RF_10km,ok,jaccard_top10,TH57,0.18859190682395102,6548.0,9372.0,2526.0,13394.0
42,across_radii,RF,RF_1km,RF_10km,ok,jaccard_top10,TH58,0.046858129993521916,4109.0,739.0,217.0,4631.0
42,across_radii,RF,RF_5km,RF_10km,ok,ssim_raw_7,TH50,0.7269817590713501,,,,
42,across_radii,RF,RF_5km,RF_10km,ok,ssim_raw_7,TH51,0.804772138595581,,,,
42,across_radii,RF,RF_5km,RF_10km,ok,ssim_raw_7,TH52,0.7606205940246582,,,,
42,across_radii,RF,RF_5km,RF_10km,ok,ssim_raw_7,TH53,0.8180296421051025,,,,
42,across_radii,RF,RF_5km,RF_10km,ok,ssim_raw_7,TH54,0.7933787703514099,,,,
42,across_radii,RF,RF_5km,RF_10km,ok,ssim_raw_7,TH55,0.769697368144989,,,,
42,across_radii,RF,RF_5km,RF_10km,ok,ssim_raw_7,TH56,0.7962302565574646,,,,
42,across_radii,RF,RF_5km,RF_10km,ok,ssim_raw_7,TH57,0.8386695384979248,,,,
42,across_radii,RF,RF_5km,RF_10km,ok,ssim_raw_7,TH58,0.6831597685813904,,,,
42,across_radii,RF,RF_5km,RF_10km,ok,ssim_rank_7,TH50,0.7793923616409302,,,,
42,across_radii,RF,RF_5km,RF_10km,ok,ssim_rank_7,TH51,0.7968798875808716,,,,
42,across_radii,RF,RF_5km,RF_10km,ok,ssim_rank_7,TH52,0.7526063323020935,,,,
42,across_radii,RF,RF_5km,RF_10km,ok,ssim_rank_7,TH53,0.7520190477371216,,,,
42,across_radii,RF,RF_5km,RF_10km,ok,ssim_rank_7,TH54,0.7552694082260132,,,,
42,across_radii,RF,RF_5km,RF_10km,ok,ssim_rank_7,TH55,0.7226492762565613,,,,
42,across_radii,RF,RF_5km,RF_10km,ok,ssim_rank_7,TH56,0.71514493227005,,,,
42,across_radii,RF,RF_5km,RF_10km,ok,ssim_rank_7,TH57,0.7915119528770447,,,,
42,across_radii,RF,RF_5km,RF_10km,ok,ssim_rank_7,TH58,0.7312864065170288,,,,
42,across_radii,RF,RF_5km,RF_10km,ok,ssim_raw_21,TH50,0.779870331287384,,,,
42,across_radii,RF,RF_5km,RF_10km,ok,ssim_raw_21,TH51,0.8742305040359497,,,,
42,across_radii,RF,RF_5km,RF_10km,ok,ssim_raw_21,TH52,0.8097478747367859,,,,
42,across_radii,RF,RF_5km,RF_10km,ok,ssim_raw_21,TH53,0.8639585375785828,,,,
42,across_radii,RF,RF_5km,RF_10km,ok,ssim_raw_21,TH54,0.8377671241760254,,,,
42,across_radii,RF,RF_5km,RF_10km,ok,ssim_raw_21,TH55,0.820605456829071,,,,
42,across_radii,RF,RF_5km,RF_10km,ok,ssim_raw_21,TH56,0.8286240696907043,,,,
42,across_radii,RF,RF_5km,RF_10km,ok,ssim_raw_21,TH57,0.8545554280281067,,,,
42,across_radii,RF,RF_5km,RF_10km,ok,ssim_raw_21,TH58,0.722683310508728,,,,
42,across_radii,RF,RF_5km,RF_10km,ok,ssim_rank_21,TH50,0.8376383781433105,,,,
42,across_radii,RF,RF_5km,RF_10km,ok,ssim_rank_21,TH51,0.8764785528182983,,,,
42,across_radii,RF,RF_5km,RF_10km,ok,ssim_rank_21,TH52,0.8334254622459412,,,,
42,across_radii,RF,RF_5km,RF_10km,ok,ssim_rank_21,TH53,0.8664031028747559,,,,
42,across_radii,RF,RF_5km,RF_10km,ok,ssim_rank_21,TH54,0.8370879292488098,,,,
42,across_radii,RF,RF_5km,RF_10km,ok,ssim_rank_21,TH55,0.8310111165046692,,,,
42,across_radii,RF,RF_5km,RF_10km,ok,ssim_rank_21,TH56,0.8153885006904602,,,,
42,across_radii,RF,RF_5km,RF_10km,ok,ssim_rank_21,TH57,0.8518725633621216,,,,
42,across_radii,RF,RF_5km,RF_10km,ok,ssim_rank_21,TH58,0.7906394600868225,,,,
42,across_radii,RF,RF_5km,RF_10km,ok,jaccard_top10,TH50,0.7979302251146911,8514.0,8338.0,7479.0,9373.0
42,across_radii,RF,RF_5km,RF_10km,ok,jaccard_top10,TH51,0.7925669835782195,3064.0,3158.0,2751.0,3471.0
42,across_radii,RF,RF_5km,RF_10km,ok,jaccard_top10,TH52,0.800508618253744,6486.0,6258.0,5666.0,7078.0
42,across_radii,RF,RF_5km,RF_10km,ok,jaccard_top10,TH53,0.7321824907521578,3573.0,3451.0,2969.0,4055.0
42,across_radii,RF,RF_5km,RF_10km,ok,jaccard_top10,TH54,0.7228024369016536,2065.0,1894.0,1661.0,2298.0
42,across_radii,RF,RF_5km,RF_10km,ok,jaccard_top10,TH55,0.7714285714285715,2563.0,2521.0,2214.0,2870.0
42,across_radii,RF,RF_5km,RF_10km,ok,jaccard_top10,TH56,0.7380782918149467,2409.0,2475.0,2074.0,2810.0
42,across_radii,RF,RF_5km,RF_10km,ok,jaccard_top10,TH57,0.7892620148803539,8424.0,9372.0,7850.0,9946.0
42,across_radii,RF,RF_5km,RF_10km,ok,jaccard_top10,TH58,0.6187554776511832,1108.0,739.0,706.0,1141.0
42,across_radii,RF,RF_20km,RF_10km,ok,ssim_raw_7,TH50,0.8638434410095215,,,,
42,across_radii,RF,RF_20km,RF_10km,ok,ssim_raw_7,TH51,0.9385833144187927,,,,
42,across_radii,RF,RF_20km,RF_10km,ok,ssim_raw_7,TH52,0.8903377652168274,,,,
42,across_radii,RF,RF_20km,RF_10km,ok,ssim_raw_7,TH53,0.9256938099861145,,,,
42,across_radii,RF,RF_20km,RF_10km,ok,ssim_raw_7,TH54,0.8993717432022095,,,,
42,across_radii,RF,RF_20km,RF_10km,ok,ssim_raw_7,TH55,0.8673925995826721,,,,
42,across_radii,RF,RF_20km,RF_10km,ok,ssim_raw_7,TH56,0.8974661231040955,,,,
42,across_radii,RF,RF_20km,RF_10km,ok,ssim_raw_7,TH57,0.9144777059555054,,,,
42,across_radii,RF,RF_20km,RF_10km,ok,ssim_raw_7,TH58,0.7282177209854126,,,,
42,across_radii,RF,RF_20km,RF_10km,ok,ssim_rank_7,TH50,0.8022425174713135,,,,
42,across_radii,RF,RF_20km,RF_10km,ok,ssim_rank_7,TH51,0.8601692914962769,,,,
42,across_radii,RF,RF_20km,RF_10km,ok,ssim_rank_7,TH52,0.7973356246948242,,,,
42,across_radii,RF,RF_20km,RF_10km,ok,ssim_rank_7,TH53,0.8054037690162659,,,,
42,across_radii,RF,RF_20km,RF_10km,ok,ssim_rank_7,TH54,0.7948240637779236,,,,
42,across_radii,RF,RF_20km,RF_10km,ok,ssim_rank_7,TH55,0.7460158467292786,,,,
42,across_radii,RF,RF_20km,RF_10km,ok,ssim_rank_7,TH56,0.7916105389595032,,,,
42,across_radii,RF,RF_20km,RF_10km,ok,ssim_rank_7,TH57,0.849729061126709,,,,
42,across_radii,RF,RF_20km,RF_10km,ok,ssim_rank_7,TH58,0.658135712146759,,,,
42,across_radii,RF,RF_20km,RF_10km,ok,ssim_raw_21,TH50,0.8801000714302063,,,,
42,across_radii,RF,RF_20km,RF_10km,ok,ssim_raw_21,TH51,0.9596995115280151,,,,
42,across_radii,RF,RF_20km,RF_10km,ok,ssim_raw_21,TH52,0.8963941931724548,,,,
42,across_radii,RF,RF_20km,RF_10km,ok,ssim_raw_21,TH53,0.9422704577445984,,,,
42,across_radii,RF,RF_20km,RF_10km,ok,ssim_raw_21,TH54,0.9038723707199097,,,,
42,across_radii,RF,RF_20km,RF_10km,ok,ssim_raw_21,TH55,0.8838780522346497,,,,
42,across_radii,RF,RF_20km,RF_10km,ok,ssim_raw_21,TH56,0.9072102308273315,,,,
42,across_radii,RF,RF_20km,RF_10km,ok,ssim_raw_21,TH57,0.9306995868682861,,,,
42,across_radii,RF,RF_20km,RF_10km,ok,ssim_raw_21,TH58,0.7524164915084839,,,,
42,across_radii,RF,RF_20km,RF_10km,ok,ssim_rank_21,TH50,0.843024492263794,,,,
42,across_radii,RF,RF_20km,RF_10km,ok,ssim_rank_21,TH51,0.9228699803352356,,,,
42,across_radii,RF,RF_20km,RF_10km,ok,ssim_rank_21,TH52,0.8510081768035889,,,,
42,across_radii,RF,RF_20km,RF_10km,ok,ssim_rank_21,TH53,0.899103045463562,,,,
42,across_radii,RF,RF_20km,RF_10km,ok,ssim_rank_21,TH54,0.8519595265388489,,,,
42,across_radii,RF,RF_20km,RF_10km,ok,ssim_rank_21,TH55,0.8156901001930237,,,,
42,across_radii,RF,RF_20km,RF_10km,ok,ssim_rank_21,TH56,0.8518012166023254,,,,
42,across_radii,RF,RF_20km,RF_10km,ok,ssim_rank_21,TH57,0.8775442242622375,,,,
42,across_radii,RF,RF_20km,RF_10km,ok,ssim_rank_21,TH58,0.708427906036377,,,,
42,across_radii,RF,RF_20km,RF_10km,ok,jaccard_top10,TH50,0.881002331002331,7801.0,8338.0,7559.0,8580.0
42,across_radii,RF,RF_20km,RF_10km,ok,jaccard_top10,TH51,0.8967424708051629,3014.0,3158.0,2918.0,3254.0
42,across_radii,RF,RF_20km,RF_10km,ok,jaccard_top10,TH52,0.8855944893680743,6334.0,6258.0,5914.0,6678.0
42,across_radii,RF,RF_20km,RF_10km,ok,jaccard_top10,TH53,0.8717385333699533,3364.0,3451.0,3174.0,3641.0
42,across_radii,RF,RF_20km,RF_10km,ok,jaccard_top10,TH54,0.651120088138083,2602.0,1894.0,1773.0,2723.0
42,across_radii,RF,RF_20km,RF_10km,ok,jaccard_top10,TH55,0.8350630096367679,2430.0,2521.0,2253.0,2698.0
42,across_radii,RF,RF_20km,RF_10km,ok,jaccard_top10,TH56,0.8039078855547802,2695.0,2475.0,2304.0,2866.0
42,across_radii,RF,RF_20km,RF_10km,ok,jaccard_top10,TH57,0.8843025007532389,9390.0,9372.0,8805.0,9957.0
42,across_radii,RF,RF_20km,RF_10km,ok,jaccard_top10,TH58,0.7746288798920378,576.0,739.0,574.0,741.0
42,across_radii,RF,RF_25km,RF_10km,ok,ssim_raw_7,TH50,0.8519951701164246,,,,
42,across_radii,RF,RF_25km,RF_10km,ok,ssim_raw_7,TH51,0.9220914244651794,,,,
42,across_radii,RF,RF_25km,RF_10km,ok,ssim_raw_7,TH52,0.8702225089073181,,,,
42,across_radii,RF,RF_25km,RF_10km,ok,ssim_raw_7,TH53,0.911131739616394,,,,
42,across_radii,RF,RF_25km,RF_10km,ok,ssim_raw_7,TH54,0.8854603171348572,,,,
42,across_radii,RF,RF_25km,RF_10km,ok,ssim_raw_7,TH55,0.841681718826294,,,,
42,across_radii,RF,RF_25km,RF_10km,ok,ssim_raw_7,TH56,0.879654049873352,,,,
42,across_radii,RF,RF_25km,RF_10km,ok,ssim_raw_7,TH57,0.899185061454773,,,,
42,across_radii,RF,RF_25km,RF_10km,ok,ssim_raw_7,TH58,0.7077900767326355,,,,
42,across_radii,RF,RF_25km,RF_10km,ok,ssim_rank_7,TH50,0.7990790605545044,,,,
42,across_radii,RF,RF_25km,RF_10km,ok,ssim_rank_7,TH51,0.8497154712677002,,,,
42,across_radii,RF,RF_25km,RF_10km,ok,ssim_rank_7,TH52,0.776868999004364,,,,
42,across_radii,RF,RF_25km,RF_10km,ok,ssim_rank_7,TH53,0.7897177934646606,,,,
42,across_radii,RF,RF_25km,RF_10km,ok,ssim_rank_7,TH54,0.7847500443458557,,,,
42,across_radii,RF,RF_25km,RF_10km,ok,ssim_rank_7,TH55,0.7330089807510376,,,,
42,across_radii,RF,RF_25km,RF_10km,ok,ssim_rank_7,TH56,0.7729036808013916,,,,
42,across_radii,RF,RF_25km,RF_10km,ok,ssim_rank_7,TH57,0.8225427865982056,,,,
42,across_radii,RF,RF_25km,RF_10km,ok,ssim_rank_7,TH58,0.6486846804618835,,,,
42,across_radii,RF,RF_25km,RF_10km,ok,ssim_raw_21,TH50,0.8674628734588623,,,,
42,across_radii,RF,RF_25km,RF_10km,ok,ssim_raw_21,TH51,0.9426561594009399,,,,
42,across_radii,RF,RF_25km,RF_10km,ok,ssim_raw_21,TH52,0.8743362426757812,,,,
42,across_radii,RF,RF_25km,RF_10km,ok,ssim_raw_21,TH53,0.9279280304908752,,,,
42,across_radii,RF,RF_25km,RF_10km,ok,ssim_raw_21,TH54,0.8879003524780273,,,,
42,across_radii,RF,RF_25km,RF_10km,ok,ssim_raw_21,TH55,0.8592069149017334,,,,
42,across_radii,RF,RF_25km,RF_10km,ok,ssim_raw_21,TH56,0.8959658145904541,,,,
42,across_radii,RF,RF_25km,RF_10km,ok,ssim_raw_21,TH57,0.9214454889297485,,,,
42,across_radii,RF,RF_25km,RF_10km,ok,ssim_raw_21,TH58,0.7383428812026978,,,,
42,across_radii,RF,RF_25km,RF_10km,ok,ssim_rank_21,TH50,0.8385753631591797,,,,
42,across_radii,RF,RF_25km,RF_10km,ok,ssim_rank_21,TH51,0.9174802303314209,,,,
42,across_radii,RF,RF_25km,RF_10km,ok,ssim_rank_21,TH52,0.8317440152168274,,,,
42,across_radii,RF,RF_25km,RF_10km,ok,ssim_rank_21,TH53,0.884344756603241,,,,
42,across_radii,RF,RF_25km,RF_10km,ok,ssim_rank_21,TH54,0.8422179818153381,,,,
42,across_radii,RF,RF_25km,RF_10km,ok,ssim_rank_21,TH55,0.7974340319633484,,,,
42,across_radii,RF,RF_25km,RF_10km,ok,ssim_rank_21,TH56,0.8324812650680542,,,,
42,across_radii,RF,RF_25km,RF_10km,ok,ssim_rank_21,TH57,0.8502235412597656,,,,
42,across_radii,RF,RF_25km,RF_10km,ok,ssim_rank_21,TH58,0.7027892470359802,,,,
42,across_radii,RF,RF_25km,RF_10km,ok,jaccard_top10,TH50,0.8680772343623541,7819.0,8338.0,7508.0,8649.0
42,across_radii,RF,RF_25km,RF_10km,ok,jaccard_top10,TH51,0.898958971218616,3044.0,3158.0,2936.0,3266.0
42,across_radii,RF,RF_25km,RF_10km,ok,jaccard_top10,TH52,0.8750735726898176,6485.0,6258.0,5947.0,6796.0
42,across_radii,RF,RF_25km,RF_10km,ok,jaccard_top10,TH53,0.849934296977661,3588.0,3451.0,3234.0,3805.0
42,across_radii,RF,RF_25km,RF_10km,ok,jaccard_top10,TH54,0.7002746174970577,2440.0,1894.0,1785.0,2549.0
42,across_radii,RF,RF_25km,RF_10km,ok,jaccard_top10,TH55,0.8131868131868132,2429.0,2521.0,2220.0,2730.0
42,across_radii,RF,RF_25km,RF_10km,ok,jaccard_top10,TH56,0.7948079658605974,2572.0,2475.0,2235.0,2812.0
42,across_radii,RF,RF_25km,RF_10km,ok,jaccard_top10,TH57,0.8711102188315599,9268.0,9372.0,8678.0,9962.0
42,across_radii,RF,RF_25km,RF_10km,ok,jaccard_top10,TH58,0.7333333333333333,561.0,739.0,550.0,750.0
42,across_radii,RF,RF_Rinf,RF_10km,ok,ssim_raw_7,TH50,0.8344321846961975,,,,
42,across_radii,RF,RF_Rinf,RF_10km,ok,ssim_raw_7,TH51,0.9187403917312622,,,,
42,across_radii,RF,RF_Rinf,RF_10km,ok,ssim_raw_7,TH52,0.8642246723175049,,,,
42,across_radii,RF,RF_Rinf,RF_10km,ok,ssim_raw_7,TH53,0.9057803153991699,,,,
42,across_radii,RF,RF_Rinf,RF_10km,ok,ssim_raw_7,TH54,0.864142119884491,,,,
42,across_radii,RF,RF_Rinf,RF_10km,ok,ssim_raw_7,TH55,0.8318679928779602,,,,
42,across_radii,RF,RF_Rinf,RF_10km,ok,ssim_raw_7,TH56,0.8616286516189575,,,,
42,across_radii,RF,RF_Rinf,RF_10km,ok,ssim_raw_7,TH57,0.8878260850906372,,,,
42,across_radii,RF,RF_Rinf,RF_10km,ok,ssim_raw_7,TH58,0.6875144243240356,,,,
42,across_radii,RF,RF_Rinf,RF_10km,ok,ssim_rank_7,TH50,0.75722736120224,,,,
42,across_radii,RF,RF_Rinf,RF_10km,ok,ssim_rank_7,TH51,0.8506405353546143,,,,
42,across_radii,RF,RF_Rinf,RF_10km,ok,ssim_rank_7,TH52,0.7627162337303162,,,,
42,across_radii,RF,RF_Rinf,RF_10km,ok,ssim_rank_7,TH53,0.7794279456138611,,,,
42,across_radii,RF,RF_Rinf,RF_10km,ok,ssim_rank_7,TH54,0.7621327638626099,,,,
42,across_radii,RF,RF_Rinf,RF_10km,ok,ssim_rank_7,TH55,0.7242480516433716,,,,
42,across_radii,RF,RF_Rinf,RF_10km,ok,ssim_rank_7,TH56,0.7679847478866577,,,,
42,across_radii,RF,RF_Rinf,RF_10km,ok,ssim_rank_7,TH57,0.8291528224945068,,,,
42,across_radii,RF,RF_Rinf,RF_10km,ok,ssim_rank_7,TH58,0.605353593826294,,,,
42,across_radii,RF,RF_Rinf,RF_10km,ok,ssim_raw_21,TH50,0.8542886972427368,,,,
42,across_radii,RF,RF_Rinf,RF_10km,ok,ssim_raw_21,TH51,0.939357340335846,,,,
42,across_radii,RF,RF_Rinf,RF_10km,ok,ssim_raw_21,TH52,0.8691695928573608,,,,
42,across_radii,RF,RF_Rinf,RF_10km,ok,ssim_raw_21,TH53,0.9216881394386292,,,,
42,across_radii,RF,RF_Rinf,RF_10km,ok,ssim_raw_21,TH54,0.8667763471603394,,,,
42,across_radii,RF,RF_Rinf,RF_10km,ok,ssim_raw_21,TH55,0.8505686521530151,,,,
42,across_radii,RF,RF_Rinf,RF_10km,ok,ssim_raw_21,TH56,0.874127209186554,,,,
42,across_radii,RF,RF_Rinf,RF_10km,ok,ssim_raw_21,TH57,0.9067082405090332,,,,
42,across_radii,RF,RF_Rinf,RF_10km,ok,ssim_raw_21,TH58,0.7222623229026794,,,,
42,across_radii,RF,RF_Rinf,RF_10km,ok,ssim_rank_21,TH50,0.8037495017051697,,,,
42,across_radii,RF,RF_Rinf,RF_10km,ok,ssim_rank_21,TH51,0.917466402053833,,,,
42,across_radii,RF,RF_Rinf,RF_10km,ok,ssim_rank_21,TH52,0.819645345211029,,,,
42,across_radii,RF,RF_Rinf,RF_10km,ok,ssim_rank_21,TH53,0.8725974559783936,,,,
42,across_radii,RF,RF_Rinf,RF_10km,ok,ssim_rank_21,TH54,0.8173109292984009,,,,
42,across_radii,RF,RF_Rinf,RF_10km,ok,ssim_rank_21,TH55,0.794398844242096,,,,
42,across_radii,RF,RF_Rinf,RF_10km,ok,ssim_rank_21,TH56,0.8286768198013306,,,,
42,across_radii,RF,RF_Rinf,RF_10km,ok,ssim_rank_21,TH57,0.8601258397102356,,,,
42,across_radii,RF,RF_Rinf,RF_10km,ok,ssim_rank_21,TH58,0.6646124124526978,,,,
42,across_radii,RF,RF_Rinf,RF_10km,ok,jaccard_top10,TH50,0.8540752712999308,7722.0,8338.0,7398.0,8662.0
42,across_radii,RF,RF_Rinf,RF_10km,ok,jaccard_top10,TH51,0.8739962940086473,2910.0,3158.0,2830.0,3238.0
42,across_radii,RF,RF_Rinf,RF_10km,ok,jaccard_top10,TH52,0.8607967073349992,6401.0,6258.0,5856.0,6803.0
42,across_radii,RF,RF_Rinf,RF_10km,ok,jaccard_top10,TH53,0.8469584365538123,3259.0,3451.0,3077.0,3633.0
42,across_radii,RF,RF_Rinf,RF_10km,ok,jaccard_top10,TH54,0.6717757009345794,2578.0,1894.0,1797.0,2675.0
42,across_radii,RF,RF_Rinf,RF_10km,ok,jaccard_top10,TH55,0.8024193548387096,2396.0,2521.0,2189.0,2728.0
42,across_radii,RF,RF_Rinf,RF_10km,ok,jaccard_top10,TH56,0.7839111410299563,2825.0,2475.0,2329.0,2971.0
42,across_radii,RF,RF_Rinf,RF_10km,ok,jaccard_top10,TH57,0.8634936211972523,9617.0,9372.0,8799.0,10190.0
42,across_radii,RF,RF_Rinf,RF_10km,ok,jaccard_top10,TH58,0.6626344086021505,498.0,739.0,493.0,744.0
42,across_radii,XGB,XGB_1km,XGB_10km,ok,ssim_raw_7,TH50,0.13771413266658783,,,,
42,across_radii,XGB,XGB_1km,XGB_10km,ok,ssim_raw_7,TH51,0.259516179561615,,,,
42,across_radii,XGB,XGB_1km,XGB_10km,ok,ssim_raw_7,TH52,0.17765772342681885,,,,
42,across_radii,XGB,XGB_1km,XGB_10km,ok,ssim_raw_7,TH53,0.2752247154712677,,,,
42,across_radii,XGB,XGB_1km,XGB_10km,ok,ssim_raw_7,TH54,0.18826638162136078,,,,
42,across_radii,XGB,XGB_1km,XGB_10km,ok,ssim_raw_7,TH55,0.09103156626224518,,,,
42,across_radii,XGB,XGB_1km,XGB_10km,ok,ssim_raw_7,TH56,0.18650630116462708,,,,
42,across_radii,XGB,XGB_1km,XGB_10km,ok,ssim_raw_7,TH57,0.2107597291469574,,,,
42,across_radii,XGB,XGB_1km,XGB_10km,ok,ssim_raw_7,TH58,0.05422823131084442,,,,
42,across_radii,XGB,XGB_1km,XGB_10km,ok,ssim_rank_7,TH50,0.28912869095802307,,,,
42,across_radii,XGB,XGB_1km,XGB_10km,ok,ssim_rank_7,TH51,0.33378317952156067,,,,
42,across_radii,XGB,XGB_1km,XGB_10km,ok,ssim_rank_7,TH52,0.27539294958114624,,,,
42,across_radii,XGB,XGB_1km,XGB_10km,ok,ssim_rank_7,TH53,0.2721116542816162,,,,
42,across_radii,XGB,XGB_1km,XGB_10km,ok,ssim_rank_7,TH54,0.2535308599472046,,,,
42,across_radii,XGB,XGB_1km,XGB_10km,ok,ssim_rank_7,TH55,0.14095179736614227,,,,
42,across_radii,XGB,XGB_1km,XGB_10km,ok,ssim_rank_7,TH56,0.13882799446582794,,,,
42,across_radii,XGB,XGB_1km,XGB_10km,ok,ssim_rank_7,TH57,0.05528901517391205,,,,
42,across_radii,XGB,XGB_1km,XGB_10km,ok,ssim_rank_7,TH58,0.2573271691799164,,,,
42,across_radii,XGB,XGB_1km,XGB_10km,ok,ssim_raw_21,TH50,0.13453370332717896,,,,
42,across_radii,XGB,XGB_1km,XGB_10km,ok,ssim_raw_21,TH51,0.2922189235687256,,,,
42,across_radii,XGB,XGB_1km,XGB_10km,ok,ssim_raw_21,TH52,0.1846267431974411,,,,
42,across_radii,XGB,XGB_1km,XGB_10km,ok,ssim_raw_21,TH53,0.33567744493484497,,,,
42,across_radii,XGB,XGB_1km,XGB_10km,ok,ssim_raw_21,TH54,0.20526033639907837,,,,
42,across_radii,XGB,XGB_1km,XGB_10km,ok,ssim_raw_21,TH55,0.07252606004476547,,,,
42,across_radii,XGB,XGB_1km,XGB_10km,ok,ssim_raw_21,TH56,0.16422753036022186,,,,
42,across_radii,XGB,XGB_1km,XGB_10km,ok,ssim_raw_21,TH57,0.1966003179550171,,,,
42,across_radii,XGB,XGB_1km,XGB_10km,ok,ssim_raw_21,TH58,0.05341983586549759,,,,
42,across_radii,XGB,XGB_1km,XGB_10km,ok,ssim_rank_21,TH50,0.19556432962417603,,,,
42,across_radii,XGB,XGB_1km,XGB_10km,ok,ssim_rank_21,TH51,0.27880024909973145,,,,
42,across_radii,XGB,XGB_1km,XGB_10km,ok,ssim_rank_21,TH52,0.21278226375579834,,,,
42,across_radii,XGB,XGB_1km,XGB_10km,ok,ssim_rank_21,TH53,0.2551965117454529,,,,
42,across_radii,XGB,XGB_1km,XGB_10km,ok,ssim_rank_21,TH54,0.1420522928237915,,,,
42,across_radii,XGB,XGB_1km,XGB_10km,ok,ssim_rank_21,TH55,-0.023792555555701256,,,,
42,across_radii,XGB,XGB_1km,XGB_10km,ok,ssim_rank_21,TH56,-0.0019339119317010045,,,,
42,across_radii,XGB,XGB_1km,XGB_10km,ok,ssim_rank_21,TH57,-0.057546213269233704,,,,
42,across_radii,XGB,XGB_1km,XGB_10km,ok,ssim_rank_21,TH58,0.1311035305261612,,,,
42,across_radii,XGB,XGB_1km,XGB_10km,ok,jaccard_top10,TH50,0.17487305739344514,6450.0,8821.0,2273.0,12998.0
42,across_radii,XGB,XGB_1km,XGB_10km,ok,jaccard_top10,TH51,0.20965478529329218,1252.0,3058.0,747.0,3563.0
42,across_radii,XGB,XGB_1km,XGB_10km,ok,jaccard_top10,TH52,0.20391396658358718,6742.0,6300.0,2209.0,10833.0
42,across_radii,XGB,XGB_1km,XGB_10km,ok,jaccard_top10,TH53,0.1634023503077784,986.0,3172.0,584.0,3574.0
42,across_radii,XGB,XGB_1km,XGB_10km,ok,jaccard_top10,TH54,0.17929606625258798,1191.0,1657.0,433.0,2415.0
42,across_radii,XGB,XGB_1km,XGB_10km,ok,jaccard_top10,TH55,0.061920608509626815,6359.0,2576.0,521.0,8414.0
42,across_radii,XGB,XGB_1km,XGB_10km,ok,jaccard_top10,TH56,0.13199045852107077,2407.0,1864.0,498.0,3773.0
42,across_radii,XGB,XGB_1km,XGB_10km,ok,jaccard_top10,TH57,0.13076008670722328,6116.0,10055.0,1870.0,14301.0
42,across_radii,XGB,XGB_1km,XGB_10km,ok,jaccard_top10,TH58,0.02861111111111111,6703.0,703.0,206.0,7200.0
42,across_radii,XGB,XGB_5km,XGB_10km,ok,ssim_raw_7,TH50,0.770140528678894,,,,
42,across_radii,XGB,XGB_5km,XGB_10km,ok,ssim_raw_7,TH51,0.8232669234275818,,,,
42,across_radii,XGB,XGB_5km,XGB_10km,ok,ssim_raw_7,TH52,0.8152378797531128,,,,
42,across_radii,XGB,XGB_5km,XGB_10km,ok,ssim_raw_7,TH53,0.8337996602058411,,,,
42,across_radii,XGB,XGB_5km,XGB_10km,ok,ssim_raw_7,TH54,0.8620989322662354,,,,
42,across_radii,XGB,XGB_5km,XGB_10km,ok,ssim_raw_7,TH55,0.8182810544967651,,,,
42,across_radii,XGB,XGB_5km,XGB_10km,ok,ssim_raw_7,TH56,0.8708924651145935,,,,
42,across_radii,XGB,XGB_5km,XGB_10km,ok,ssim_raw_7,TH57,0.8166040182113647,,,,
42,across_radii,XGB,XGB_5km,XGB_10km,ok,ssim_raw_7,TH58,0.634297788143158,,,,
42,across_radii,XGB,XGB_5km,XGB_10km,ok,ssim_rank_7,TH50,0.78629469871521,,,,
42,across_radii,XGB,XGB_5km,XGB_10km,ok,ssim_rank_7,TH51,0.8440601229667664,,,,
42,across_radii,XGB,XGB_5km,XGB_10km,ok,ssim_rank_7,TH52,0.8066864609718323,,,,
42,across_radii,XGB,XGB_5km,XGB_10km,ok,ssim_rank_7,TH53,0.8148679733276367,,,,
42,across_radii,XGB,XGB_5km,XGB_10km,ok,ssim_rank_7,TH54,0.8029884696006775,,,,
42,across_radii,XGB,XGB_5km,XGB_10km,ok,ssim_rank_7,TH55,0.7806662917137146,,,,
42,across_radii,XGB,XGB_5km,XGB_10km,ok,ssim_rank_7,TH56,0.7921884655952454,,,,
42,across_radii,XGB,XGB_5km,XGB_10km,ok,ssim_rank_7,TH57,0.8253306746482849,,,,
42,across_radii,XGB,XGB_5km,XGB_10km,ok,ssim_rank_7,TH58,0.7349271178245544,,,,
42,across_radii,XGB,XGB_5km,XGB_10km,ok,ssim_raw_21,TH50,0.7671124339103699,,,,
42,across_radii,XGB,XGB_5km,XGB_10km,ok,ssim_raw_21,TH51,0.8581687808036804,,,,
42,across_radii,XGB,XGB_5km,XGB_10km,ok,ssim_raw_21,TH52,0.8285358548164368,,,,
42,across_radii,XGB,XGB_5km,XGB_10km,ok,ssim_raw_21,TH53,0.8526936769485474,,,,
42,across_radii,XGB,XGB_5km,XGB_10km,ok,ssim_raw_21,TH54,0.8603640794754028,,,,
42,across_radii,XGB,XGB_5km,XGB_10km,ok,ssim_raw_21,TH55,0.8278716206550598,,,,
42,across_radii,XGB,XGB_5km,XGB_10km,ok,ssim_raw_21,TH56,0.8623489141464233,,,,
42,across_radii,XGB,XGB_5km,XGB_10km,ok,ssim_raw_21,TH57,0.8312140703201294,,,,
42,across_radii,XGB,XGB_5km,XGB_10km,ok,ssim_raw_21,TH58,0.6345536112785339,,,,
42,across_radii,XGB,XGB_5km,XGB_10km,ok,ssim_rank_21,TH50,0.8078653812408447,,,,
42,across_radii,XGB,XGB_5km,XGB_10km,ok,ssim_rank_21,TH51,0.886616587638855,,,,
42,across_radii,XGB,XGB_5km,XGB_10km,ok,ssim_rank_21,TH52,0.8630584478378296,,,,
42,across_radii,XGB,XGB_5km,XGB_10km,ok,ssim_rank_21,TH53,0.8700811862945557,,,,
42,across_radii,XGB,XGB_5km,XGB_10km,ok,ssim_rank_21,TH54,0.8569529056549072,,,,
42,across_radii,XGB,XGB_5km,XGB_10km,ok,ssim_rank_21,TH55,0.8256520628929138,,,,
42,across_radii,XGB,XGB_5km,XGB_10km,ok,ssim_rank_21,TH56,0.8620909452438354,,,,
42,across_radii,XGB,XGB_5km,XGB_10km,ok,ssim_rank_21,TH57,0.8715805411338806,,,,
42,across_radii,XGB,XGB_5km,XGB_10km,ok,ssim_rank_21,TH58,0.7470898628234863,,,,
42,across_radii,XGB,XGB_5km,XGB_10km,ok,jaccard_top10,TH50,0.7803,8982.0,8821.0,7803.0,10000.0
42,across_radii,XGB,XGB_5km,XGB_10km,ok,jaccard_top10,TH51,0.7847838957963292,2971.0,3058.0,2651.0,3378.0
42,across_radii,XGB,XGB_5km,XGB_10km,ok,jaccard_top10,TH52,0.7462726662189388,6701.0,6300.0,5556.0,7445.0
42,across_radii,XGB,XGB_5km,XGB_10km,ok,jaccard_top10,TH53,0.6578444747612551,2904.0,3172.0,2411.0,3665.0
42,across_radii,XGB,XGB_5km,XGB_10km,ok,jaccard_top10,TH54,0.680672268907563,1743.0,1657.0,1377.0,2023.0
42,across_radii,XGB,XGB_5km,XGB_10km,ok,jaccard_top10,TH55,0.7099041533546326,2776.0,2576.0,2222.0,3130.0
42,across_radii,XGB,XGB_5km,XGB_10km,ok,jaccard_top10,TH56,0.6810018903591682,1693.0,1864.0,1441.0,2116.0
42,across_radii,XGB,XGB_5km,XGB_10km,ok,jaccard_top10,TH57,0.7490118577075099,9415.0,10055.0,8338.0,11132.0
42,across_radii,XGB,XGB_5km,XGB_10km,ok,jaccard_top10,TH58,0.5229681978798587,1021.0,703.0,592.0,1132.0
42,across_radii,XGB,XGB_20km,XGB_10km,ok,ssim_raw_7,TH50,0.9296711087226868,,,,
42,across_radii,XGB,XGB_20km,XGB_10km,ok,ssim_raw_7,TH51,0.924968421459198,,,,
42,across_radii,XGB,XGB_20km,XGB_10km,ok,ssim_raw_7,TH52,0.9102230072021484,,,,
42,across_radii,XGB,XGB_20km,XGB_10km,ok,ssim_raw_7,TH53,0.891726016998291,,,,
42,across_radii,XGB,XGB_20km,XGB_10km,ok,ssim_raw_7,TH54,0.9144029021263123,,,,
42,across_radii,XGB,XGB_20km,XGB_10km,ok,ssim_raw_7,TH55,0.9425383806228638,,,,
42,across_radii,XGB,XGB_20km,XGB_10km,ok,ssim_raw_7,TH56,0.9092035889625549,,,,
42,across_radii,XGB,XGB_20km,XGB_10km,ok,ssim_raw_7,TH57,0.8932322263717651,,,,
42,across_radii,XGB,XGB_20km,XGB_10km,ok,ssim_raw_7,TH58,0.9425883293151855,,,,
42,across_radii,XGB,XGB_20km,XGB_10km,ok,ssim_rank_7,TH50,0.8221604824066162,,,,
42,across_radii,XGB,XGB_20km,XGB_10km,ok,ssim_rank_7,TH51,0.9045626521110535,,,,
42,across_radii,XGB,XGB_20km,XGB_10km,ok,ssim_rank_7,TH52,0.8694842457771301,,,,
42,across_radii,XGB,XGB_20km,XGB_10km,ok,ssim_rank_7,TH53,0.8606438636779785,,,,
42,across_radii,XGB,XGB_20km,XGB_10km,ok,ssim_rank_7,TH54,0.8616530299186707,,,,
42,across_radii,XGB,XGB_20km,XGB_10km,ok,ssim_rank_7,TH55,0.8461054563522339,,,,
42,across_radii,XGB,XGB_20km,XGB_10km,ok,ssim_rank_7,TH56,0.8746387362480164,,,,
42,across_radii,XGB,XGB_20km,XGB_10km,ok,ssim_rank_7,TH57,0.8908092379570007,,,,
42,across_radii,XGB,XGB_20km,XGB_10km,ok,ssim_rank_7,TH58,0.7362421154975891,,,,
42,across_radii,XGB,XGB_20km,XGB_10km,ok,ssim_raw_21,TH50,0.9264758229255676,,,,
42,across_radii,XGB,XGB_20km,XGB_10km,ok,ssim_raw_21,TH51,0.9295757412910461,,,,
42,across_radii,XGB,XGB_20km,XGB_10km,ok,ssim_raw_21,TH52,0.9164643287658691,,,,
42,across_radii,XGB,XGB_20km,XGB_10km,ok,ssim_raw_21,TH53,0.8953613638877869,,,,
42,across_radii,XGB,XGB_20km,XGB_10km,ok,ssim_raw_21,TH54,0.9015967845916748,,,,
42,across_radii,XGB,XGB_20km,XGB_10km,ok,ssim_raw_21,TH55,0.9378286600112915,,,,
42,across_radii,XGB,XGB_20km,XGB_10km,ok,ssim_raw_21,TH56,0.9157895445823669,,,,
42,across_radii,XGB,XGB_20km,XGB_10km,ok,ssim_raw_21,TH57,0.9004746079444885,,,,
42,across_radii,XGB,XGB_20km,XGB_10km,ok,ssim_raw_21,TH58,0.9382633566856384,,,,
42,across_radii,XGB,XGB_20km,XGB_10km,ok,ssim_rank_21,TH50,0.8671062588691711,,,,
42,across_radii,XGB,XGB_20km,XGB_10km,ok,ssim_rank_21,TH51,0.943444550037384,,,,
42,across_radii,XGB,XGB_20km,XGB_10km,ok,ssim_rank_21,TH52,0.909514307975769,,,,
42,across_radii,XGB,XGB_20km,XGB_10km,ok,ssim_rank_21,TH53,0.9024678468704224,,,,
42,across_radii,XGB,XGB_20km,XGB_10km,ok,ssim_rank_21,TH54,0.9124605655670166,,,,
42,across_radii,XGB,XGB_20km,XGB_10km,ok,ssim_rank_21,TH55,0.8881826400756836,,,,
42,across_radii,XGB,XGB_20km,XGB_10km,ok,ssim_rank_21,TH56,0.9157253503799438,,,,
42,across_radii,XGB,XGB_20km,XGB_10km,ok,ssim_rank_21,TH57,0.9117695093154907,,,,
42,across_radii,XGB,XGB_20km,XGB_10km,ok,ssim_rank_21,TH58,0.79477459192276,,,,
42,across_radii,XGB,XGB_20km,XGB_10km,ok,jaccard_top10,TH50,0.8489577765900588,8476.0,8821.0,7942.0,9355.0
42,across_radii,XGB,XGB_20km,XGB_10km,ok,jaccard_top10,TH51,0.8266205160478288,2747.0,3058.0,2627.0,3178.0
42,across_radii,XGB,XGB_20km,XGB_10km,ok,jaccard_top10,TH52,0.8242830106274567,6231.0,6300.0,5662.0,6869.0
42,across_radii,XGB,XGB_20km,XGB_10km,ok,jaccard_top10,TH53,0.7292267365661861,3425.0,3172.0,2782.0,3815.0
42,across_radii,XGB,XGB_20km,XGB_10km,ok,jaccard_top10,TH54,0.6560565870910698,2089.0,1657.0,1484.0,2262.0
42,across_radii,XGB,XGB_20km,XGB_10km,ok,jaccard_top10,TH55,0.7457685664939551,2478.0,2576.0,2159.0,2895.0
42,across_radii,XGB,XGB_20km,XGB_10km,ok,jaccard_top10,TH56,0.6478260869565218,1926.0,1864.0,1490.0,2300.0
42,across_radii,XGB,XGB_20km,XGB_10km,ok,jaccard_top10,TH57,0.8089143470867269,10156.0,10055.0,9038.0,11173.0
42,across_radii,XGB,XGB_20km,XGB_10km,ok,jaccard_top10,TH58,0.6903304773561811,678.0,703.0,564.0,817.0
42,across_radii,XGB,XGB_25km,XGB_10km,ok,ssim_raw_7,TH50,0.9220060110092163,,,,
42,across_radii,XGB,XGB_25km,XGB_10km,ok,ssim_raw_7,TH51,0.9011130928993225,,,,
42,across_radii,XGB,XGB_25km,XGB_10km,ok,ssim_raw_7,TH52,0.9031131863594055,,,,
42,across_radii,XGB,XGB_25km,XGB_10km,ok,ssim_raw_7,TH53,0.8936270475387573,,,,
42,across_radii,XGB,XGB_25km,XGB_10km,ok,ssim_raw_7,TH54,0.9106799960136414,,,,
42,across_radii,XGB,XGB_25km,XGB_10km,ok,ssim_raw_7,TH55,0.9435179233551025,,,,
42,across_radii,XGB,XGB_25km,XGB_10km,ok,ssim_raw_7,TH56,0.9089234471321106,,,,
42,across_radii,XGB,XGB_25km,XGB_10km,ok,ssim_raw_7,TH57,0.8967058658599854,,,,
42,across_radii,XGB,XGB_25km,XGB_10km,ok,ssim_raw_7,TH58,0.9350308775901794,,,,
42,across_radii,XGB,XGB_25km,XGB_10km,ok,ssim_rank_7,TH50,0.828659176826477,,,,
42,across_radii,XGB,XGB_25km,XGB_10km,ok,ssim_rank_7,TH51,0.8993483781814575,,,,
42,across_radii,XGB,XGB_25km,XGB_10km,ok,ssim_rank_7,TH52,0.881427526473999,,,,
42,across_radii,XGB,XGB_25km,XGB_10km,ok,ssim_rank_7,TH53,0.8700469732284546,,,,
42,across_radii,XGB,XGB_25km,XGB_10km,ok,ssim_rank_7,TH54,0.8802879452705383,,,,
42,across_radii,XGB,XGB_25km,XGB_10km,ok,ssim_rank_7,TH55,0.8692495822906494,,,,
42,across_radii,XGB,XGB_25km,XGB_10km,ok,ssim_rank_7,TH56,0.8961585760116577,,,,
42,across_radii,XGB,XGB_25km,XGB_10km,ok,ssim_rank_7,TH57,0.8935867547988892,,,,
42,across_radii,XGB,XGB_25km,XGB_10km,ok,ssim_rank_7,TH58,0.7531089186668396,,,,
42,across_radii,XGB,XGB_25km,XGB_10km,ok,ssim_raw_21,TH50,0.9169995188713074,,,,
42,across_radii,XGB,XGB_25km,XGB_10km,ok,ssim_raw_21,TH51,0.9009003639221191,,,,
42,across_radii,XGB,XGB_25km,XGB_10km,ok,ssim_raw_21,TH52,0.9093276858329773,,,,
42,across_radii,XGB,XGB_25km,XGB_10km,ok,ssim_raw_21,TH53,0.9011666178703308,,,,
42,across_radii,XGB,XGB_25km,XGB_10km,ok,ssim_raw_21,TH54,0.8970646858215332,,,,
42,across_radii,XGB,XGB_25km,XGB_10km,ok,ssim_raw_21,TH55,0.94050532579422,,,,
42,across_radii,XGB,XGB_25km,XGB_10km,ok,ssim_raw_21,TH56,0.9172274470329285,,,,
42,across_radii,XGB,XGB_25km,XGB_10km,ok,ssim_raw_21,TH57,0.9014149308204651,,,,
42,across_radii,XGB,XGB_25km,XGB_10km,ok,ssim_raw_21,TH58,0.930464506149292,,,,
42,across_radii,XGB,XGB_25km,XGB_10km,ok,ssim_rank_21,TH50,0.8695937395095825,,,,
42,across_radii,XGB,XGB_25km,XGB_10km,ok,ssim_rank_21,TH51,0.935238242149353,,,,
42,across_radii,XGB,XGB_25km,XGB_10km,ok,ssim_rank_21,TH52,0.9220702052116394,,,,
42,across_radii,XGB,XGB_25km,XGB_10km,ok,ssim_rank_21,TH53,0.9076250791549683,,,,
42,across_radii,XGB,XGB_25km,XGB_10km,ok,ssim_rank_21,TH54,0.9268051981925964,,,,
42,across_radii,XGB,XGB_25km,XGB_10km,ok,ssim_rank_21,TH55,0.909911572933197,,,,
42,across_radii,XGB,XGB_25km,XGB_10km,ok,ssim_rank_21,TH56,0.9351714849472046,,,,
42,across_radii,XGB,XGB_25km,XGB_10km,ok,ssim_rank_21,TH57,0.9202033281326294,,,,
42,across_radii,XGB,XGB_25km,XGB_10km,ok,ssim_rank_21,TH58,0.7967113256454468,,,,
42,across_radii,XGB,XGB_25km,XGB_10km,ok,jaccard_top10,TH50,0.8316757566035718,8307.0,8821.0,7777.0,9351.0
42,across_radii,XGB,XGB_25km,XGB_10km,ok,jaccard_top10,TH51,0.8369497830130193,2868.0,3058.0,2700.0,3226.0
42,across_radii,XGB,XGB_25km,XGB_10km,ok,jaccard_top10,TH52,0.8263610315186246,6448.0,6300.0,5768.0,6980.0
42,across_radii,XGB,XGB_25km,XGB_10km,ok,jaccard_top10,TH53,0.7350382283153177,3409.0,3172.0,2788.0,3793.0
42,across_radii,XGB,XGB_25km,XGB_10km,ok,jaccard_top10,TH54,0.6916853932584269,2107.0,1657.0,1539.0,2225.0
42,across_radii,XGB,XGB_25km,XGB_10km,ok,jaccard_top10,TH55,0.7365311087938825,2420.0,2576.0,2119.0,2877.0
42,across_radii,XGB,XGB_25km,XGB_10km,ok,jaccard_top10,TH56,0.6538629419467481,1925.0,1864.0,1498.0,2291.0
42,across_radii,XGB,XGB_25km,XGB_10km,ok,jaccard_top10,TH57,0.8037199320397032,10116.0,10055.0,8988.0,11183.0
42,across_radii,XGB,XGB_25km,XGB_10km,ok,jaccard_top10,TH58,0.6977950713359273,606.0,703.0,538.0,771.0
42,across_radii,XGB,XGB_Rinf,XGB_10km,ok,ssim_raw_7,TH50,0.9019531011581421,,,,
42,across_radii,XGB,XGB_Rinf,XGB_10km,ok,ssim_raw_7,TH51,0.8731085658073425,,,,
42,across_radii,XGB,XGB_Rinf,XGB_10km,ok,ssim_raw_7,TH52,0.8750959634780884,,,,
42,across_radii,XGB,XGB_Rinf,XGB_10km,ok,ssim_raw_7,TH53,0.8252518773078918,,,,
42,across_radii,XGB,XGB_Rinf,XGB_10km,ok,ssim_raw_7,TH54,0.8659258484840393,,,,
42,across_radii,XGB,XGB_Rinf,XGB_10km,ok,ssim_raw_7,TH55,0.9153855443000793,,,,
42,across_radii,XGB,XGB_Rinf,XGB_10km,ok,ssim_raw_7,TH56,0.8547336459159851,,,,
42,across_radii,XGB,XGB_Rinf,XGB_10km,ok,ssim_raw_7,TH57,0.832822322845459,,,,
42,across_radii,XGB,XGB_Rinf,XGB_10km,ok,ssim_raw_7,TH58,0.921671450138092,,,,
42,across_radii,XGB,XGB_Rinf,XGB_10km,ok,ssim_rank_7,TH50,0.8050112128257751,,,,
42,across_radii,XGB,XGB_Rinf,XGB_10km,ok,ssim_rank_7,TH51,0.8885608315467834,,,,
42,across_radii,XGB,XGB_Rinf,XGB_10km,ok,ssim_rank_7,TH52,0.868290364742279,,,,
42,across_radii,XGB,XGB_Rinf,XGB_10km,ok,ssim_rank_7,TH53,0.8603919148445129,,,,
42,across_radii,XGB,XGB_Rinf,XGB_10km,ok,ssim_rank_7,TH54,0.8563457131385803,,,,
42,across_radii,XGB,XGB_Rinf,XGB_10km,ok,ssim_rank_7,TH55,0.8292141556739807,,,,
42,across_radii,XGB,XGB_Rinf,XGB_10km,ok,ssim_rank_7,TH56,0.8702200651168823,,,,
42,across_radii,XGB,XGB_Rinf,XGB_10km,ok,ssim_rank_7,TH57,0.8639408349990845,,,,
42,across_radii,XGB,XGB_Rinf,XGB_10km,ok,ssim_rank_7,TH58,0.7080916166305542,,,,
42,across_radii,XGB,XGB_Rinf,XGB_10km,ok,ssim_raw_21,TH50,0.8881980180740356,,,,
42,across_radii,XGB,XGB_Rinf,XGB_10km,ok,ssim_raw_21,TH51,0.8656397461891174,,,,
42,across_radii,XGB,XGB_Rinf,XGB_10km,ok,ssim_raw_21,TH52,0.8627299070358276,,,,
42,across_radii,XGB,XGB_Rinf,XGB_10km,ok,ssim_raw_21,TH53,0.7917301058769226,,,,
42,across_radii,XGB,XGB_Rinf,XGB_10km,ok,ssim_raw_21,TH54,0.818199872970581,,,,
42,across_radii,XGB,XGB_Rinf,XGB_10km,ok,ssim_raw_21,TH55,0.8970418572425842,,,,
42,across_radii,XGB,XGB_Rinf,XGB_10km,ok,ssim_raw_21,TH56,0.8313128352165222,,,,
42,across_radii,XGB,XGB_Rinf,XGB_10km,ok,ssim_raw_21,TH57,0.8261992335319519,,,,
42,across_radii,XGB,XGB_Rinf,XGB_10km,ok,ssim_raw_21,TH58,0.9061986804008484,,,,
42,across_radii,XGB,XGB_Rinf,XGB_10km,ok,ssim_rank_21,TH50,0.8556644916534424,,,,
42,across_radii,XGB,XGB_Rinf,XGB_10km,ok,ssim_rank_21,TH51,0.9289417266845703,,,,
42,across_radii,XGB,XGB_Rinf,XGB_10km,ok,ssim_rank_21,TH52,0.9134466648101807,,,,
42,across_radii,XGB,XGB_Rinf,XGB_10km,ok,ssim_rank_21,TH53,0.9034844040870667,,,,
42,across_radii,XGB,XGB_Rinf,XGB_10km,ok,ssim_rank_21,TH54,0.9129858613014221,,,,
42,across_radii,XGB,XGB_Rinf,XGB_10km,ok,ssim_rank_21,TH55,0.8803321123123169,,,,
42,across_radii,XGB,XGB_Rinf,XGB_10km,ok,ssim_rank_21,TH56,0.9139750003814697,,,,
42,across_radii,XGB,XGB_Rinf,XGB_10km,ok,ssim_rank_21,TH57,0.8961943984031677,,,,
42,across_radii,XGB,XGB_Rinf,XGB_10km,ok,ssim_rank_21,TH58,0.7699753642082214,,,,
42,across_radii,XGB,XGB_Rinf,XGB_10km,ok,jaccard_top10,TH50,0.819747050696142,8301.0,8821.0,7713.0,9409.0
42,across_radii,XGB,XGB_Rinf,XGB_10km,ok,jaccard_top10,TH51,0.8153988868274582,2813.0,3058.0,2637.0,3234.0
42,across_radii,XGB,XGB_Rinf,XGB_10km,ok,jaccard_top10,TH52,0.8037784456848432,6303.0,6300.0,5616.0,6987.0
42,across_radii,XGB,XGB_Rinf,XGB_10km,ok,jaccard_top10,TH53,0.72578125,3455.0,3172.0,2787.0,3840.0
42,across_radii,XGB,XGB_Rinf,XGB_10km,ok,jaccard_top10,TH54,0.6341252699784017,2126.0,1657.0,1468.0,2315.0
42,across_radii,XGB,XGB_Rinf,XGB_10km,ok,jaccard_top10,TH55,0.7131944444444445,2358.0,2576.0,2054.0,2880.0
42,across_radii,XGB,XGB_Rinf,XGB_10km,ok,jaccard_top10,TH56,0.628369970966404,2062.0,1864.0,1515.0,2411.0
42,across_radii,XGB,XGB_Rinf,XGB_10km,ok,jaccard_top10,TH57,0.7886315417256011,10178.0,10055.0,8921.0,11312.0
42,across_radii,XGB,XGB_Rinf,XGB_10km,ok,jaccard_top10,TH58,0.6985769728331177,610.0,703.0,540.0,773.0
42,across_radii,LR,LR_1km,LR_10km,ok,ssim_raw_7,TH50,0.16176223754882812,,,,
42,across_radii,LR,LR_1km,LR_10km,ok,ssim_raw_7,TH51,0.2490733414888382,,,,
42,across_radii,LR,LR_1km,LR_10km,ok,ssim_raw_7,TH52,0.2033671736717224,,,,
42,across_radii,LR,LR_1km,LR_10km,ok,ssim_raw_7,TH53,0.21094292402267456,,,,
42,across_radii,LR,LR_1km,LR_10km,ok,ssim_raw_7,TH54,0.19105757772922516,,,,
42,across_radii,LR,LR_1km,LR_10km,ok,ssim_raw_7,TH55,0.14765070378780365,,,,
42,across_radii,LR,LR_1km,LR_10km,ok,ssim_raw_7,TH56,0.2556922733783722,,,,
42,across_radii,LR,LR_1km,LR_10km,ok,ssim_raw_7,TH57,0.2859967350959778,,,,
42,across_radii,LR,LR_1km,LR_10km,ok,ssim_raw_7,TH58,0.08429859578609467,,,,
42,across_radii,LR,LR_1km,LR_10km,ok,ssim_rank_7,TH50,0.4617598056793213,,,,
42,across_radii,LR,LR_1km,LR_10km,ok,ssim_rank_7,TH51,0.42058801651000977,,,,
42,across_radii,LR,LR_1km,LR_10km,ok,ssim_rank_7,TH52,0.4422571361064911,,,,
42,across_radii,LR,LR_1km,LR_10km,ok,ssim_rank_7,TH53,0.42071062326431274,,,,
42,across_radii,LR,LR_1km,LR_10km,ok,ssim_rank_7,TH54,0.4232037365436554,,,,
42,across_radii,LR,LR_1km,LR_10km,ok,ssim_rank_7,TH55,0.40786582231521606,,,,
42,across_radii,LR,LR_1km,LR_10km,ok,ssim_rank_7,TH56,0.4410525858402252,,,,
42,across_radii,LR,LR_1km,LR_10km,ok,ssim_rank_7,TH57,0.42284083366394043,,,,
42,across_radii,LR,LR_1km,LR_10km,ok,ssim_rank_7,TH58,0.44070443511009216,,,,
42,across_radii,LR,LR_1km,LR_10km,ok,ssim_raw_21,TH50,0.1797880083322525,,,,
42,across_radii,LR,LR_1km,LR_10km,ok,ssim_raw_21,TH51,0.27156540751457214,,,,
42,across_radii,LR,LR_1km,LR_10km,ok,ssim_raw_21,TH52,0.19858694076538086,,,,
42,across_radii,LR,LR_1km,LR_10km,ok,ssim_raw_21,TH53,0.23383596539497375,,,,
42,across_radii,LR,LR_1km,LR_10km,ok,ssim_raw_21,TH54,0.18477658927440643,,,,
42,across_radii,LR,LR_1km,LR_10km,ok,ssim_raw_21,TH55,0.17819398641586304,,,,
42,across_radii,LR,LR_1km,LR_10km,ok,ssim_raw_21,TH56,0.2297227382659912,,,,
42,across_radii,LR,LR_1km,LR_10km,ok,ssim_raw_21,TH57,0.30559784173965454,,,,
42,across_radii,LR,LR_1km,LR_10km,ok,ssim_raw_21,TH58,0.12651804089546204,,,,
42,across_radii,LR,LR_1km,LR_10km,ok,ssim_rank_21,TH50,0.4869261682033539,,,,
42,across_radii,LR,LR_1km,LR_10km,ok,ssim_rank_21,TH51,0.4215962886810303,,,,
42,across_radii,LR,LR_1km,LR_10km,ok,ssim_rank_21,TH52,0.44276031851768494,,,,
42,across_radii,LR,LR_1km,LR_10km,ok,ssim_rank_21,TH53,0.41810640692710876,,,,
42,across_radii,LR,LR_1km,LR_10km,ok,ssim_rank_21,TH54,0.37915027141571045,,,,
42,across_radii,LR,LR_1km,LR_10km,ok,ssim_rank_21,TH55,0.40431129932403564,,,,
42,across_radii,LR,LR_1km,LR_10km,ok,ssim_rank_21,TH56,0.3917856812477112,,,,
42,across_radii,LR,LR_1km,LR_10km,ok,ssim_rank_21,TH57,0.43678539991378784,,,,
42,across_radii,LR,LR_1km,LR_10km,ok,ssim_rank_21,TH58,0.499101459980011,,,,
42,across_radii,LR,LR_1km,LR_10km,ok,jaccard_top10,TH50,0.17427385892116182,9285.0,8827.0,2688.0,15424.0
42,across_radii,LR,LR_1km,LR_10km,ok,jaccard_top10,TH51,0.15908295414770737,3038.0,3585.0,909.0,5714.0
42,across_radii,LR,LR_1km,LR_10km,ok,jaccard_top10,TH52,0.2007097232079489,10773.0,6145.0,2828.0,14090.0
42,across_radii,LR,LR_1km,LR_10km,ok,jaccard_top10,TH53,0.11053367979212472,2440.0,3116.0,553.0,5003.0
42,across_radii,LR,LR_1km,LR_10km,ok,jaccard_top10,TH54,0.16454380036391994,2725.0,1755.0,633.0,3847.0
42,across_radii,LR,LR_1km,LR_10km,ok,jaccard_top10,TH55,0.17762660619803478,2085.0,2589.0,705.0,3969.0
42,across_radii,LR,LR_1km,LR_10km,ok,jaccard_top10,TH56,0.12173586323501785,3051.0,2920.0,648.0,5323.0
42,across_radii,LR,LR_1km,LR_10km,ok,jaccard_top10,TH57,0.1460327261500463,2715.0,8421.0,1419.0,9717.0
42,across_radii,LR,LR_1km,LR_10km,ok,jaccard_top10,TH58,0.2077175697865353,2094.0,848.0,506.0,2436.0
42,across_radii,LR,LR_5km,LR_10km,ok,ssim_raw_7,TH50,0.9717246294021606,,,,
42,across_radii,LR,LR_5km,LR_10km,ok,ssim_raw_7,TH51,0.95732581615448,,,,
42,across_radii,LR,LR_5km,LR_10km,ok,ssim_raw_7,TH52,0.9696512818336487,,,,
42,across_radii,LR,LR_5km,LR_10km,ok,ssim_raw_7,TH53,0.9601264595985413,,,,
42,across_radii,LR,LR_5km,LR_10km,ok,ssim_raw_7,TH54,0.9685529470443726,,,,
42,across_radii,LR,LR_5km,LR_10km,ok,ssim_raw_7,TH55,0.9757668375968933,,,,
42,across_radii,LR,LR_5km,LR_10km,ok,ssim_raw_7,TH56,0.9584957957267761,,,,
42,across_radii,LR,LR_5km,LR_10km,ok,ssim_raw_7,TH57,0.9557246565818787,,,,
42,across_radii,LR,LR_5km,LR_10km,ok,ssim_raw_7,TH58,0.9869503974914551,,,,
42,across_radii,LR,LR_5km,LR_10km,ok,ssim_rank_7,TH50,0.9864895343780518,,,,
42,across_radii,LR,LR_5km,LR_10km,ok,ssim_rank_7,TH51,0.9870783090591431,,,,
42,across_radii,LR,LR_5km,LR_10km,ok,ssim_rank_7,TH52,0.9839648604393005,,,,
42,across_radii,LR,LR_5km,LR_10km,ok,ssim_rank_7,TH53,0.9883776903152466,,,,
42,across_radii,LR,LR_5km,LR_10km,ok,ssim_rank_7,TH54,0.9859537482261658,,,,
42,across_radii,LR,LR_5km,LR_10km,ok,ssim_rank_7,TH55,0.983443021774292,,,,
42,across_radii,LR,LR_5km,LR_10km,ok,ssim_rank_7,TH56,0.9868898391723633,,,,
42,across_radii,LR,LR_5km,LR_10km,ok,ssim_rank_7,TH57,0.9859286546707153,,,,
42,across_radii,LR,LR_5km,LR_10km,ok,ssim_rank_7,TH58,0.989030122756958,,,,
42,across_radii,LR,LR_5km,LR_10km,ok,ssim_raw_21,TH50,0.9748454093933105,,,,
42,across_radii,LR,LR_5km,LR_10km,ok,ssim_raw_21,TH51,0.9603012204170227,,,,
42,across_radii,LR,LR_5km,LR_10km,ok,ssim_raw_21,TH52,0.9701621532440186,,,,
42,across_radii,LR,LR_5km,LR_10km,ok,ssim_raw_21,TH53,0.9604575634002686,,,,
42,across_radii,LR,LR_5km,LR_10km,ok,ssim_raw_21,TH54,0.9686047434806824,,,,
42,across_radii,LR,LR_5km,LR_10km,ok,ssim_raw_21,TH55,0.9690991640090942,,,,
42,across_radii,LR,LR_5km,LR_10km,ok,ssim_raw_21,TH56,0.9570733308792114,,,,
42,across_radii,LR,LR_5km,LR_10km,ok,ssim_raw_21,TH57,0.950778067111969,,,,
42,across_radii,LR,LR_5km,LR_10km,ok,ssim_raw_21,TH58,0.9863017201423645,,,,
42,across_radii,LR,LR_5km,LR_10km,ok,ssim_rank_21,TH50,0.9927810430526733,,,,
42,across_radii,LR,LR_5km,LR_10km,ok,ssim_rank_21,TH51,0.993911623954773,,,,
42,across_radii,LR,LR_5km,LR_10km,ok,ssim_rank_21,TH52,0.9928011894226074,,,,
42,across_radii,LR,LR_5km,LR_10km,ok,ssim_rank_21,TH53,0.9950122237205505,,,,
42,across_radii,LR,LR_5km,LR_10km,ok,ssim_rank_21,TH54,0.993444561958313,,,,
42,across_radii,LR,LR_5km,LR_10km,ok,ssim_rank_21,TH55,0.9907121658325195,,,,
42,across_radii,LR,LR_5km,LR_10km,ok,ssim_rank_21,TH56,0.9935455322265625,,,,
42,across_radii,LR,LR_5km,LR_10km,ok,ssim_rank_21,TH57,0.9921620488166809,,,,
42,across_radii,LR,LR_5km,LR_10km,ok,ssim_rank_21,TH58,0.9937801361083984,,,,
42,across_radii,LR,LR_5km,LR_10km,ok,jaccard_top10,TH50,0.8819307188182669,9264.0,8827.0,8478.0,9613.0
42,across_radii,LR,LR_5km,LR_10km,ok,jaccard_top10,TH51,0.9016905071521456,3727.0,3585.0,3467.0,3845.0
42,across_radii,LR,LR_5km,LR_10km,ok,jaccard_top10,TH52,0.795125980999587,6893.0,6145.0,5775.0,7263.0
42,across_radii,LR,LR_5km,LR_10km,ok,jaccard_top10,TH53,0.8033082706766917,2880.0,3116.0,2671.0,3325.0
42,across_radii,LR,LR_5km,LR_10km,ok,jaccard_top10,TH54,0.7540733197556008,1690.0,1755.0,1481.0,1964.0
42,across_radii,LR,LR_5km,LR_10km,ok,jaccard_top10,TH55,0.8434782608695652,2499.0,2589.0,2328.0,2760.0
42,across_radii,LR,LR_5km,LR_10km,ok,jaccard_top10,TH56,0.7777421423989737,2623.0,2920.0,2425.0,3118.0
42,across_radii,LR,LR_5km,LR_10km,ok,jaccard_top10,TH57,0.8639288639288639,7510.0,8421.0,7384.0,8547.0
42,across_radii,LR,LR_5km,LR_10km,ok,jaccard_top10,TH58,0.7038961038961039,1120.0,848.0,813.0,1155.0
42,across_radii,LR,LR_20km,LR_10km,ok,ssim_raw_7,TH50,0.988551914691925,,,,
42,across_radii,LR,LR_20km,LR_10km,ok,ssim_raw_7,TH51,0.981288492679596,,,,
42,across_radii,LR,LR_20km,LR_10km,ok,ssim_raw_7,TH52,0.9779006838798523,,,,
42,across_radii,LR,LR_20km,LR_10km,ok,ssim_raw_7,TH53,0.9736942052841187,,,,
42,across_radii,LR,LR_20km,LR_10km,ok,ssim_raw_7,TH54,0.9629254937171936,,,,
42,across_radii,LR,LR_20km,LR_10km,ok,ssim_raw_7,TH55,0.9876410961151123,,,,
42,across_radii,LR,LR_20km,LR_10km,ok,ssim_raw_7,TH56,0.9628282189369202,,,,
42,across_radii,LR,LR_20km,LR_10km,ok,ssim_raw_7,TH57,0.9652921557426453,,,,
42,across_radii,LR,LR_20km,LR_10km,ok,ssim_raw_7,TH58,0.9940364956855774,,,,
42,across_radii,LR,LR_20km,LR_10km,ok,ssim_rank_7,TH50,0.9948535561561584,,,,
42,across_radii,LR,LR_20km,LR_10km,ok,ssim_rank_7,TH51,0.9958654642105103,,,,
42,across_radii,LR,LR_20km,LR_10km,ok,ssim_rank_7,TH52,0.9935435056686401,,,,
42,across_radii,LR,LR_20km,LR_10km,ok,ssim_rank_7,TH53,0.9958025813102722,,,,
42,across_radii,LR,LR_20km,LR_10km,ok,ssim_rank_7,TH54,0.9937703013420105,,,,
42,across_radii,LR,LR_20km,LR_10km,ok,ssim_rank_7,TH55,0.9940258264541626,,,,
42,across_radii,LR,LR_20km,LR_10km,ok,ssim_rank_7,TH56,0.9948459267616272,,,,
42,across_radii,LR,LR_20km,LR_10km,ok,ssim_rank_7,TH57,0.9943326711654663,,,,
42,across_radii,LR,LR_20km,LR_10km,ok,ssim_rank_7,TH58,0.9933013916015625,,,,
42,across_radii,LR,LR_20km,LR_10km,ok,ssim_raw_21,TH50,0.9886736869812012,,,,
42,across_radii,LR,LR_20km,LR_10km,ok,ssim_raw_21,TH51,0.9814191460609436,,,,
42,across_radii,LR,LR_20km,LR_10km,ok,ssim_raw_21,TH52,0.9734857678413391,,,,
42,across_radii,LR,LR_20km,LR_10km,ok,ssim_raw_21,TH53,0.9699572324752808,,,,
42,across_radii,LR,LR_20km,LR_10km,ok,ssim_raw_21,TH54,0.9564544558525085,,,,
42,across_radii,LR,LR_20km,LR_10km,ok,ssim_raw_21,TH55,0.9836806058883667,,,,
42,across_radii,LR,LR_20km,LR_10km,ok,ssim_raw_21,TH56,0.9609300494194031,,,,
42,across_radii,LR,LR_20km,LR_10km,ok,ssim_raw_21,TH57,0.9635976552963257,,,,
42,across_radii,LR,LR_20km,LR_10km,ok,ssim_raw_21,TH58,0.9937031865119934,,,,
42,across_radii,LR,LR_20km,LR_10km,ok,ssim_rank_21,TH50,0.9970842599868774,,,,
42,across_radii,LR,LR_20km,LR_10km,ok,ssim_rank_21,TH51,0.9981961846351624,,,,
42,across_radii,LR,LR_20km,LR_10km,ok,ssim_rank_21,TH52,0.9970452785491943,,,,
42,across_radii,LR,LR_20km,LR_10km,ok,ssim_rank_21,TH53,0.9980140924453735,,,,
42,across_radii,LR,LR_20km,LR_10km,ok,ssim_rank_21,TH54,0.9967851042747498,,,,
42,across_radii,LR,LR_20km,LR_10km,ok,ssim_rank_21,TH55,0.9966992139816284,,,,
42,across_radii,LR,LR_20km,LR_10km,ok,ssim_rank_21,TH56,0.9976725578308105,,,,
42,across_radii,LR,LR_20km,LR_10km,ok,ssim_rank_21,TH57,0.9965500235557556,,,,
42,across_radii,LR,LR_20km,LR_10km,ok,ssim_rank_21,TH58,0.9953880906105042,,,,
42,across_radii,LR,LR_20km,LR_10km,ok,jaccard_top10,TH50,0.934564703232346,8350.0,8827.0,8298.0,8879.0
42,across_radii,LR,LR_20km,LR_10km,ok,jaccard_top10,TH51,0.9478212600610603,3433.0,3585.0,3415.0,3603.0
42,across_radii,LR,LR_20km,LR_10km,ok,jaccard_top10,TH52,0.8749216300940439,5817.0,6145.0,5582.0,6380.0
42,across_radii,LR,LR_20km,LR_10km,ok,jaccard_top10,TH53,0.9052132701421801,3316.0,3116.0,3056.0,3376.0
42,across_radii,LR,LR_20km,LR_10km,ok,jaccard_top10,TH54,0.8295177788602046,2001.0,1755.0,1703.0,2053.0
42,across_radii,LR,LR_20km,LR_10km,ok,jaccard_top10,TH55,0.9221671117893934,2449.0,2589.0,2417.0,2621.0
42,across_radii,LR,LR_20km,LR_10km,ok,jaccard_top10,TH56,0.8287373004354136,3380.0,2920.0,2855.0,3445.0
42,across_radii,LR,LR_20km,LR_10km,ok,jaccard_top10,TH57,0.9278042298748754,8989.0,8421.0,8379.0,9031.0
42,across_radii,LR,LR_20km,LR_10km,ok,jaccard_top10,TH58,0.5554245283018868,471.0,848.0,471.0,848.0
42,across_radii,LR,LR_25km,LR_10km,ok,ssim_raw_7,TH50,0.9852596521377563,,,,
42,across_radii,LR,LR_25km,LR_10km,ok,ssim_raw_7,TH51,0.9740040898323059,,,,
42,across_radii,LR,LR_25km,LR_10km,ok,ssim_raw_7,TH52,0.9702395796775818,,,,
42,across_radii,LR,LR_25km,LR_10km,ok,ssim_raw_7,TH53,0.9631928205490112,,,,
42,across_radii,LR,LR_25km,LR_10km,ok,ssim_raw_7,TH54,0.9500269889831543,,,,
42,across_radii,LR,LR_25km,LR_10km,ok,ssim_raw_7,TH55,0.9818434119224548,,,,
42,across_radii,LR,LR_25km,LR_10km,ok,ssim_raw_7,TH56,0.9491671323776245,,,,
42,across_radii,LR,LR_25km,LR_10km,ok,ssim_raw_7,TH57,0.9531214237213135,,,,
42,across_radii,LR,LR_25km,LR_10km,ok,ssim_raw_7,TH58,0.9945686459541321,,,,
42,across_radii,LR,LR_25km,LR_10km,ok,ssim_rank_7,TH50,0.9940536618232727,,,,
42,across_radii,LR,LR_25km,LR_10km,ok,ssim_rank_7,TH51,0.9952329397201538,,,,
42,across_radii,LR,LR_25km,LR_10km,ok,ssim_rank_7,TH52,0.9926266670227051,,,,
42,across_radii,LR,LR_25km,LR_10km,ok,ssim_rank_7,TH53,0.9952187538146973,,,,
42,across_radii,LR,LR_25km,LR_10km,ok,ssim_rank_7,TH54,0.9928070902824402,,,,
42,across_radii,LR,LR_25km,LR_10km,ok,ssim_rank_7,TH55,0.9930756092071533,,,,
42,across_radii,LR,LR_25km,LR_10km,ok,ssim_rank_7,TH56,0.9938991665840149,,,,
42,across_radii,LR,LR_25km,LR_10km,ok,ssim_rank_7,TH57,0.9934483170509338,,,,
42,across_radii,LR,LR_25km,LR_10km,ok,ssim_rank_7,TH58,0.9923011660575867,,,,
42,across_radii,LR,LR_25km,LR_10km,ok,ssim_raw_21,TH50,0.9848602414131165,,,,
42,across_radii,LR,LR_25km,LR_10km,ok,ssim_raw_21,TH51,0.9733684062957764,,,,
42,across_radii,LR,LR_25km,LR_10km,ok,ssim_raw_21,TH52,0.9638299942016602,,,,
42,across_radii,LR,LR_25km,LR_10km,ok,ssim_raw_21,TH53,0.9572206735610962,,,,
42,across_radii,LR,LR_25km,LR_10km,ok,ssim_raw_21,TH54,0.9413164258003235,,,,
42,across_radii,LR,LR_25km,LR_10km,ok,ssim_raw_21,TH55,0.9756040573120117,,,,
42,across_radii,LR,LR_25km,LR_10km,ok,ssim_raw_21,TH56,0.946940004825592,,,,
42,across_radii,LR,LR_25km,LR_10km,ok,ssim_raw_21,TH57,0.9506710767745972,,,,
42,across_radii,LR,LR_25km,LR_10km,ok,ssim_raw_21,TH58,0.9941356182098389,,,,
42,across_radii,LR,LR_25km,LR_10km,ok,ssim_rank_21,TH50,0.9966422319412231,,,,
42,across_radii,LR,LR_25km,LR_10km,ok,ssim_rank_21,TH51,0.9979278445243835,,,,
42,across_radii,LR,LR_25km,LR_10km,ok,ssim_rank_21,TH52,0.9966634511947632,,,,
42,across_radii,LR,LR_25km,LR_10km,ok,ssim_rank_21,TH53,0.9977763891220093,,,,
42,across_radii,LR,LR_25km,LR_10km,ok,ssim_rank_21,TH54,0.9963059425354004,,,,
42,across_radii,LR,LR_25km,LR_10km,ok,ssim_rank_21,TH55,0.9961922764778137,,,,
42,across_radii,LR,LR_25km,LR_10km,ok,ssim_rank_21,TH56,0.9972712993621826,,,,
42,across_radii,LR,LR_25km,LR_10km,ok,ssim_rank_21,TH57,0.9960013031959534,,,,
42,across_radii,LR,LR_25km,LR_10km,ok,ssim_rank_21,TH58,0.994744598865509,,,,
42,across_radii,LR,LR_25km,LR_10km,ok,jaccard_top10,TH50,0.9296663660955816,8293.0,8827.0,8248.0,8872.0
42,across_radii,LR,LR_25km,LR_10km,ok,jaccard_top10,TH51,0.944752915047196,3420.0,3585.0,3403.0,3602.0
42,across_radii,LR,LR_25km,LR_10km,ok,jaccard_top10,TH52,0.869695064445143,5750.0,6145.0,5533.0,6362.0
42,across_radii,LR,LR_25km,LR_10km,ok,jaccard_top10,TH53,0.8979411764705882,3337.0,3116.0,3053.0,3400.0
42,across_radii,LR,LR_25km,LR_10km,ok,jaccard_top10,TH54,0.8091603053435115,2037.0,1755.0,1696.0,2096.0
42,across_radii,LR,LR_25km,LR_10km,ok,jaccard_top10,TH55,0.9152413530976815,2450.0,2589.0,2408.0,2631.0
42,across_radii,LR,LR_25km,LR_10km,ok,jaccard_top10,TH56,0.8122866894197952,3452.0,2920.0,2856.0,3516.0
42,across_radii,LR,LR_25km,LR_10km,ok,jaccard_top10,TH57,0.9225165562913907,8997.0,8421.0,8358.0,9060.0
42,across_radii,LR,LR_25km,LR_10km,ok,jaccard_top10,TH58,0.5542452830188679,470.0,848.0,470.0,848.0
42,across_radii,LR,LR_Rinf,LR_10km,ok,ssim_raw_7,TH50,0.9792155623435974,,,,
42,across_radii,LR,LR_Rinf,LR_10km,ok,ssim_raw_7,TH51,0.969401478767395,,,,
42,across_radii,LR,LR_Rinf,LR_10km,ok,ssim_raw_7,TH52,0.9595291614532471,,,,
42,across_radii,LR,LR_Rinf,LR_10km,ok,ssim_raw_7,TH53,0.9591507911682129,,,,
42,across_radii,LR,LR_Rinf,LR_10km,ok,ssim_raw_7,TH54,0.9333593845367432,,,,
42,across_radii,LR,LR_Rinf,LR_10km,ok,ssim_raw_7,TH55,0.9780504107475281,,,,
42,across_radii,LR,LR_Rinf,LR_10km,ok,ssim_raw_7,TH56,0.9247962236404419,,,,
42,across_radii,LR,LR_Rinf,LR_10km,ok,ssim_raw_7,TH57,0.9284961819648743,,,,
42,across_radii,LR,LR_Rinf,LR_10km,ok,ssim_raw_7,TH58,0.9908331036567688,,,,
42,across_radii,LR,LR_Rinf,LR_10km,ok,ssim_rank_7,TH50,0.9924942255020142,,,,
42,across_radii,LR,LR_Rinf,LR_10km,ok,ssim_rank_7,TH51,0.9941765069961548,,,,
42,across_radii,LR,LR_Rinf,LR_10km,ok,ssim_rank_7,TH52,0.9904118776321411,,,,
42,across_radii,LR,LR_Rinf,LR_10km,ok,ssim_rank_7,TH53,0.9943896532058716,,,,
42,across_radii,LR,LR_Rinf,LR_10km,ok,ssim_rank_7,TH54,0.990768551826477,,,,
42,across_radii,LR,LR_Rinf,LR_10km,ok,ssim_rank_7,TH55,0.9915043711662292,,,,
42,across_radii,LR,LR_Rinf,LR_10km,ok,ssim_rank_7,TH56,0.9918230772018433,,,,
42,across_radii,LR,LR_Rinf,LR_10km,ok,ssim_rank_7,TH57,0.9906894564628601,,,,
42,across_radii,LR,LR_Rinf,LR_10km,ok,ssim_rank_7,TH58,0.9890621304512024,,,,
42,across_radii,LR,LR_Rinf,LR_10km,ok,ssim_raw_21,TH50,0.9787112474441528,,,,
42,across_radii,LR,LR_Rinf,LR_10km,ok,ssim_raw_21,TH51,0.9692980051040649,,,,
42,across_radii,LR,LR_Rinf,LR_10km,ok,ssim_raw_21,TH52,0.9510183930397034,,,,
42,across_radii,LR,LR_Rinf,LR_10km,ok,ssim_raw_21,TH53,0.9522337317466736,,,,
42,across_radii,LR,LR_Rinf,LR_10km,ok,ssim_raw_21,TH54,0.9218557476997375,,,,
42,across_radii,LR,LR_Rinf,LR_10km,ok,ssim_raw_21,TH55,0.9706637263298035,,,,
42,across_radii,LR,LR_Rinf,LR_10km,ok,ssim_raw_21,TH56,0.9225617051124573,,,,
42,across_radii,LR,LR_Rinf,LR_10km,ok,ssim_raw_21,TH57,0.9262095093727112,,,,
42,across_radii,LR,LR_Rinf,LR_10km,ok,ssim_raw_21,TH58,0.9899863600730896,,,,
42,across_radii,LR,LR_Rinf,LR_10km,ok,ssim_rank_21,TH50,0.9954894185066223,,,,
42,across_radii,LR,LR_Rinf,LR_10km,ok,ssim_rank_21,TH51,0.9973424673080444,,,,
42,across_radii,LR,LR_Rinf,LR_10km,ok,ssim_rank_21,TH52,0.9953123927116394,,,,
42,across_radii,LR,LR_Rinf,LR_10km,ok,ssim_rank_21,TH53,0.9974189400672913,,,,
42,across_radii,LR,LR_Rinf,LR_10km,ok,ssim_rank_21,TH54,0.9950388669967651,,,,
42,across_radii,LR,LR_Rinf,LR_10km,ok,ssim_rank_21,TH55,0.9951630234718323,,,,
42,across_radii,LR,LR_Rinf,LR_10km,ok,ssim_rank_21,TH56,0.996264636516571,,,,
42,across_radii,LR,LR_Rinf,LR_10km,ok,ssim_rank_21,TH57,0.9940348863601685,,,,
42,across_radii,LR,LR_Rinf,LR_10km,ok,ssim_rank_21,TH58,0.9920385479927063,,,,
42,across_radii,LR,LR_Rinf,LR_10km,ok,jaccard_top10,TH50,0.9151590066299584,8216.0,8827.0,8144.0,8899.0
42,across_radii,LR,LR_Rinf,LR_10km,ok,jaccard_top10,TH51,0.9282536151279199,3349.0,3585.0,3338.0,3596.0
42,across_radii,LR,LR_Rinf,LR_10km,ok,jaccard_top10,TH52,0.8521082441787288,5627.0,6145.0,5416.0,6356.0
42,across_radii,LR,LR_Rinf,LR_10km,ok,jaccard_top10,TH53,0.929660753190165,3084.0,3116.0,2987.0,3213.0
42,across_radii,LR,LR_Rinf,LR_10km,ok,jaccard_top10,TH54,0.7968015051740357,2065.0,1755.0,1694.0,2126.0
42,across_radii,LR,LR_Rinf,LR_10km,ok,jaccard_top10,TH55,0.8915616647575411,2365.0,2589.0,2335.0,2619.0
42,across_radii,LR,LR_Rinf,LR_10km,ok,jaccard_top10,TH56,0.766362660944206,3665.0,2920.0,2857.0,3728.0
42,across_radii,LR,LR_Rinf,LR_10km,ok,jaccard_top10,TH57,0.8862338760837386,9419.0,8421.0,8382.0,9458.0
42,across_radii,LR,LR_Rinf,LR_10km,ok,jaccard_top10,TH58,0.49056603773584906,416.0,848.0,416.0,848.0
42,across_learners,1km,RF_1km,XGB_1km,ok,ssim_raw_7,TH50,0.6002587676048279,,,,
42,across_learners,1km,RF_1km,XGB_1km,ok,ssim_raw_7,TH51,0.6638742685317993,,,,
42,across_learners,1km,RF_1km,XGB_1km,ok,ssim_raw_7,TH52,0.7002016305923462,,,,
42,across_learners,1km,RF_1km,XGB_1km,ok,ssim_raw_7,TH53,0.5691618323326111,,,,
42,across_learners,1km,RF_1km,XGB_1km,ok,ssim_raw_7,TH54,0.651037335395813,,,,
42,across_learners,1km,RF_1km,XGB_1km,ok,ssim_raw_7,TH55,0.6053458452224731,,,,
42,across_learners,1km,RF_1km,XGB_1km,ok,ssim_raw_7,TH56,0.6866328716278076,,,,
42,across_learners,1km,RF_1km,XGB_1km,ok,ssim_raw_7,TH57,0.6727357506752014,,,,
42,across_learners,1km,RF_1km,XGB_1km,ok,ssim_raw_7,TH58,0.5740634202957153,,,,
42,across_learners,1km,RF_1km,XGB_1km,ok,ssim_rank_7,TH50,0.5516501069068909,,,,
42,across_learners,1km,RF_1km,XGB_1km,ok,ssim_rank_7,TH51,0.6080543398857117,,,,
42,across_learners,1km,RF_1km,XGB_1km,ok,ssim_rank_7,TH52,0.6414943337440491,,,,
42,across_learners,1km,RF_1km,XGB_1km,ok,ssim_rank_7,TH53,0.5288566946983337,,,,
42,across_learners,1km,RF_1km,XGB_1km,ok,ssim_rank_7,TH54,0.581779956817627,,,,
42,across_learners,1km,RF_1km,XGB_1km,ok,ssim_rank_7,TH55,0.592139482498169,,,,
42,across_learners,1km,RF_1km,XGB_1km,ok,ssim_rank_7,TH56,0.6018521785736084,,,,
42,across_learners,1km,RF_1km,XGB_1km,ok,ssim_rank_7,TH57,0.5771047472953796,,,,
42,across_learners,1km,RF_1km,XGB_1km,ok,ssim_rank_7,TH58,0.5466971397399902,,,,
42,across_learners,1km,RF_1km,XGB_1km,ok,ssim_raw_21,TH50,0.6396351456642151,,,,
42,across_learners,1km,RF_1km,XGB_1km,ok,ssim_raw_21,TH51,0.7147098183631897,,,,
42,across_learners,1km,RF_1km,XGB_1km,ok,ssim_raw_21,TH52,0.7319870591163635,,,,
42,across_learners,1km,RF_1km,XGB_1km,ok,ssim_raw_21,TH53,0.5959849953651428,,,,
42,across_learners,1km,RF_1km,XGB_1km,ok,ssim_raw_21,TH54,0.6821051836013794,,,,
42,across_learners,1km,RF_1km,XGB_1km,ok,ssim_raw_21,TH55,0.6575640439987183,,,,
42,across_learners,1km,RF_1km,XGB_1km,ok,ssim_raw_21,TH56,0.7352035641670227,,,,
42,across_learners,1km,RF_1km,XGB_1km,ok,ssim_raw_21,TH57,0.7125433683395386,,,,
42,across_learners,1km,RF_1km,XGB_1km,ok,ssim_raw_21,TH58,0.5795335173606873,,,,
42,across_learners,1km,RF_1km,XGB_1km,ok,ssim_rank_21,TH50,0.6175075173377991,,,,
42,across_learners,1km,RF_1km,XGB_1km,ok,ssim_rank_21,TH51,0.6686414480209351,,,,
42,across_learners,1km,RF_1km,XGB_1km,ok,ssim_rank_21,TH52,0.6962375640869141,,,,
42,across_learners,1km,RF_1km,XGB_1km,ok,ssim_rank_21,TH53,0.5548737645149231,,,,
42,across_learners,1km,RF_1km,XGB_1km,ok,ssim_rank_21,TH54,0.6349001526832581,,,,
42,across_learners,1km,RF_1km,XGB_1km,ok,ssim_rank_21,TH55,0.664941668510437,,,,
42,across_learners,1km,RF_1km,XGB_1km,ok,ssim_rank_21,TH56,0.6545029282569885,,,,
42,across_learners,1km,RF_1km,XGB_1km,ok,ssim_rank_21,TH57,0.6085702180862427,,,,
42,across_learners,1km,RF_1km,XGB_1km,ok,ssim_rank_21,TH58,0.5931968688964844,,,,
42,across_learners,1km,RF_1km,XGB_1km,ok,jaccard_top10,TH50,0.4132347764871524,9610.0,6450.0,4696.0,11364.0
42,across_learners,1km,RF_1km,XGB_1km,ok,jaccard_top10,TH51,0.5938256658595642,1381.0,1252.0,981.0,1652.0
42,across_learners,1km,RF_1km,XGB_1km,ok,jaccard_top10,TH52,0.5992614145031334,7549.0,6742.0,5355.0,8936.0
42,across_learners,1km,RF_1km,XGB_1km,ok,jaccard_top10,TH53,0.45623836126629425,1360.0,986.0,735.0,1611.0
42,across_learners,1km,RF_1km,XGB_1km,ok,jaccard_top10,TH54,0.5687693898655636,1843.0,1191.0,1100.0,1934.0
42,across_learners,1km,RF_1km,XGB_1km,ok,jaccard_top10,TH55,0.30097216673325344,3410.0,6359.0,2260.0,7509.0
42,across_learners,1km,RF_1km,XGB_1km,ok,jaccard_top10,TH56,0.5423892100192679,2396.0,2407.0,1689.0,3114.0
42,across_learners,1km,RF_1km,XGB_1km,ok,jaccard_top10,TH57,0.5035023150896355,6548.0,6116.0,4241.0,8423.0
42,across_learners,1km,RF_1km,XGB_1km,ok,jaccard_top10,TH58,0.14533898305084747,4109.0,6703.0,1372.0,9440.0
42,across_learners,1km,RF_1km,LR_1km,ok,ssim_raw_7,TH50,0.18021796643733978,,,,
42,across_learners,1km,RF_1km,LR_1km,ok,ssim_raw_7,TH51,0.24550504982471466,,,,
42,across_learners,1km,RF_1km,LR_1km,ok,ssim_raw_7,TH52,0.3576217591762543,,,,
42,across_learners,1km,RF_1km,LR_1km,ok,ssim_raw_7,TH53,0.22908703982830048,,,,
42,across_learners,1km,RF_1km,LR_1km,ok,ssim_raw_7,TH54,0.34994590282440186,,,,
42,across_learners,1km,RF_1km,LR_1km,ok,ssim_raw_7,TH55,0.28432735800743103,,,,
42,across_learners,1km,RF_1km,LR_1km,ok,ssim_raw_7,TH56,0.4642104208469391,,,,
42,across_learners,1km,RF_1km,LR_1km,ok,ssim_raw_7,TH57,0.48224952816963196,,,,
42,across_learners,1km,RF_1km,LR_1km,ok,ssim_raw_7,TH58,-0.03330555930733681,,,,
42,across_learners,1km,RF_1km,LR_1km,ok,ssim_rank_7,TH50,0.04785773530602455,,,,
42,across_learners,1km,RF_1km,LR_1km,ok,ssim_rank_7,TH51,0.0525708943605423,,,,
42,across_learners,1km,RF_1km,LR_1km,ok,ssim_rank_7,TH52,0.24077564477920532,,,,
42,across_learners,1km,RF_1km,LR_1km,ok,ssim_rank_7,TH53,0.05071813240647316,,,,
42,across_learners,1km,RF_1km,LR_1km,ok,ssim_rank_7,TH54,0.23638474941253662,,,,
42,across_learners,1km,RF_1km,LR_1km,ok,ssim_rank_7,TH55,0.2391365021467209,,,,
42,across_learners,1km,RF_1km,LR_1km,ok,ssim_rank_7,TH56,0.3131832480430603,,,,
42,across_learners,1km,RF_1km,LR_1km,ok,ssim_rank_7,TH57,0.3365883529186249,,,,
42,across_learners,1km,RF_1km,LR_1km,ok,ssim_rank_7,TH58,-0.1862480491399765,,,,
42,across_learners,1km,RF_1km,LR_1km,ok,ssim_raw_21,TH50,0.1777016520500183,,,,
42,across_learners,1km,RF_1km,LR_1km,ok,ssim_raw_21,TH51,0.31757041811943054,,,,
42,across_learners,1km,RF_1km,LR_1km,ok,ssim_raw_21,TH52,0.39416685700416565,,,,
42,across_learners,1km,RF_1km,LR_1km,ok,ssim_raw_21,TH53,0.28064778447151184,,,,
42,across_learners,1km,RF_1km,LR_1km,ok,ssim_raw_21,TH54,0.39581674337387085,,,,
42,across_learners,1km,RF_1km,LR_1km,ok,ssim_raw_21,TH55,0.3108249306678772,,,,
42,across_learners,1km,RF_1km,LR_1km,ok,ssim_raw_21,TH56,0.5034944415092468,,,,
42,across_learners,1km,RF_1km,LR_1km,ok,ssim_raw_21,TH57,0.5061782598495483,,,,
42,across_learners,1km,RF_1km,LR_1km,ok,ssim_raw_21,TH58,-0.0671619102358818,,,,
42,across_learners,1km,RF_1km,LR_1km,ok,ssim_rank_21,TH50,0.007527678273618221,,,,
42,across_learners,1km,RF_1km,LR_1km,ok,ssim_rank_21,TH51,0.08061090111732483,,,,
42,across_learners,1km,RF_1km,LR_1km,ok,ssim_rank_21,TH52,0.2520708441734314,,,,
42,across_learners,1km,RF_1km,LR_1km,ok,ssim_rank_21,TH53,0.03558918833732605,,,,
42,across_learners,1km,RF_1km,LR_1km,ok,ssim_rank_21,TH54,0.2554803192615509,,,,
42,across_learners,1km,RF_1km,LR_1km,ok,ssim_rank_21,TH55,0.23273865878582,,,,
42,across_learners,1km,RF_1km,LR_1km,ok,ssim_rank_21,TH56,0.30774420499801636,,,,
42,across_learners,1km,RF_1km,LR_1km,ok,ssim_rank_21,TH57,0.2952657639980316,,,,
42,across_learners,1km,RF_1km,LR_1km,ok,ssim_rank_21,TH58,-0.22756783664226532,,,,
42,across_learners,1km,RF_1km,LR_1km,ok,jaccard_top10,TH50,0.21324001541029922,9610.0,9285.0,3321.0,15574.0
42,across_learners,1km,RF_1km,LR_1km,ok,jaccard_top10,TH51,0.26041072447233315,1381.0,3038.0,913.0,3506.0
42,across_learners,1km,RF_1km,LR_1km,ok,jaccard_top10,TH52,0.4550508259212198,7549.0,10773.0,5730.0,12592.0
42,across_learners,1km,RF_1km,LR_1km,ok,jaccard_top10,TH53,0.2471283229405973,1360.0,2440.0,753.0,3047.0
42,across_learners,1km,RF_1km,LR_1km,ok,jaccard_top10,TH54,0.5011501807426881,1843.0,2725.0,1525.0,3043.0
42,across_learners,1km,RF_1km,LR_1km,ok,jaccard_top10,TH55,0.2626378676470588,3410.0,2085.0,1143.0,4352.0
42,across_learners,1km,RF_1km,LR_1km,ok,jaccard_top10,TH56,0.5365303244005641,2396.0,3051.0,1902.0,3545.0
42,across_learners,1km,RF_1km,LR_1km,ok,jaccard_top10,TH57,0.2953433086281639,6548.0,2715.0,2112.0,7151.0
42,across_learners,1km,RF_1km,LR_1km,ok,jaccard_top10,TH58,0.04851250845165653,4109.0,2094.0,287.0,5916.0
42,across_learners,1km,XGB_1km,LR_1km,ok,ssim_raw_7,TH50,0.13245166838169098,,,,
42,across_learners,1km,XGB_1km,LR_1km,ok,ssim_raw_7,TH51,0.20749454200267792,,,,
42,across_learners,1km,XGB_1km,LR_1km,ok,ssim_raw_7,TH52,0.35853007435798645,,,,
42,across_learners,1km,XGB_1km,LR_1km,ok,ssim_raw_7,TH53,0.16791808605194092,,,,
42,across_learners,1km,XGB_1km,LR_1km,ok,ssim_raw_7,TH54,0.26172298192977905,,,,
42,across_learners,1km,XGB_1km,LR_1km,ok,ssim_raw_7,TH55,0.2754959464073181,,,,
42,across_learners,1km,XGB_1km,LR_1km,ok,ssim_raw_7,TH56,0.44863325357437134,,,,
42,across_learners,1km,XGB_1km,LR_1km,ok,ssim_raw_7,TH57,0.49030622839927673,,,,
42,across_learners,1km,XGB_1km,LR_1km,ok,ssim_raw_7,TH58,0.0014223422622308135,,,,
42,across_learners,1km,XGB_1km,LR_1km,ok,ssim_rank_7,TH50,0.024961398914456367,,,,
42,across_learners,1km,XGB_1km,LR_1km,ok,ssim_rank_7,TH51,0.059061795473098755,,,,
42,across_learners,1km,XGB_1km,LR_1km,ok,ssim_rank_7,TH52,0.2548663914203644,,,,
42,across_learners,1km,XGB_1km,LR_1km,ok,ssim_rank_7,TH53,0.023226052522659302,,,,
42,across_learners,1km,XGB_1km,LR_1km,ok,ssim_rank_7,TH54,0.15691570937633514,,,,
42,across_learners,1km,XGB_1km,LR_1km,ok,ssim_rank_7,TH55,0.19459088146686554,,,,
42,across_learners,1km,XGB_1km,LR_1km,ok,ssim_rank_7,TH56,0.3494732081890106,,,,
42,across_learners,1km,XGB_1km,LR_1km,ok,ssim_rank_7,TH57,0.3771916925907135,,,,
42,across_learners,1km,XGB_1km,LR_1km,ok,ssim_rank_7,TH58,-0.10221562534570694,,,,
42,across_learners,1km,XGB_1km,LR_1km,ok,ssim_raw_21,TH50,0.14035184681415558,,,,
42,across_learners,1km,XGB_1km,LR_1km,ok,ssim_raw_21,TH51,0.26192793250083923,,,,
42,across_learners,1km,XGB_1km,LR_1km,ok,ssim_raw_21,TH52,0.40282201766967773,,,,
42,across_learners,1km,XGB_1km,LR_1km,ok,ssim_raw_21,TH53,0.20945106446743011,,,,
42,across_learners,1km,XGB_1km,LR_1km,ok,ssim_raw_21,TH54,0.28988534212112427,,,,
42,across_learners,1km,XGB_1km,LR_1km,ok,ssim_raw_21,TH55,0.2950189709663391,,,,
42,across_learners,1km,XGB_1km,LR_1km,ok,ssim_raw_21,TH56,0.4933438301086426,,,,
42,across_learners,1km,XGB_1km,LR_1km,ok,ssim_raw_21,TH57,0.4964793622493744,,,,
42,across_learners,1km,XGB_1km,LR_1km,ok,ssim_raw_21,TH58,-0.018306506797671318,,,,
42,across_learners,1km,XGB_1km,LR_1km,ok,ssim_rank_21,TH50,0.0016072836006060243,,,,
42,across_learners,1km,XGB_1km,LR_1km,ok,ssim_rank_21,TH51,0.07282238453626633,,,,
42,across_learners,1km,XGB_1km,LR_1km,ok,ssim_rank_21,TH52,0.2707367241382599,,,,
42,across_learners,1km,XGB_1km,LR_1km,ok,ssim_rank_21,TH53,0.011990752071142197,,,,
42,across_learners,1km,XGB_1km,LR_1km,ok,ssim_rank_21,TH54,0.16665403544902802,,,,
42,across_learners,1km,XGB_1km,LR_1km,ok,ssim_rank_21,TH55,0.1785820573568344,,,,
42,across_learners,1km,XGB_1km,LR_1km,ok,ssim_rank_21,TH56,0.34612396359443665,,,,
42,across_learners,1km,XGB_1km,LR_1km,ok,ssim_rank_21,TH57,0.34935346245765686,,,,
42,across_learners,1km,XGB_1km,LR_1km,ok,ssim_rank_21,TH58,-0.12425829470157623,,,,
42,across_learners,1km,XGB_1km,LR_1km,ok,jaccard_top10,TH50,0.19285876734136911,6450.0,9285.0,2544.0,13191.0
42,across_learners,1km,XGB_1km,LR_1km,ok,jaccard_top10,TH51,0.22922636103151864,1252.0,3038.0,800.0,3490.0
42,across_learners,1km,XGB_1km,LR_1km,ok,jaccard_top10,TH52,0.4209800421872465,6742.0,10773.0,5189.0,12326.0
42,across_learners,1km,XGB_1km,LR_1km,ok,jaccard_top10,TH53,0.1797520661157025,986.0,2440.0,522.0,2904.0
42,across_learners,1km,XGB_1km,LR_1km,ok,jaccard_top10,TH54,0.3568953568953569,1191.0,2725.0,1030.0,2886.0
42,across_learners,1km,XGB_1km,LR_1km,ok,jaccard_top10,TH55,0.1328145961899651,6359.0,2085.0,990.0,7454.0
42,across_learners,1km,XGB_1km,LR_1km,ok,jaccard_top10,TH56,0.431794333683106,2407.0,3051.0,1646.0,3812.0
42,across_learners,1km,XGB_1km,LR_1km,ok,jaccard_top10,TH57,0.2545816167069186,6116.0,2715.0,1792.0,7039.0
42,across_learners,1km,XGB_1km,LR_1km,ok,jaccard_top10,TH58,0.03811659192825112,6703.0,2094.0,323.0,8474.0
42,across_learners,5km,RF_5km,XGB_5km,ok,ssim_raw_7,TH50,0.539578378200531,,,,
42,across_learners,5km,RF_5km,XGB_5km,ok,ssim_raw_7,TH51,0.6872886419296265,,,,
42,across_learners,5km,RF_5km,XGB_5km,ok,ssim_raw_7,TH52,0.6074908375740051,,,,
42,across_learners,5km,RF_5km,XGB_5km,ok,ssim_raw_7,TH53,0.659304141998291,,,,
42,across_learners,5km,RF_5km,XGB_5km,ok,ssim_raw_7,TH54,0.5714471936225891,,,,
42,across_learners,5km,RF_5km,XGB_5km,ok,ssim_raw_7,TH55,0.5576377511024475,,,,
42,across_learners,5km,RF_5km,XGB_5km,ok,ssim_raw_7,TH56,0.5613112449645996,,,,
42,across_learners,5km,RF_5km,XGB_5km,ok,ssim_raw_7,TH57,0.6857825517654419,,,,
42,across_learners,5km,RF_5km,XGB_5km,ok,ssim_raw_7,TH58,0.5002335906028748,,,,
42,across_learners,5km,RF_5km,XGB_5km,ok,ssim_rank_7,TH50,0.6167998313903809,,,,
42,across_learners,5km,RF_5km,XGB_5km,ok,ssim_rank_7,TH51,0.6893333196640015,,,,
42,across_learners,5km,RF_5km,XGB_5km,ok,ssim_rank_7,TH52,0.6070001721382141,,,,
42,across_learners,5km,RF_5km,XGB_5km,ok,ssim_rank_7,TH53,0.6048354506492615,,,,
42,across_learners,5km,RF_5km,XGB_5km,ok,ssim_rank_7,TH54,0.6261957287788391,,,,
42,across_learners,5km,RF_5km,XGB_5km,ok,ssim_rank_7,TH55,0.5360991358757019,,,,
42,across_learners,5km,RF_5km,XGB_5km,ok,ssim_rank_7,TH56,0.6041035652160645,,,,
42,across_learners,5km,RF_5km,XGB_5km,ok,ssim_rank_7,TH57,0.6461737751960754,,,,
42,across_learners,5km,RF_5km,XGB_5km,ok,ssim_rank_7,TH58,0.5336335897445679,,,,
42,across_learners,5km,RF_5km,XGB_5km,ok,ssim_raw_21,TH50,0.539251446723938,,,,
42,across_learners,5km,RF_5km,XGB_5km,ok,ssim_raw_21,TH51,0.7203022241592407,,,,
42,across_learners,5km,RF_5km,XGB_5km,ok,ssim_raw_21,TH52,0.6155295968055725,,,,
42,across_learners,5km,RF_5km,XGB_5km,ok,ssim_raw_21,TH53,0.6638550758361816,,,,
42,across_learners,5km,RF_5km,XGB_5km,ok,ssim_raw_21,TH54,0.5496090650558472,,,,
42,across_learners,5km,RF_5km,XGB_5km,ok,ssim_raw_21,TH55,0.5566114783287048,,,,
42,across_learners,5km,RF_5km,XGB_5km,ok,ssim_raw_21,TH56,0.5262075662612915,,,,
42,across_learners,5km,RF_5km,XGB_5km,ok,ssim_raw_21,TH57,0.7250546216964722,,,,
42,across_learners,5km,RF_5km,XGB_5km,ok,ssim_raw_21,TH58,0.4752218425273895,,,,
42,across_learners,5km,RF_5km,XGB_5km,ok,ssim_rank_21,TH50,0.7009557485580444,,,,
42,across_learners,5km,RF_5km,XGB_5km,ok,ssim_rank_21,TH51,0.7934398651123047,,,,
42,across_learners,5km,RF_5km,XGB_5km,ok,ssim_rank_21,TH52,0.7016035318374634,,,,
42,across_learners,5km,RF_5km,XGB_5km,ok,ssim_rank_21,TH53,0.7483981847763062,,,,
42,across_learners,5km,RF_5km,XGB_5km,ok,ssim_rank_21,TH54,0.7377141118049622,,,,
42,across_learners,5km,RF_5km,XGB_5km,ok,ssim_rank_21,TH55,0.6616517901420593,,,,
42,across_learners,5km,RF_5km,XGB_5km,ok,ssim_rank_21,TH56,0.7169205546379089,,,,
42,across_learners,5km,RF_5km,XGB_5km,ok,ssim_rank_21,TH57,0.7634240388870239,,,,
42,across_learners,5km,RF_5km,XGB_5km,ok,ssim_rank_21,TH58,0.642406702041626,,,,
42,across_learners,5km,RF_5km,XGB_5km,ok,jaccard_top10,TH50,0.6469923750353007,8514.0,8982.0,6873.0,10623.0
42,across_learners,5km,RF_5km,XGB_5km,ok,jaccard_top10,TH51,0.6768546818560711,3064.0,2971.0,2436.0,3599.0
42,across_learners,5km,RF_5km,XGB_5km,ok,jaccard_top10,TH52,0.6566582914572864,6486.0,6701.0,5227.0,7960.0
42,across_learners,5km,RF_5km,XGB_5km,ok,jaccard_top10,TH53,0.5521207764198418,3573.0,2904.0,2304.0,4173.0
42,across_learners,5km,RF_5km,XGB_5km,ok,jaccard_top10,TH54,0.5262525050100201,2065.0,1743.0,1313.0,2495.0
42,across_learners,5km,RF_5km,XGB_5km,ok,jaccard_top10,TH55,0.5772525849335303,2563.0,2776.0,1954.0,3385.0
42,across_learners,5km,RF_5km,XGB_5km,ok,jaccard_top10,TH56,0.4867705690467561,2409.0,1693.0,1343.0,2759.0
42,across_learners,5km,RF_5km,XGB_5km,ok,jaccard_top10,TH57,0.6333089177806263,8424.0,9415.0,6917.0,10922.0
42,across_learners,5km,RF_5km,XGB_5km,ok,jaccard_top10,TH58,0.4542349726775956,1108.0,1021.0,665.0,1464.0
42,across_learners,5km,RF_5km,LR_5km,ok,ssim_raw_7,TH50,0.3580917716026306,,,,
42,across_learners,5km,RF_5km,LR_5km,ok,ssim_raw_7,TH51,0.5093593001365662,,,,
42,across_learners,5km,RF_5km,LR_5km,ok,ssim_raw_7,TH52,0.4257890582084656,,,,
42,across_learners,5km,RF_5km,LR_5km,ok,ssim_raw_7,TH53,0.5237500071525574,,,,
42,across_learners,5km,RF_5km,LR_5km,ok,ssim_raw_7,TH54,0.4927964508533478,,,,
42,across_learners,5km,RF_5km,LR_5km,ok,ssim_raw_7,TH55,0.3647960424423218,,,,
42,across_learners,5km,RF_5km,LR_5km,ok,ssim_raw_7,TH56,0.49268537759780884,,,,
42,across_learners,5km,RF_5km,LR_5km,ok,ssim_raw_7,TH57,0.5406744480133057,,,,
42,across_learners,5km,RF_5km,LR_5km,ok,ssim_raw_7,TH58,0.2115461677312851,,,,
42,across_learners,5km,RF_5km,LR_5km,ok,ssim_rank_7,TH50,0.13354413211345673,,,,
42,across_learners,5km,RF_5km,LR_5km,ok,ssim_rank_7,TH51,0.3432377278804779,,,,
42,across_learners,5km,RF_5km,LR_5km,ok,ssim_rank_7,TH52,0.26221391558647156,,,,
42,across_learners,5km,RF_5km,LR_5km,ok,ssim_rank_7,TH53,0.2666760981082916,,,,
42,across_learners,5km,RF_5km,LR_5km,ok,ssim_rank_7,TH54,0.22136010229587555,,,,
42,across_learners,5km,RF_5km,LR_5km,ok,ssim_rank_7,TH55,0.09286106377840042,,,,
42,across_learners,5km,RF_5km,LR_5km,ok,ssim_rank_7,TH56,0.23669853806495667,,,,
42,across_learners,5km,RF_5km,LR_5km,ok,ssim_rank_7,TH57,0.34611156582832336,,,,
42,across_learners,5km,RF_5km,LR_5km,ok,ssim_rank_7,TH58,-0.06893005222082138,,,,
42,across_learners,5km,RF_5km,LR_5km,ok,ssim_raw_21,TH50,0.4095999598503113,,,,
42,across_learners,5km,RF_5km,LR_5km,ok,ssim_raw_21,TH51,0.6199641823768616,,,,
42,across_learners,5km,RF_5km,LR_5km,ok,ssim_raw_21,TH52,0.48741868138313293,,,,
42,across_learners,5km,RF_5km,LR_5km,ok,ssim_raw_21,TH53,0.6217684745788574,,,,
42,across_learners,5km,RF_5km,LR_5km,ok,ssim_raw_21,TH54,0.5427847504615784,,,,
42,across_learners,5km,RF_5km,LR_5km,ok,ssim_raw_21,TH55,0.44020211696624756,,,,
42,across_learners,5km,RF_5km,LR_5km,ok,ssim_raw_21,TH56,0.5567914247512817,,,,
42,across_learners,5km,RF_5km,LR_5km,ok,ssim_raw_21,TH57,0.6259514093399048,,,,
42,across_learners,5km,RF_5km,LR_5km,ok,ssim_raw_21,TH58,0.24844586849212646,,,,
42,across_learners,5km,RF_5km,LR_5km,ok,ssim_rank_21,TH50,0.1687171757221222,,,,
42,across_learners,5km,RF_5km,LR_5km,ok,ssim_rank_21,TH51,0.5064358115196228,,,,
42,across_learners,5km,RF_5km,LR_5km,ok,ssim_rank_21,TH52,0.328961580991745,,,,
42,across_learners,5km,RF_5km,LR_5km,ok,ssim_rank_21,TH53,0.4323241114616394,,,,
42,across_learners,5km,RF_5km,LR_5km,ok,ssim_rank_21,TH54,0.30802929401397705,,,,
42,across_learners,5km,RF_5km,LR_5km,ok,ssim_rank_21,TH55,0.1875416338443756,,,,
42,across_learners,5km,RF_5km,LR_5km,ok,ssim_rank_21,TH56,0.31443649530410767,,,,
42,across_learners,5km,RF_5km,LR_5km,ok,ssim_rank_21,TH57,0.43085309863090515,,,,
42,across_learners,5km,RF_5km,LR_5km,ok,ssim_rank_21,TH58,-0.03994077444076538,,,,
42,across_learners,5km,RF_5km,LR_5km,ok,jaccard_top10,TH50,0.5590634043672718,8514.0,9264.0,6375.0,11403.0
42,across_learners,5km,RF_5km,LR_5km,ok,jaccard_top10,TH51,0.5501027162748231,3064.0,3727.0,2410.0,4381.0
42,across_learners,5km,RF_5km,LR_5km,ok,jaccard_top10,TH52,0.47362044278004184,6486.0,6893.0,4300.0,9079.0
42,across_learners,5km,RF_5km,LR_5km,ok,jaccard_top10,TH53,0.4679253867151956,3573.0,2880.0,2057.0,4396.0
42,across_learners,5km,RF_5km,LR_5km,ok,jaccard_top10,TH54,0.47428347074990185,2065.0,1690.0,1208.0,2547.0
42,across_learners,5km,RF_5km,LR_5km,ok,jaccard_top10,TH55,0.48663729809104256,2563.0,2499.0,1657.0,3405.0
42,across_learners,5km,RF_5km,LR_5km,ok,jaccard_top10,TH56,0.43484459652124324,2409.0,2623.0,1525.0,3507.0
42,across_learners,5km,RF_5km,LR_5km,ok,jaccard_top10,TH57,0.5823237338629593,8424.0,7510.0,5864.0,10070.0
42,across_learners,5km,RF_5km,LR_5km,ok,jaccard_top10,TH58,0.28860613071139385,1108.0,1120.0,499.0,1729.0
42,across_learners,5km,XGB_5km,LR_5km,ok,ssim_raw_7,TH50,0.47609344124794006,,,,
42,across_learners,5km,XGB_5km,LR_5km,ok,ssim_raw_7,TH51,0.5126771330833435,,,,
42,across_learners,5km,XGB_5km,LR_5km,ok,ssim_raw_7,TH52,0.5521743297576904,,,,
42,across_learners,5km,XGB_5km,LR_5km,ok,ssim_raw_7,TH53,0.5590894818305969,,,,
42,across_learners,5km,XGB_5km,LR_5km,ok,ssim_raw_7,TH54,0.5899426937103271,,,,
42,across_learners,5km,XGB_5km,LR_5km,ok,ssim_raw_7,TH55,0.5658796429634094,,,,
42,across_learners,5km,XGB_5km,LR_5km,ok,ssim_raw_7,TH56,0.5195229649543762,,,,
42,across_learners,5km,XGB_5km,LR_5km,ok,ssim_raw_7,TH57,0.610468864440918,,,,
42,across_learners,5km,XGB_5km,LR_5km,ok,ssim_raw_7,TH58,0.39250078797340393,,,,
42,across_learners,5km,XGB_5km,LR_5km,ok,ssim_rank_7,TH50,0.17043456435203552,,,,
42,across_learners,5km,XGB_5km,LR_5km,ok,ssim_rank_7,TH51,0.40212661027908325,,,,
42,across_learners,5km,XGB_5km,LR_5km,ok,ssim_rank_7,TH52,0.3696496784687042,,,,
42,across_learners,5km,XGB_5km,LR_5km,ok,ssim_rank_7,TH53,0.34073901176452637,,,,
42,across_learners,5km,XGB_5km,LR_5km,ok,ssim_rank_7,TH54,0.32180213928222656,,,,
42,across_learners,5km,XGB_5km,LR_5km,ok,ssim_rank_7,TH55,0.14911137521266937,,,,
42,across_learners,5km,XGB_5km,LR_5km,ok,ssim_rank_7,TH56,0.39036375284194946,,,,
42,across_learners,5km,XGB_5km,LR_5km,ok,ssim_rank_7,TH57,0.40485426783561707,,,,
42,across_learners,5km,XGB_5km,LR_5km,ok,ssim_rank_7,TH58,-0.04034639522433281,,,,
42,across_learners,5km,XGB_5km,LR_5km,ok,ssim_raw_21,TH50,0.4526374042034149,,,,
42,across_learners,5km,XGB_5km,LR_5km,ok,ssim_raw_21,TH51,0.5395950675010681,,,,
42,across_learners,5km,XGB_5km,LR_5km,ok,ssim_raw_21,TH52,0.5487697720527649,,,,
42,across_learners,5km,XGB_5km,LR_5km,ok,ssim_raw_21,TH53,0.6223401427268982,,,,
42,across_learners,5km,XGB_5km,LR_5km,ok,ssim_raw_21,TH54,0.6011971235275269,,,,
42,across_learners,5km,XGB_5km,LR_5km,ok,ssim_raw_21,TH55,0.5699415802955627,,,,
42,across_learners,5km,XGB_5km,LR_5km,ok,ssim_raw_21,TH56,0.5051455497741699,,,,
42,across_learners,5km,XGB_5km,LR_5km,ok,ssim_raw_21,TH57,0.668726921081543,,,,
42,across_learners,5km,XGB_5km,LR_5km,ok,ssim_raw_21,TH58,0.3495199680328369,,,,
42,across_learners,5km,XGB_5km,LR_5km,ok,ssim_rank_21,TH50,0.2591148912906647,,,,
42,across_learners,5km,XGB_5km,LR_5km,ok,ssim_rank_21,TH51,0.5760073065757751,,,,
42,across_learners,5km,XGB_5km,LR_5km,ok,ssim_rank_21,TH52,0.48866331577301025,,,,
42,across_learners,5km,XGB_5km,LR_5km,ok,ssim_rank_21,TH53,0.4811345040798187,,,,
42,across_learners,5km,XGB_5km,LR_5km,ok,ssim_rank_21,TH54,0.43482765555381775,,,,
42,across_learners,5km,XGB_5km,LR_5km,ok,ssim_rank_21,TH55,0.29036447405815125,,,,
42,across_learners,5km,XGB_5km,LR_5km,ok,ssim_rank_21,TH56,0.5288370251655579,,,,
42,across_learners,5km,XGB_5km,LR_5km,ok,ssim_rank_21,TH57,0.5267729163169861,,,,
42,across_learners,5km,XGB_5km,LR_5km,ok,ssim_rank_21,TH58,0.014022993855178356,,,,
42,across_learners,5km,XGB_5km,LR_5km,ok,jaccard_top10,TH50,0.5457472043375127,8982.0,9264.0,6442.0,11804.0
42,across_learners,5km,XGB_5km,LR_5km,ok,jaccard_top10,TH51,0.5763709108025418,2971.0,3727.0,2449.0,4249.0
42,across_learners,5km,XGB_5km,LR_5km,ok,jaccard_top10,TH52,0.458740208176843,6701.0,6893.0,4275.0,9319.0
42,across_learners,5km,XGB_5km,LR_5km,ok,jaccard_top10,TH53,0.3923928743379875,2904.0,2880.0,1630.0,4154.0
42,across_learners,5km,XGB_5km,LR_5km,ok,jaccard_top10,TH54,0.44608256107834876,1743.0,1690.0,1059.0,2374.0
42,across_learners,5km,XGB_5km,LR_5km,ok,jaccard_top10,TH55,0.504563605248146,2776.0,2499.0,1769.0,3506.0
42,across_learners,5km,XGB_5km,LR_5km,ok,jaccard_top10,TH56,0.3904639175257732,1693.0,2623.0,1212.0,3104.0
42,across_learners,5km,XGB_5km,LR_5km,ok,jaccard_top10,TH57,0.5514712622605188,9415.0,7510.0,6016.0,10909.0
42,across_learners,5km,XGB_5km,LR_5km,ok,jaccard_top10,TH58,0.24766899766899766,1021.0,1120.0,425.0,1716.0
42,across_learners,10km,RF_10km,XGB_10km,ok,ssim_raw_7,TH50,0.6057806611061096,,,,
42,across_learners,10km,RF_10km,XGB_10km,ok,ssim_raw_7,TH51,0.7107359766960144,,,,
42,across_learners,10km,RF_10km,XGB_10km,ok,ssim_raw_7,TH52,0.6836531758308411,,,,
42,across_learners,10km,RF_10km,XGB_10km,ok,ssim_raw_7,TH53,0.6923182010650635,,,,
42,across_learners,10km,RF_10km,XGB_10km,ok,ssim_raw_7,TH54,0.6374296545982361,,,,
42,across_learners,10km,RF_10km,XGB_10km,ok,ssim_raw_7,TH55,0.6129353642463684,,,,
42,across_learners,10km,RF_10km,XGB_10km,ok,ssim_raw_7,TH56,0.6761429905891418,,,,
42,across_learners,10km,RF_10km,XGB_10km,ok,ssim_raw_7,TH57,0.7092449069023132,,,,
42,across_learners,10km,RF_10km,XGB_10km,ok,ssim_raw_7,TH58,0.502741813659668,,,,
42,across_learners,10km,RF_10km,XGB_10km,ok,ssim_rank_7,TH50,0.55864417552948,,,,
42,across_learners,10km,RF_10km,XGB_10km,ok,ssim_rank_7,TH51,0.6986390948295593,,,,
42,across_learners,10km,RF_10km,XGB_10km,ok,ssim_rank_7,TH52,0.6298270225524902,,,,
42,across_learners,10km,RF_10km,XGB_10km,ok,ssim_rank_7,TH53,0.6315370202064514,,,,
42,across_learners,10km,RF_10km,XGB_10km,ok,ssim_rank_7,TH54,0.6587037444114685,,,,
42,across_learners,10km,RF_10km,XGB_10km,ok,ssim_rank_7,TH55,0.4982348084449768,,,,
42,across_learners,10km,RF_10km,XGB_10km,ok,ssim_rank_7,TH56,0.6559535264968872,,,,
42,across_learners,10km,RF_10km,XGB_10km,ok,ssim_rank_7,TH57,0.6972208619117737,,,,
42,across_learners,10km,RF_10km,XGB_10km,ok,ssim_rank_7,TH58,0.4439752399921417,,,,
42,across_learners,10km,RF_10km,XGB_10km,ok,ssim_raw_21,TH50,0.5669267177581787,,,,
42,across_learners,10km,RF_10km,XGB_10km,ok,ssim_raw_21,TH51,0.7180306315422058,,,,
42,across_learners,10km,RF_10km,XGB_10km,ok,ssim_raw_21,TH52,0.6769663691520691,,,,
42,across_learners,10km,RF_10km,XGB_10km,ok,ssim_raw_21,TH53,0.7020159959793091,,,,
42,across_learners,10km,RF_10km,XGB_10km,ok,ssim_raw_21,TH54,0.5862471461296082,,,,
42,across_learners,10km,RF_10km,XGB_10km,ok,ssim_raw_21,TH55,0.5908569097518921,,,,
42,across_learners,10km,RF_10km,XGB_10km,ok,ssim_raw_21,TH56,0.6411913633346558,,,,
42,across_learners,10km,RF_10km,XGB_10km,ok,ssim_raw_21,TH57,0.7582688331604004,,,,
42,across_learners,10km,RF_10km,XGB_10km,ok,ssim_raw_21,TH58,0.45878326892852783,,,,
42,across_learners,10km,RF_10km,XGB_10km,ok,ssim_rank_21,TH50,0.6458665728569031,,,,
42,across_learners,10km,RF_10km,XGB_10km,ok,ssim_rank_21,TH51,0.8144999742507935,,,,
42,across_learners,10km,RF_10km,XGB_10km,ok,ssim_rank_21,TH52,0.7315195202827454,,,,
42,across_learners,10km,RF_10km,XGB_10km,ok,ssim_rank_21,TH53,0.7741230726242065,,,,
42,across_learners,10km,RF_10km,XGB_10km,ok,ssim_rank_21,TH54,0.7711838483810425,,,,
42,across_learners,10km,RF_10km,XGB_10km,ok,ssim_rank_21,TH55,0.6378681659698486,,,,
42,across_learners,10km,RF_10km,XGB_10km,ok,ssim_rank_21,TH56,0.7669188976287842,,,,
42,across_learners,10km,RF_10km,XGB_10km,ok,ssim_rank_21,TH57,0.8013672232627869,,,,
42,across_learners,10km,RF_10km,XGB_10km,ok,ssim_rank_21,TH58,0.543893039226532,,,,
42,across_learners,10km,RF_10km,XGB_10km,ok,jaccard_top10,TH50,0.7212358310763366,8338.0,8821.0,7190.0,9969.0
42,across_learners,10km,RF_10km,XGB_10km,ok,jaccard_top10,TH51,0.7604078164825828,3158.0,3058.0,2685.0,3531.0
42,across_learners,10km,RF_10km,XGB_10km,ok,jaccard_top10,TH52,0.7318990484071163,6258.0,6300.0,5307.0,7251.0
42,across_learners,10km,RF_10km,XGB_10km,ok,jaccard_top10,TH53,0.6520329259166875,3451.0,3172.0,2614.0,4009.0
42,across_learners,10km,RF_10km,XGB_10km,ok,jaccard_top10,TH54,0.6192430460556315,1894.0,1657.0,1358.0,2193.0
42,across_learners,10km,RF_10km,XGB_10km,ok,jaccard_top10,TH55,0.6383799421407907,2521.0,2576.0,1986.0,3111.0
42,across_learners,10km,RF_10km,XGB_10km,ok,jaccard_top10,TH56,0.5801165331391115,2475.0,1864.0,1593.0,2746.0
42,across_learners,10km,RF_10km,XGB_10km,ok,jaccard_top10,TH57,0.714500044126732,9372.0,10055.0,8096.0,11331.0
42,across_learners,10km,RF_10km,XGB_10km,ok,jaccard_top10,TH58,0.562296858071506,739.0,703.0,519.0,923.0
42,across_learners,10km,RF_10km,LR_10km,ok,ssim_raw_7,TH50,0.4953845143318176,,,,
42,across_learners,10km,RF_10km,LR_10km,ok,ssim_raw_7,TH51,0.6039149165153503,,,,
42,across_learners,10km,RF_10km,LR_10km,ok,ssim_raw_7,TH52,0.5647874474525452,,,,
42,across_learners,10km,RF_10km,LR_10km,ok,ssim_raw_7,TH53,0.6387472152709961,,,,
42,across_learners,10km,RF_10km,LR_10km,ok,ssim_raw_7,TH54,0.6203576326370239,,,,
42,across_learners,10km,RF_10km,LR_10km,ok,ssim_raw_7,TH55,0.5086531043052673,,,,
42,across_learners,10km,RF_10km,LR_10km,ok,ssim_raw_7,TH56,0.5960121154785156,,,,
42,across_learners,10km,RF_10km,LR_10km,ok,ssim_raw_7,TH57,0.6141358613967896,,,,
42,across_learners,10km,RF_10km,LR_10km,ok,ssim_raw_7,TH58,0.37077516317367554,,,,
42,across_learners,10km,RF_10km,LR_10km,ok,ssim_rank_7,TH50,0.2375517636537552,,,,
42,across_learners,10km,RF_10km,LR_10km,ok,ssim_rank_7,TH51,0.4858938455581665,,,,
42,across_learners,10km,RF_10km,LR_10km,ok,ssim_rank_7,TH52,0.37894830107688904,,,,
42,across_learners,10km,RF_10km,LR_10km,ok,ssim_rank_7,TH53,0.4194798171520233,,,,
42,across_learners,10km,RF_10km,LR_10km,ok,ssim_rank_7,TH54,0.3459616005420685,,,,
42,across_learners,10km,RF_10km,LR_10km,ok,ssim_rank_7,TH55,0.20269110798835754,,,,
42,across_learners,10km,RF_10km,LR_10km,ok,ssim_rank_7,TH56,0.39184483885765076,,,,
42,across_learners,10km,RF_10km,LR_10km,ok,ssim_rank_7,TH57,0.4549594521522522,,,,
42,across_learners,10km,RF_10km,LR_10km,ok,ssim_rank_7,TH58,0.03716212138533592,,,,
42,across_learners,10km,RF_10km,LR_10km,ok,ssim_raw_21,TH50,0.5193020701408386,,,,
42,across_learners,10km,RF_10km,LR_10km,ok,ssim_raw_21,TH51,0.684036135673523,,,,
42,across_learners,10km,RF_10km,LR_10km,ok,ssim_raw_21,TH52,0.6158865690231323,,,,
42,across_learners,10km,RF_10km,LR_10km,ok,ssim_raw_21,TH53,0.7318589091300964,,,,
42,across_learners,10km,RF_10km,LR_10km,ok,ssim_raw_21,TH54,0.6549623608589172,,,,
42,across_learners,10km,RF_10km,LR_10km,ok,ssim_raw_21,TH55,0.5466839075088501,,,,
42,across_learners,10km,RF_10km,LR_10km,ok,ssim_raw_21,TH56,0.6576116681098938,,,,
42,across_learners,10km,RF_10km,LR_10km,ok,ssim_raw_21,TH57,0.6989420652389526,,,,
42,across_learners,10km,RF_10km,LR_10km,ok,ssim_raw_21,TH58,0.37874481081962585,,,,
42,across_learners,10km,RF_10km,LR_10km,ok,ssim_rank_21,TH50,0.3332076966762543,,,,
42,across_learners,10km,RF_10km,LR_10km,ok,ssim_rank_21,TH51,0.6700921654701233,,,,
42,across_learners,10km,RF_10km,LR_10km,ok,ssim_rank_21,TH52,0.49754568934440613,,,,
42,across_learners,10km,RF_10km,LR_10km,ok,ssim_rank_21,TH53,0.6076874136924744,,,,
42,across_learners,10km,RF_10km,LR_10km,ok,ssim_rank_21,TH54,0.4920102655887604,,,,
42,across_learners,10km,RF_10km,LR_10km,ok,ssim_rank_21,TH55,0.3400106728076935,,,,
42,across_learners,10km,RF_10km,LR_10km,ok,ssim_rank_21,TH56,0.5112224817276001,,,,
42,across_learners,10km,RF_10km,LR_10km,ok,ssim_rank_21,TH57,0.566234290599823,,,,
42,across_learners,10km,RF_10km,LR_10km,ok,ssim_rank_21,TH58,0.12821201980113983,,,,
42,across_learners,10km,RF_10km,LR_10km,ok,jaccard_top10,TH50,0.682843137254902,8338.0,8827.0,6965.0,10200.0
42,across_learners,10km,RF_10km,LR_10km,ok,jaccard_top10,TH51,0.666584280771132,3158.0,3585.0,2697.0,4046.0
42,across_learners,10km,RF_10km,LR_10km,ok,jaccard_top10,TH52,0.5696026322450013,6258.0,6145.0,4501.0,7902.0
42,across_learners,10km,RF_10km,LR_10km,ok,jaccard_top10,TH53,0.5885341074020319,3451.0,3116.0,2433.0,4134.0
42,across_learners,10km,RF_10km,LR_10km,ok,jaccard_top10,TH54,0.5701376936316696,1894.0,1755.0,1325.0,2324.0
42,across_learners,10km,RF_10km,LR_10km,ok,jaccard_top10,TH55,0.5909090909090909,2521.0,2589.0,1898.0,3212.0
42,across_learners,10km,RF_10km,LR_10km,ok,jaccard_top10,TH56,0.5283286118980169,2475.0,2920.0,1865.0,3530.0
42,across_learners,10km,RF_10km,LR_10km,ok,jaccard_top10,TH57,0.6729033471229786,9372.0,8421.0,7157.0,10636.0
42,across_learners,10km,RF_10km,LR_10km,ok,jaccard_top10,TH58,0.41317898486197685,739.0,848.0,464.0,1123.0
42,across_learners,10km,XGB_10km,LR_10km,ok,ssim_raw_7,TH50,0.602138340473175,,,,
42,across_learners,10km,XGB_10km,LR_10km,ok,ssim_raw_7,TH51,0.5353184342384338,,,,
42,across_learners,10km,XGB_10km,LR_10km,ok,ssim_raw_7,TH52,0.6226590871810913,,,,
42,across_learners,10km,XGB_10km,LR_10km,ok,ssim_raw_7,TH53,0.6248182058334351,,,,
42,across_learners,10km,XGB_10km,LR_10km,ok,ssim_raw_7,TH54,0.6392213702201843,,,,
42,across_learners,10km,XGB_10km,LR_10km,ok,ssim_raw_7,TH55,0.7011103630065918,,,,
42,across_learners,10km,XGB_10km,LR_10km,ok,ssim_raw_7,TH56,0.5554375052452087,,,,
42,across_learners,10km,XGB_10km,LR_10km,ok,ssim_raw_7,TH57,0.6865746974945068,,,,
42,across_learners,10km,XGB_10km,LR_10km,ok,ssim_raw_7,TH58,0.7061746120452881,,,,
42,across_learners,10km,XGB_10km,LR_10km,ok,ssim_rank_7,TH50,0.2775931656360626,,,,
42,across_learners,10km,XGB_10km,LR_10km,ok,ssim_rank_7,TH51,0.5348891019821167,,,,
42,across_learners,10km,XGB_10km,LR_10km,ok,ssim_rank_7,TH52,0.4828678369522095,,,,
42,across_learners,10km,XGB_10km,LR_10km,ok,ssim_rank_7,TH53,0.47319966554641724,,,,
42,across_learners,10km,XGB_10km,LR_10km,ok,ssim_rank_7,TH54,0.43806469440460205,,,,
42,across_learners,10km,XGB_10km,LR_10km,ok,ssim_rank_7,TH55,0.2849619686603546,,,,
42,across_learners,10km,XGB_10km,LR_10km,ok,ssim_rank_7,TH56,0.5193831324577332,,,,
42,across_learners,10km,XGB_10km,LR_10km,ok,ssim_rank_7,TH57,0.4946250021457672,,,,
42,across_learners,10km,XGB_10km,LR_10km,ok,ssim_rank_7,TH58,0.033069122582674026,,,,
42,across_learners,10km,XGB_10km,LR_10km,ok,ssim_raw_21,TH50,0.5646061897277832,,,,
42,across_learners,10km,XGB_10km,LR_10km,ok,ssim_raw_21,TH51,0.5399846434593201,,,,
42,across_learners,10km,XGB_10km,LR_10km,ok,ssim_raw_21,TH52,0.6255260109901428,,,,
42,across_learners,10km,XGB_10km,LR_10km,ok,ssim_raw_21,TH53,0.6821659207344055,,,,
42,across_learners,10km,XGB_10km,LR_10km,ok,ssim_raw_21,TH54,0.6407261490821838,,,,
42,across_learners,10km,XGB_10km,LR_10km,ok,ssim_raw_21,TH55,0.6729708909988403,,,,
42,across_learners,10km,XGB_10km,LR_10km,ok,ssim_raw_21,TH56,0.5506452918052673,,,,
42,across_learners,10km,XGB_10km,LR_10km,ok,ssim_raw_21,TH57,0.755933940410614,,,,
42,across_learners,10km,XGB_10km,LR_10km,ok,ssim_raw_21,TH58,0.6206582188606262,,,,
42,across_learners,10km,XGB_10km,LR_10km,ok,ssim_rank_21,TH50,0.44487106800079346,,,,
42,across_learners,10km,XGB_10km,LR_10km,ok,ssim_rank_21,TH51,0.7206695675849915,,,,
42,across_learners,10km,XGB_10km,LR_10km,ok,ssim_rank_21,TH52,0.647678792476654,,,,
42,across_learners,10km,XGB_10km,LR_10km,ok,ssim_rank_21,TH53,0.6525358557701111,,,,
42,across_learners,10km,XGB_10km,LR_10km,ok,ssim_rank_21,TH54,0.6031878590583801,,,,
42,across_learners,10km,XGB_10km,LR_10km,ok,ssim_rank_21,TH55,0.4843590259552002,,,,
42,across_learners,10km,XGB_10km,LR_10km,ok,ssim_rank_21,TH56,0.6739363074302673,,,,
42,across_learners,10km,XGB_10km,LR_10km,ok,ssim_rank_21,TH57,0.6297814846038818,,,,
42,across_learners,10km,XGB_10km,LR_10km,ok,ssim_rank_21,TH58,0.19383616745471954,,,,
42,across_learners,10km,XGB_10km,LR_10km,ok,jaccard_top10,TH50,0.6468831653602091,8821.0,8827.0,6932.0,10716.0
42,across_learners,10km,XGB_10km,LR_10km,ok,jaccard_top10,TH51,0.6699346405228758,3058.0,3585.0,2665.0,3978.0
42,across_learners,10km,XGB_10km,LR_10km,ok,jaccard_top10,TH52,0.5529074120289493,6300.0,6145.0,4431.0,8014.0
42,across_learners,10km,XGB_10km,LR_10km,ok,jaccard_top10,TH53,0.5097238895558224,3172.0,3116.0,2123.0,4165.0
42,across_learners,10km,XGB_10km,LR_10km,ok,jaccard_top10,TH54,0.5171187194308582,1657.0,1755.0,1163.0,2249.0
42,across_learners,10km,XGB_10km,LR_10km,ok,jaccard_top10,TH55,0.5795107033639144,2576.0,2589.0,1895.0,3270.0
42,across_learners,10km,XGB_10km,LR_10km,ok,jaccard_top10,TH56,0.4229625223081499,1864.0,2920.0,1422.0,3362.0
42,across_learners,10km,XGB_10km,LR_10km,ok,jaccard_top10,TH57,0.6242637362637362,10055.0,8421.0,7101.0,11375.0
42,across_learners,10km,XGB_10km,LR_10km,ok,jaccard_top10,TH58,0.3440207972270364,703.0,848.0,397.0,1154.0
42,across_learners,20km,RF_20km,XGB_20km,ok,ssim_raw_7,TH50,0.7034721374511719,,,,
42,across_learners,20km,RF_20km,XGB_20km,ok,ssim_raw_7,TH51,0.7013942003250122,,,,
42,across_learners,20km,RF_20km,XGB_20km,ok,ssim_raw_7,TH52,0.7219744324684143,,,,
42,across_learners,20km,RF_20km,XGB_20km,ok,ssim_raw_7,TH53,0.7221226096153259,,,,
42,across_learners,20km,RF_20km,XGB_20km,ok,ssim_raw_7,TH54,0.6645956039428711,,,,
42,across_learners,20km,RF_20km,XGB_20km,ok,ssim_raw_7,TH55,0.7101501822471619,,,,
42,across_learners,20km,RF_20km,XGB_20km,ok,ssim_raw_7,TH56,0.7011874318122864,,,,
42,across_learners,20km,RF_20km,XGB_20km,ok,ssim_raw_7,TH57,0.7203371524810791,,,,
42,across_learners,20km,RF_20km,XGB_20km,ok,ssim_raw_7,TH58,0.7225768566131592,,,,
42,across_learners,20km,RF_20km,XGB_20km,ok,ssim_rank_7,TH50,0.549735963344574,,,,
42,across_learners,20km,RF_20km,XGB_20km,ok,ssim_rank_7,TH51,0.7171430587768555,,,,
42,across_learners,20km,RF_20km,XGB_20km,ok,ssim_rank_7,TH52,0.6635274887084961,,,,
42,across_learners,20km,RF_20km,XGB_20km,ok,ssim_rank_7,TH53,0.6633740067481995,,,,
42,across_learners,20km,RF_20km,XGB_20km,ok,ssim_rank_7,TH54,0.6833517551422119,,,,
42,across_learners,20km,RF_20km,XGB_20km,ok,ssim_rank_7,TH55,0.5558667778968811,,,,
42,across_learners,20km,RF_20km,XGB_20km,ok,ssim_rank_7,TH56,0.7195723056793213,,,,
42,across_learners,20km,RF_20km,XGB_20km,ok,ssim_rank_7,TH57,0.7166889905929565,,,,
42,across_learners,20km,RF_20km,XGB_20km,ok,ssim_rank_7,TH58,0.4358994960784912,,,,
42,across_learners,20km,RF_20km,XGB_20km,ok,ssim_raw_21,TH50,0.6602899432182312,,,,
42,across_learners,20km,RF_20km,XGB_20km,ok,ssim_raw_21,TH51,0.7041370868682861,,,,
42,across_learners,20km,RF_20km,XGB_20km,ok,ssim_raw_21,TH52,0.7253755331039429,,,,
42,across_learners,20km,RF_20km,XGB_20km,ok,ssim_raw_21,TH53,0.7515213489532471,,,,
42,across_learners,20km,RF_20km,XGB_20km,ok,ssim_raw_21,TH54,0.6240749359130859,,,,
42,across_learners,20km,RF_20km,XGB_20km,ok,ssim_raw_21,TH55,0.687425971031189,,,,
42,across_learners,20km,RF_20km,XGB_20km,ok,ssim_raw_21,TH56,0.6955479383468628,,,,
42,across_learners,20km,RF_20km,XGB_20km,ok,ssim_raw_21,TH57,0.7876840829849243,,,,
42,across_learners,20km,RF_20km,XGB_20km,ok,ssim_raw_21,TH58,0.6740924119949341,,,,
42,across_learners,20km,RF_20km,XGB_20km,ok,ssim_rank_21,TH50,0.6668994426727295,,,,
42,across_learners,20km,RF_20km,XGB_20km,ok,ssim_rank_21,TH51,0.8240158557891846,,,,
42,across_learners,20km,RF_20km,XGB_20km,ok,ssim_rank_21,TH52,0.7746292352676392,,,,
42,across_learners,20km,RF_20km,XGB_20km,ok,ssim_rank_21,TH53,0.7893347144126892,,,,
42,across_learners,20km,RF_20km,XGB_20km,ok,ssim_rank_21,TH54,0.802115797996521,,,,
42,across_learners,20km,RF_20km,XGB_20km,ok,ssim_rank_21,TH55,0.6958362460136414,,,,
42,across_learners,20km,RF_20km,XGB_20km,ok,ssim_rank_21,TH56,0.812920868396759,,,,
42,across_learners,20km,RF_20km,XGB_20km,ok,ssim_rank_21,TH57,0.8138054013252258,,,,
42,across_learners,20km,RF_20km,XGB_20km,ok,ssim_rank_21,TH58,0.5775359869003296,,,,
42,across_learners,20km,RF_20km,XGB_20km,ok,jaccard_top10,TH50,0.7397392047883711,7801.0,8476.0,6921.0,9356.0
42,across_learners,20km,RF_20km,XGB_20km,ok,jaccard_top10,TH51,0.7373341375150784,3014.0,2747.0,2445.0,3316.0
42,across_learners,20km,RF_20km,XGB_20km,ok,jaccard_top10,TH52,0.727147766323024,6334.0,6231.0,5290.0,7275.0
42,across_learners,20km,RF_20km,XGB_20km,ok,jaccard_top10,TH53,0.6647866601275135,3364.0,3425.0,2711.0,4078.0
42,across_learners,20km,RF_20km,XGB_20km,ok,jaccard_top10,TH54,0.6384910932588195,2602.0,2089.0,1828.0,2863.0
42,across_learners,20km,RF_20km,XGB_20km,ok,jaccard_top10,TH55,0.6750853242320819,2430.0,2478.0,1978.0,2930.0
42,across_learners,20km,RF_20km,XGB_20km,ok,jaccard_top10,TH56,0.5841618100788482,2695.0,1926.0,1704.0,2917.0
42,across_learners,20km,RF_20km,XGB_20km,ok,jaccard_top10,TH57,0.743621766280107,9390.0,10156.0,8336.0,11210.0
42,across_learners,20km,RF_20km,XGB_20km,ok,jaccard_top10,TH58,0.5893536121673004,576.0,678.0,465.0,789.0
42,across_learners,20km,RF_20km,LR_20km,ok,ssim_raw_7,TH50,0.6178143620491028,,,,
42,across_learners,20km,RF_20km,LR_20km,ok,ssim_raw_7,TH51,0.6433475017547607,,,,
42,across_learners,20km,RF_20km,LR_20km,ok,ssim_raw_7,TH52,0.6426212787628174,,,,
42,across_learners,20km,RF_20km,LR_20km,ok,ssim_raw_7,TH53,0.6758289337158203,,,,
42,across_learners,20km,RF_20km,LR_20km,ok,ssim_raw_7,TH54,0.6611286997795105,,,,
42,across_learners,20km,RF_20km,LR_20km,ok,ssim_raw_7,TH55,0.6222540736198425,,,,
42,across_learners,20km,RF_20km,LR_20km,ok,ssim_raw_7,TH56,0.651146411895752,,,,
42,across_learners,20km,RF_20km,LR_20km,ok,ssim_raw_7,TH57,0.6495710611343384,,,,
42,across_learners,20km,RF_20km,LR_20km,ok,ssim_raw_7,TH58,0.6362917423248291,,,,
42,across_learners,20km,RF_20km,LR_20km,ok,ssim_rank_7,TH50,0.2951233983039856,,,,
42,across_learners,20km,RF_20km,LR_20km,ok,ssim_rank_7,TH51,0.5548670887947083,,,,
42,across_learners,20km,RF_20km,LR_20km,ok,ssim_rank_7,TH52,0.45708557963371277,,,,
42,across_learners,20km,RF_20km,LR_20km,ok,ssim_rank_7,TH53,0.4818839430809021,,,,
42,across_learners,20km,RF_20km,LR_20km,ok,ssim_rank_7,TH54,0.4316372573375702,,,,
42,across_learners,20km,RF_20km,LR_20km,ok,ssim_rank_7,TH55,0.26559120416641235,,,,
42,across_learners,20km,RF_20km,LR_20km,ok,ssim_rank_7,TH56,0.5021600723266602,,,,
42,across_learners,20km,RF_20km,LR_20km,ok,ssim_rank_7,TH57,0.5131475925445557,,,,
42,across_learners,20km,RF_20km,LR_20km,ok,ssim_rank_7,TH58,0.1038573682308197,,,,
42,across_learners,20km,RF_20km,LR_20km,ok,ssim_raw_21,TH50,0.6313984990119934,,,,
42,across_learners,20km,RF_20km,LR_20km,ok,ssim_raw_21,TH51,0.7128393650054932,,,,
42,across_learners,20km,RF_20km,LR_20km,ok,ssim_raw_21,TH52,0.7011213898658752,,,,
42,across_learners,20km,RF_20km,LR_20km,ok,ssim_raw_21,TH53,0.7689492106437683,,,,
42,across_learners,20km,RF_20km,LR_20km,ok,ssim_raw_21,TH54,0.6965683698654175,,,,
42,across_learners,20km,RF_20km,LR_20km,ok,ssim_raw_21,TH55,0.646717369556427,,,,
42,across_learners,20km,RF_20km,LR_20km,ok,ssim_raw_21,TH56,0.7229196429252625,,,,
42,across_learners,20km,RF_20km,LR_20km,ok,ssim_raw_21,TH57,0.7424574494361877,,,,
42,across_learners,20km,RF_20km,LR_20km,ok,ssim_raw_21,TH58,0.6158829927444458,,,,
42,across_learners,20km,RF_20km,LR_20km,ok,ssim_rank_21,TH50,0.44277411699295044,,,,
42,across_learners,20km,RF_20km,LR_20km,ok,ssim_rank_21,TH51,0.7363866567611694,,,,
42,across_learners,20km,RF_20km,LR_20km,ok,ssim_rank_21,TH52,0.6149821281433105,,,,
42,across_learners,20km,RF_20km,LR_20km,ok,ssim_rank_21,TH53,0.681976854801178,,,,
42,across_learners,20km,RF_20km,LR_20km,ok,ssim_rank_21,TH54,0.6180287599563599,,,,
42,across_learners,20km,RF_20km,LR_20km,ok,ssim_rank_21,TH55,0.4410412013530731,,,,
42,across_learners,20km,RF_20km,LR_20km,ok,ssim_rank_21,TH56,0.6322710514068604,,,,
42,across_learners,20km,RF_20km,LR_20km,ok,ssim_rank_21,TH57,0.6297011971473694,,,,
42,across_learners,20km,RF_20km,LR_20km,ok,ssim_rank_21,TH58,0.2624098062515259,,,,
42,across_learners,20km,RF_20km,LR_20km,ok,jaccard_top10,TH50,0.739659629470056,7801.0,8350.0,6867.0,9284.0
42,across_learners,20km,RF_20km,LR_20km,ok,jaccard_top10,TH51,0.6854901960784314,3014.0,3433.0,2622.0,3825.0
42,across_learners,20km,RF_20km,LR_20km,ok,jaccard_top10,TH52,0.6323213326168726,6334.0,5817.0,4707.0,7444.0
42,across_learners,20km,RF_20km,LR_20km,ok,jaccard_top10,TH53,0.6003833253473886,3364.0,3316.0,2506.0,4174.0
42,across_learners,20km,RF_20km,LR_20km,ok,jaccard_top10,TH54,0.6016005567153793,2602.0,2001.0,1729.0,2874.0
42,across_learners,20km,RF_20km,LR_20km,ok,jaccard_top10,TH55,0.6488678607637716,2430.0,2449.0,1920.0,2959.0
42,across_learners,20km,RF_20km,LR_20km,ok,jaccard_top10,TH56,0.572611959616878,2695.0,3380.0,2212.0,3863.0
42,across_learners,20km,RF_20km,LR_20km,ok,jaccard_top10,TH57,0.7030207561156412,9390.0,8989.0,7587.0,10792.0
42,across_learners,20km,RF_20km,LR_20km,ok,jaccard_top10,TH58,0.41486486486486485,576.0,471.0,307.0,740.0
42,across_learners,20km,XGB_20km,LR_20km,ok,ssim_raw_7,TH50,0.6221358180046082,,,,
42,across_learners,20km,XGB_20km,LR_20km,ok,ssim_raw_7,TH51,0.537266194820404,,,,
42,across_learners,20km,XGB_20km,LR_20km,ok,ssim_raw_7,TH52,0.6263642907142639,,,,
42,across_learners,20km,XGB_20km,LR_20km,ok,ssim_raw_7,TH53,0.6299830079078674,,,,
42,across_learners,20km,XGB_20km,LR_20km,ok,ssim_raw_7,TH54,0.615138590335846,,,,
42,across_learners,20km,XGB_20km,LR_20km,ok,ssim_raw_7,TH55,0.7054011225700378,,,,
42,across_learners,20km,XGB_20km,LR_20km,ok,ssim_raw_7,TH56,0.5401787161827087,,,,
42,across_learners,20km,XGB_20km,LR_20km,ok,ssim_raw_7,TH57,0.684013307094574,,,,
42,across_learners,20km,XGB_20km,LR_20km,ok,ssim_raw_7,TH58,0.7429083585739136,,,,
42,across_learners,20km,XGB_20km,LR_20km,ok,ssim_rank_7,TH50,0.3629964590072632,,,,
42,across_learners,20km,XGB_20km,LR_20km,ok,ssim_rank_7,TH51,0.6034312844276428,,,,
42,across_learners,20km,XGB_20km,LR_20km,ok,ssim_rank_7,TH52,0.5491278171539307,,,,
42,across_learners,20km,XGB_20km,LR_20km,ok,ssim_rank_7,TH53,0.5697168111801147,,,,
42,across_learners,20km,XGB_20km,LR_20km,ok,ssim_rank_7,TH54,0.5258712768554688,,,,
42,across_learners,20km,XGB_20km,LR_20km,ok,ssim_rank_7,TH55,0.35393160581588745,,,,
42,across_learners,20km,XGB_20km,LR_20km,ok,ssim_rank_7,TH56,0.5718926191329956,,,,
42,across_learners,20km,XGB_20km,LR_20km,ok,ssim_rank_7,TH57,0.5391094088554382,,,,
42,across_learners,20km,XGB_20km,LR_20km,ok,ssim_rank_7,TH58,0.11102331429719925,,,,
42,across_learners,20km,XGB_20km,LR_20km,ok,ssim_raw_21,TH50,0.6003170013427734,,,,
42,across_learners,20km,XGB_20km,LR_20km,ok,ssim_raw_21,TH51,0.5567713379859924,,,,
42,across_learners,20km,XGB_20km,LR_20km,ok,ssim_raw_21,TH52,0.6383058428764343,,,,
42,across_learners,20km,XGB_20km,LR_20km,ok,ssim_raw_21,TH53,0.7022061944007874,,,,
42,across_learners,20km,XGB_20km,LR_20km,ok,ssim_raw_21,TH54,0.6277338266372681,,,,
42,across_learners,20km,XGB_20km,LR_20km,ok,ssim_raw_21,TH55,0.6832122206687927,,,,
42,across_learners,20km,XGB_20km,LR_20km,ok,ssim_raw_21,TH56,0.5434717535972595,,,,
42,across_learners,20km,XGB_20km,LR_20km,ok,ssim_raw_21,TH57,0.7711163759231567,,,,
42,across_learners,20km,XGB_20km,LR_20km,ok,ssim_raw_21,TH58,0.654025137424469,,,,
42,across_learners,20km,XGB_20km,LR_20km,ok,ssim_rank_21,TH50,0.5512425899505615,,,,
42,across_learners,20km,XGB_20km,LR_20km,ok,ssim_rank_21,TH51,0.7717864513397217,,,,
42,across_learners,20km,XGB_20km,LR_20km,ok,ssim_rank_21,TH52,0.7170777320861816,,,,
42,across_learners,20km,XGB_20km,LR_20km,ok,ssim_rank_21,TH53,0.7441418170928955,,,,
42,across_learners,20km,XGB_20km,LR_20km,ok,ssim_rank_21,TH54,0.6974294185638428,,,,
42,across_learners,20km,XGB_20km,LR_20km,ok,ssim_rank_21,TH55,0.5700739026069641,,,,
42,across_learners,20km,XGB_20km,LR_20km,ok,ssim_rank_21,TH56,0.7389630675315857,,,,
42,across_learners,20km,XGB_20km,LR_20km,ok,ssim_rank_21,TH57,0.6902432441711426,,,,
42,across_learners,20km,XGB_20km,LR_20km,ok,ssim_rank_21,TH58,0.31888964772224426,,,,
42,across_learners,20km,XGB_20km,LR_20km,ok,jaccard_top10,TH50,0.685465290994691,8476.0,8350.0,6843.0,9983.0
42,across_learners,20km,XGB_20km,LR_20km,ok,jaccard_top10,TH51,0.6506410256410257,2747.0,3433.0,2436.0,3744.0
42,across_learners,20km,XGB_20km,LR_20km,ok,jaccard_top10,TH52,0.591335358605204,6231.0,5817.0,4477.0,7571.0
42,across_learners,20km,XGB_20km,LR_20km,ok,jaccard_top10,TH53,0.5327421555252387,3425.0,3316.0,2343.0,4398.0
42,across_learners,20km,XGB_20km,LR_20km,ok,jaccard_top10,TH54,0.5341335333833458,2089.0,2001.0,1424.0,2666.0
42,across_learners,20km,XGB_20km,LR_20km,ok,jaccard_top10,TH55,0.5914082687338501,2478.0,2449.0,1831.0,3096.0
42,across_learners,20km,XGB_20km,LR_20km,ok,jaccard_top10,TH56,0.4513129102844639,1926.0,3380.0,1650.0,3656.0
42,across_learners,20km,XGB_20km,LR_20km,ok,jaccard_top10,TH57,0.6419382504288165,10156.0,8989.0,7485.0,11660.0
42,across_learners,20km,XGB_20km,LR_20km,ok,jaccard_top10,TH58,0.2895622895622896,678.0,471.0,258.0,891.0
42,across_learners,25km,RF_25km,XGB_25km,ok,ssim_raw_7,TH50,0.6928749084472656,,,,
42,across_learners,25km,RF_25km,XGB_25km,ok,ssim_raw_7,TH51,0.7049482464790344,,,,
42,across_learners,25km,RF_25km,XGB_25km,ok,ssim_raw_7,TH52,0.7254509329795837,,,,
42,across_learners,25km,RF_25km,XGB_25km,ok,ssim_raw_7,TH53,0.7007828950881958,,,,
42,across_learners,25km,RF_25km,XGB_25km,ok,ssim_raw_7,TH54,0.6582180261611938,,,,
42,across_learners,25km,RF_25km,XGB_25km,ok,ssim_raw_7,TH55,0.7074675559997559,,,,
42,across_learners,25km,RF_25km,XGB_25km,ok,ssim_raw_7,TH56,0.6578744649887085,,,,
42,across_learners,25km,RF_25km,XGB_25km,ok,ssim_raw_7,TH57,0.7022804021835327,,,,
42,across_learners,25km,RF_25km,XGB_25km,ok,ssim_raw_7,TH58,0.7319920063018799,,,,
42,across_learners,25km,RF_25km,XGB_25km,ok,ssim_rank_7,TH50,0.5744677186012268,,,,
42,across_learners,25km,RF_25km,XGB_25km,ok,ssim_rank_7,TH51,0.7182244062423706,,,,
42,across_learners,25km,RF_25km,XGB_25km,ok,ssim_rank_7,TH52,0.6919893622398376,,,,
42,across_learners,25km,RF_25km,XGB_25km,ok,ssim_rank_7,TH53,0.6871364712715149,,,,
42,across_learners,25km,RF_25km,XGB_25km,ok,ssim_rank_7,TH54,0.6868419051170349,,,,
42,across_learners,25km,RF_25km,XGB_25km,ok,ssim_rank_7,TH55,0.5802857875823975,,,,
42,across_learners,25km,RF_25km,XGB_25km,ok,ssim_rank_7,TH56,0.7370011806488037,,,,
42,across_learners,25km,RF_25km,XGB_25km,ok,ssim_rank_7,TH57,0.728859543800354,,,,
42,across_learners,25km,RF_25km,XGB_25km,ok,ssim_rank_7,TH58,0.492311954498291,,,,
42,across_learners,25km,RF_25km,XGB_25km,ok,ssim_raw_21,TH50,0.6417526602745056,,,,
42,across_learners,25km,RF_25km,XGB_25km,ok,ssim_raw_21,TH51,0.7150825262069702,,,,
42,across_learners,25km,RF_25km,XGB_25km,ok,ssim_raw_21,TH52,0.7257097363471985,,,,
42,across_learners,25km,RF_25km,XGB_25km,ok,ssim_raw_21,TH53,0.7172596454620361,,,,
42,across_learners,25km,RF_25km,XGB_25km,ok,ssim_raw_21,TH54,0.61613529920578,,,,
42,across_learners,25km,RF_25km,XGB_25km,ok,ssim_raw_21,TH55,0.6796637177467346,,,,
42,across_learners,25km,RF_25km,XGB_25km,ok,ssim_raw_21,TH56,0.6465251445770264,,,,
42,across_learners,25km,RF_25km,XGB_25km,ok,ssim_raw_21,TH57,0.7882668972015381,,,,
42,across_learners,25km,RF_25km,XGB_25km,ok,ssim_raw_21,TH58,0.6620507836341858,,,,
42,across_learners,25km,RF_25km,XGB_25km,ok,ssim_rank_21,TH50,0.6804760694503784,,,,
42,across_learners,25km,RF_25km,XGB_25km,ok,ssim_rank_21,TH51,0.8244416117668152,,,,
42,across_learners,25km,RF_25km,XGB_25km,ok,ssim_rank_21,TH52,0.8059536218643188,,,,
42,across_learners,25km,RF_25km,XGB_25km,ok,ssim_rank_21,TH53,0.8125422596931458,,,,
42,across_learners,25km,RF_25km,XGB_25km,ok,ssim_rank_21,TH54,0.8114999532699585,,,,
42,across_learners,25km,RF_25km,XGB_25km,ok,ssim_rank_21,TH55,0.7164192795753479,,,,
42,across_learners,25km,RF_25km,XGB_25km,ok,ssim_rank_21,TH56,0.8352277278900146,,,,
42,across_learners,25km,RF_25km,XGB_25km,ok,ssim_rank_21,TH57,0.8237882256507874,,,,
42,across_learners,25km,RF_25km,XGB_25km,ok,ssim_rank_21,TH58,0.6238464117050171,,,,
42,across_learners,25km,RF_25km,XGB_25km,ok,jaccard_top10,TH50,0.7373410902822668,7819.0,8307.0,6844.0,9282.0
42,across_learners,25km,RF_25km,XGB_25km,ok,jaccard_top10,TH51,0.7403591404180159,3044.0,2868.0,2515.0,3397.0
42,across_learners,25km,RF_25km,XGB_25km,ok,jaccard_top10,TH52,0.7427570408300768,6485.0,6448.0,5512.0,7421.0
42,across_learners,25km,RF_25km,XGB_25km,ok,jaccard_top10,TH53,0.6888727974897417,3588.0,3409.0,2854.0,4143.0
42,across_learners,25km,RF_25km,XGB_25km,ok,jaccard_top10,TH54,0.6169985775248933,2440.0,2107.0,1735.0,2812.0
42,across_learners,25km,RF_25km,XGB_25km,ok,jaccard_top10,TH55,0.6577777777777778,2429.0,2420.0,1924.0,2925.0
42,across_learners,25km,RF_25km,XGB_25km,ok,jaccard_top10,TH56,0.5729275970619098,2572.0,1925.0,1638.0,2859.0
42,across_learners,25km,RF_25km,XGB_25km,ok,jaccard_top10,TH57,0.7265520619934087,9268.0,10116.0,8157.0,11227.0
42,across_learners,25km,RF_25km,XGB_25km,ok,jaccard_top10,TH58,0.5748987854251012,561.0,606.0,426.0,741.0
42,across_learners,25km,RF_25km,LR_25km,ok,ssim_raw_7,TH50,0.6237979531288147,,,,
42,across_learners,25km,RF_25km,LR_25km,ok,ssim_raw_7,TH51,0.6409183740615845,,,,
42,across_learners,25km,RF_25km,LR_25km,ok,ssim_raw_7,TH52,0.6499848961830139,,,,
42,across_learners,25km,RF_25km,LR_25km,ok,ssim_raw_7,TH53,0.6744741201400757,,,,
42,across_learners,25km,RF_25km,LR_25km,ok,ssim_raw_7,TH54,0.6598989963531494,,,,
42,across_learners,25km,RF_25km,LR_25km,ok,ssim_raw_7,TH55,0.6361344456672668,,,,
42,across_learners,25km,RF_25km,LR_25km,ok,ssim_raw_7,TH56,0.6551400423049927,,,,
42,across_learners,25km,RF_25km,LR_25km,ok,ssim_raw_7,TH57,0.6438723206520081,,,,
42,across_learners,25km,RF_25km,LR_25km,ok,ssim_raw_7,TH58,0.6549681425094604,,,,
42,across_learners,25km,RF_25km,LR_25km,ok,ssim_rank_7,TH50,0.3020680844783783,,,,
42,across_learners,25km,RF_25km,LR_25km,ok,ssim_rank_7,TH51,0.550958514213562,,,,
42,across_learners,25km,RF_25km,LR_25km,ok,ssim_rank_7,TH52,0.4620875418186188,,,,
42,across_learners,25km,RF_25km,LR_25km,ok,ssim_rank_7,TH53,0.4923911988735199,,,,
42,across_learners,25km,RF_25km,LR_25km,ok,ssim_rank_7,TH54,0.4221215844154358,,,,
42,across_learners,25km,RF_25km,LR_25km,ok,ssim_rank_7,TH55,0.2698487341403961,,,,
42,across_learners,25km,RF_25km,LR_25km,ok,ssim_rank_7,TH56,0.5091530680656433,,,,
42,across_learners,25km,RF_25km,LR_25km,ok,ssim_rank_7,TH57,0.5181291103363037,,,,
42,across_learners,25km,RF_25km,LR_25km,ok,ssim_rank_7,TH58,0.11655806750059128,,,,
42,across_learners,25km,RF_25km,LR_25km,ok,ssim_raw_21,TH50,0.6386574506759644,,,,
42,across_learners,25km,RF_25km,LR_25km,ok,ssim_raw_21,TH51,0.7153985500335693,,,,
42,across_learners,25km,RF_25km,LR_25km,ok,ssim_raw_21,TH52,0.7100135087966919,,,,
42,across_learners,25km,RF_25km,LR_25km,ok,ssim_raw_21,TH53,0.7662686705589294,,,,
42,across_learners,25km,RF_25km,LR_25km,ok,ssim_raw_21,TH54,0.7002503275871277,,,,
42,across_learners,25km,RF_25km,LR_25km,ok,ssim_raw_21,TH55,0.6605464816093445,,,,
42,across_learners,25km,RF_25km,LR_25km,ok,ssim_raw_21,TH56,0.7247506380081177,,,,
42,across_learners,25km,RF_25km,LR_25km,ok,ssim_raw_21,TH57,0.7411318421363831,,,,
42,across_learners,25km,RF_25km,LR_25km,ok,ssim_raw_21,TH58,0.6309150457382202,,,,
42,across_learners,25km,RF_25km,LR_25km,ok,ssim_rank_21,TH50,0.45127955079078674,,,,
42,across_learners,25km,RF_25km,LR_25km,ok,ssim_rank_21,TH51,0.7364252805709839,,,,
42,across_learners,25km,RF_25km,LR_25km,ok,ssim_rank_21,TH52,0.6295841932296753,,,,
42,across_learners,25km,RF_25km,LR_25km,ok,ssim_rank_21,TH53,0.6904948949813843,,,,
42,across_learners,25km,RF_25km,LR_25km,ok,ssim_rank_21,TH54,0.6109521985054016,,,,
42,across_learners,25km,RF_25km,LR_25km,ok,ssim_rank_21,TH55,0.4555150866508484,,,,
42,across_learners,25km,RF_25km,LR_25km,ok,ssim_rank_21,TH56,0.6409061551094055,,,,
42,across_learners,25km,RF_25km,LR_25km,ok,ssim_rank_21,TH57,0.6376368999481201,,,,
42,across_learners,25km,RF_25km,LR_25km,ok,ssim_rank_21,TH58,0.2807219326496124,,,,
42,across_learners,25km,RF_25km,LR_25km,ok,jaccard_top10,TH50,0.7454230310908894,7819.0,8293.0,6881.0,9231.0
42,across_learners,25km,RF_25km,LR_25km,ok,jaccard_top10,TH51,0.6881692347871506,3044.0,3420.0,2635.0,3829.0
42,across_learners,25km,RF_25km,LR_25km,ok,jaccard_top10,TH52,0.6278605641298564,6485.0,5750.0,4719.0,7516.0
42,across_learners,25km,RF_25km,LR_25km,ok,jaccard_top10,TH53,0.5930526800092017,3588.0,3337.0,2578.0,4347.0
42,across_learners,25km,RF_25km,LR_25km,ok,jaccard_top10,TH54,0.600071479628306,2440.0,2037.0,1679.0,2798.0
42,across_learners,25km,RF_25km,LR_25km,ok,jaccard_top10,TH55,0.6589595375722543,2429.0,2450.0,1938.0,2941.0
42,across_learners,25km,RF_25km,LR_25km,ok,jaccard_top10,TH56,0.5501801338136901,2572.0,3452.0,2138.0,3886.0
42,across_learners,25km,RF_25km,LR_25km,ok,jaccard_top10,TH57,0.7116483928404086,9268.0,8997.0,7594.0,10671.0
42,across_learners,25km,RF_25km,LR_25km,ok,jaccard_top10,TH58,0.43793584379358436,561.0,470.0,314.0,717.0
42,across_learners,25km,XGB_25km,LR_25km,ok,ssim_raw_7,TH50,0.6063879728317261,,,,
42,across_learners,25km,XGB_25km,LR_25km,ok,ssim_raw_7,TH51,0.5387516021728516,,,,
42,across_learners,25km,XGB_25km,LR_25km,ok,ssim_raw_7,TH52,0.622317373752594,,,,
42,across_learners,25km,XGB_25km,LR_25km,ok,ssim_raw_7,TH53,0.6189549565315247,,,,
42,across_learners,25km,XGB_25km,LR_25km,ok,ssim_raw_7,TH54,0.6022183299064636,,,,
42,across_learners,25km,XGB_25km,LR_25km,ok,ssim_raw_7,TH55,0.6812525987625122,,,,
42,across_learners,25km,XGB_25km,LR_25km,ok,ssim_raw_7,TH56,0.5138562917709351,,,,
42,across_learners,25km,XGB_25km,LR_25km,ok,ssim_raw_7,TH57,0.6726809144020081,,,,
42,across_learners,25km,XGB_25km,LR_25km,ok,ssim_raw_7,TH58,0.7343111634254456,,,,
42,across_learners,25km,XGB_25km,LR_25km,ok,ssim_rank_7,TH50,0.3568042814731598,,,,
42,across_learners,25km,XGB_25km,LR_25km,ok,ssim_rank_7,TH51,0.5991895794868469,,,,
42,across_learners,25km,XGB_25km,LR_25km,ok,ssim_rank_7,TH52,0.5521321892738342,,,,
42,across_learners,25km,XGB_25km,LR_25km,ok,ssim_rank_7,TH53,0.5654403567314148,,,,
42,across_learners,25km,XGB_25km,LR_25km,ok,ssim_rank_7,TH54,0.5205404162406921,,,,
42,across_learners,25km,XGB_25km,LR_25km,ok,ssim_rank_7,TH55,0.34945377707481384,,,,
42,across_learners,25km,XGB_25km,LR_25km,ok,ssim_rank_7,TH56,0.5863232612609863,,,,
42,across_learners,25km,XGB_25km,LR_25km,ok,ssim_rank_7,TH57,0.547167181968689,,,,
42,across_learners,25km,XGB_25km,LR_25km,ok,ssim_rank_7,TH58,0.10951302200555801,,,,
42,across_learners,25km,XGB_25km,LR_25km,ok,ssim_raw_21,TH50,0.580113410949707,,,,
42,across_learners,25km,XGB_25km,LR_25km,ok,ssim_raw_21,TH51,0.5648490190505981,,,,
42,across_learners,25km,XGB_25km,LR_25km,ok,ssim_raw_21,TH52,0.6366183757781982,,,,
42,across_learners,25km,XGB_25km,LR_25km,ok,ssim_raw_21,TH53,0.6870879530906677,,,,
42,across_learners,25km,XGB_25km,LR_25km,ok,ssim_raw_21,TH54,0.6143807172775269,,,,
42,across_learners,25km,XGB_25km,LR_25km,ok,ssim_raw_21,TH55,0.6452193856239319,,,,
42,across_learners,25km,XGB_25km,LR_25km,ok,ssim_raw_21,TH56,0.5094797015190125,,,,
42,across_learners,25km,XGB_25km,LR_25km,ok,ssim_raw_21,TH57,0.7656614184379578,,,,
42,across_learners,25km,XGB_25km,LR_25km,ok,ssim_raw_21,TH58,0.6401385068893433,,,,
42,across_learners,25km,XGB_25km,LR_25km,ok,ssim_rank_21,TH50,0.5432912707328796,,,,
42,across_learners,25km,XGB_25km,LR_25km,ok,ssim_rank_21,TH51,0.7665460705757141,,,,
42,across_learners,25km,XGB_25km,LR_25km,ok,ssim_rank_21,TH52,0.7263221740722656,,,,
42,across_learners,25km,XGB_25km,LR_25km,ok,ssim_rank_21,TH53,0.7511336803436279,,,,
42,across_learners,25km,XGB_25km,LR_25km,ok,ssim_rank_21,TH54,0.7025558948516846,,,,
42,across_learners,25km,XGB_25km,LR_25km,ok,ssim_rank_21,TH55,0.5724388360977173,,,,
42,across_learners,25km,XGB_25km,LR_25km,ok,ssim_rank_21,TH56,0.747541069984436,,,,
42,across_learners,25km,XGB_25km,LR_25km,ok,ssim_rank_21,TH57,0.6914319396018982,,,,
42,across_learners,25km,XGB_25km,LR_25km,ok,ssim_rank_21,TH58,0.3180978298187256,,,,
42,across_learners,25km,XGB_25km,LR_25km,ok,jaccard_top10,TH50,0.6750756811301716,8307.0,8293.0,6690.0,9910.0
42,across_learners,25km,XGB_25km,LR_25km,ok,jaccard_top10,TH51,0.6447815851425582,2868.0,3420.0,2465.0,3823.0
42,across_learners,25km,XGB_25km,LR_25km,ok,jaccard_top10,TH52,0.5918047761973118,6448.0,5750.0,4535.0,7663.0
42,across_learners,25km,XGB_25km,LR_25km,ok,jaccard_top10,TH53,0.5533041676260649,3409.0,3337.0,2403.0,4343.0
42,across_learners,25km,XGB_25km,LR_25km,ok,jaccard_top10,TH54,0.5561396920766053,2107.0,2037.0,1481.0,2663.0
42,across_learners,25km,XGB_25km,LR_25km,ok,jaccard_top10,TH55,0.5634028892455859,2420.0,2450.0,1755.0,3115.0
42,across_learners,25km,XGB_25km,LR_25km,ok,jaccard_top10,TH56,0.44348993288590605,1925.0,3452.0,1652.0,3725.0
42,across_learners,25km,XGB_25km,LR_25km,ok,jaccard_top10,TH57,0.6393344197615576,10116.0,8997.0,7454.0,11659.0
42,across_learners,25km,XGB_25km,LR_25km,ok,jaccard_top10,TH58,0.27488151658767773,606.0,470.0,232.0,844.0
42,across_learners,Rinf,RF_Rinf,XGB_Rinf,ok,ssim_raw_7,TH50,0.714805006980896,,,,
42,across_learners,Rinf,RF_Rinf,XGB_Rinf,ok,ssim_raw_7,TH51,0.7308266758918762,,,,
42,across_learners,Rinf,RF_Rinf,XGB_Rinf,ok,ssim_raw_7,TH52,0.7298412919044495,,,,
42,across_learners,Rinf,RF_Rinf,XGB_Rinf,ok,ssim_raw_7,TH53,0.7466053366661072,,,,
42,across_learners,Rinf,RF_Rinf,XGB_Rinf,ok,ssim_raw_7,TH54,0.6557417511940002,,,,
42,across_learners,Rinf,RF_Rinf,XGB_Rinf,ok,ssim_raw_7,TH55,0.7081944346427917,,,,
42,across_learners,Rinf,RF_Rinf,XGB_Rinf,ok,ssim_raw_7,TH56,0.6836583614349365,,,,
42,across_learners,Rinf,RF_Rinf,XGB_Rinf,ok,ssim_raw_7,TH57,0.7293123602867126,,,,
42,across_learners,Rinf,RF_Rinf,XGB_Rinf,ok,ssim_raw_7,TH58,0.7413077354431152,,,,
42,across_learners,Rinf,RF_Rinf,XGB_Rinf,ok,ssim_rank_7,TH50,0.6130224466323853,,,,
42,across_learners,Rinf,RF_Rinf,XGB_Rinf,ok,ssim_rank_7,TH51,0.757902204990387,,,,
42,across_learners,Rinf,RF_Rinf,XGB_Rinf,ok,ssim_rank_7,TH52,0.7120905518531799,,,,
42,across_learners,Rinf,RF_Rinf,XGB_Rinf,ok,ssim_rank_7,TH53,0.7161059975624084,,,,
42,across_learners,Rinf,RF_Rinf,XGB_Rinf,ok,ssim_rank_7,TH54,0.7134531736373901,,,,
42,across_learners,Rinf,RF_Rinf,XGB_Rinf,ok,ssim_rank_7,TH55,0.6047794818878174,,,,
42,across_learners,Rinf,RF_Rinf,XGB_Rinf,ok,ssim_rank_7,TH56,0.7397487163543701,,,,
42,across_learners,Rinf,RF_Rinf,XGB_Rinf,ok,ssim_rank_7,TH57,0.7643201947212219,,,,
42,across_learners,Rinf,RF_Rinf,XGB_Rinf,ok,ssim_rank_7,TH58,0.5084072351455688,,,,
42,across_learners,Rinf,RF_Rinf,XGB_Rinf,ok,ssim_raw_21,TH50,0.6679016351699829,,,,
42,across_learners,Rinf,RF_Rinf,XGB_Rinf,ok,ssim_raw_21,TH51,0.7555148601531982,,,,
42,across_learners,Rinf,RF_Rinf,XGB_Rinf,ok,ssim_raw_21,TH52,0.7487611770629883,,,,
42,across_learners,Rinf,RF_Rinf,XGB_Rinf,ok,ssim_raw_21,TH53,0.7989940047264099,,,,
42,across_learners,Rinf,RF_Rinf,XGB_Rinf,ok,ssim_raw_21,TH54,0.6416574120521545,,,,
42,across_learners,Rinf,RF_Rinf,XGB_Rinf,ok,ssim_raw_21,TH55,0.6861249804496765,,,,
42,across_learners,Rinf,RF_Rinf,XGB_Rinf,ok,ssim_raw_21,TH56,0.713930606842041,,,,
42,across_learners,Rinf,RF_Rinf,XGB_Rinf,ok,ssim_raw_21,TH57,0.8062818050384521,,,,
42,across_learners,Rinf,RF_Rinf,XGB_Rinf,ok,ssim_raw_21,TH58,0.6761425137519836,,,,
42,across_learners,Rinf,RF_Rinf,XGB_Rinf,ok,ssim_rank_21,TH50,0.7171770334243774,,,,
42,across_learners,Rinf,RF_Rinf,XGB_Rinf,ok,ssim_rank_21,TH51,0.8491560220718384,,,,
42,across_learners,Rinf,RF_Rinf,XGB_Rinf,ok,ssim_rank_21,TH52,0.8137570023536682,,,,
42,across_learners,Rinf,RF_Rinf,XGB_Rinf,ok,ssim_rank_21,TH53,0.8246542811393738,,,,
42,across_learners,Rinf,RF_Rinf,XGB_Rinf,ok,ssim_rank_21,TH54,0.82282555103302,,,,
42,across_learners,Rinf,RF_Rinf,XGB_Rinf,ok,ssim_rank_21,TH55,0.7349955439567566,,,,
42,across_learners,Rinf,RF_Rinf,XGB_Rinf,ok,ssim_rank_21,TH56,0.8335617184638977,,,,
42,across_learners,Rinf,RF_Rinf,XGB_Rinf,ok,ssim_rank_21,TH57,0.8420886993408203,,,,
42,across_learners,Rinf,RF_Rinf,XGB_Rinf,ok,ssim_rank_21,TH58,0.6482115983963013,,,,
42,across_learners,Rinf,RF_Rinf,XGB_Rinf,ok,jaccard_top10,TH50,0.7656198347107438,7722.0,8301.0,6948.0,9075.0
42,across_learners,Rinf,RF_Rinf,XGB_Rinf,ok,jaccard_top10,TH51,0.766903365236184,2910.0,2813.0,2484.0,3239.0
42,across_learners,Rinf,RF_Rinf,XGB_Rinf,ok,jaccard_top10,TH52,0.7527593818984547,6401.0,6303.0,5456.0,7248.0
42,across_learners,Rinf,RF_Rinf,XGB_Rinf,ok,jaccard_top10,TH53,0.7027643925944712,3259.0,3455.0,2771.0,3943.0
42,across_learners,Rinf,RF_Rinf,XGB_Rinf,ok,jaccard_top10,TH54,0.6522655426765016,2578.0,2126.0,1857.0,2847.0
42,across_learners,Rinf,RF_Rinf,XGB_Rinf,ok,jaccard_top10,TH55,0.6721772775237426,2396.0,2358.0,1911.0,2843.0
42,across_learners,Rinf,RF_Rinf,XGB_Rinf,ok,jaccard_top10,TH56,0.5723938223938224,2825.0,2062.0,1779.0,3108.0
42,across_learners,Rinf,RF_Rinf,XGB_Rinf,ok,jaccard_top10,TH57,0.7723162324290447,9617.0,10178.0,8626.0,11169.0
42,across_learners,Rinf,RF_Rinf,XGB_Rinf,ok,jaccard_top10,TH58,0.5518207282913166,498.0,610.0,394.0,714.0
42,across_learners,Rinf,RF_Rinf,LR_Rinf,ok,ssim_raw_7,TH50,0.6365379691123962,,,,
42,across_learners,Rinf,RF_Rinf,LR_Rinf,ok,ssim_raw_7,TH51,0.645923376083374,,,,
42,across_learners,Rinf,RF_Rinf,LR_Rinf,ok,ssim_raw_7,TH52,0.6454874277114868,,,,
42,across_learners,Rinf,RF_Rinf,LR_Rinf,ok,ssim_raw_7,TH53,0.6785045862197876,,,,
42,across_learners,Rinf,RF_Rinf,LR_Rinf,ok,ssim_raw_7,TH54,0.6577966213226318,,,,
42,across_learners,Rinf,RF_Rinf,LR_Rinf,ok,ssim_raw_7,TH55,0.63930344581604,,,,
42,across_learners,Rinf,RF_Rinf,LR_Rinf,ok,ssim_raw_7,TH56,0.6525218486785889,,,,
42,across_learners,Rinf,RF_Rinf,LR_Rinf,ok,ssim_raw_7,TH57,0.647628128528595,,,,
42,across_learners,Rinf,RF_Rinf,LR_Rinf,ok,ssim_raw_7,TH58,0.6694567799568176,,,,
42,across_learners,Rinf,RF_Rinf,LR_Rinf,ok,ssim_rank_7,TH50,0.3189481496810913,,,,
42,across_learners,Rinf,RF_Rinf,LR_Rinf,ok,ssim_rank_7,TH51,0.5564372539520264,,,,
42,across_learners,Rinf,RF_Rinf,LR_Rinf,ok,ssim_rank_7,TH52,0.47406139969825745,,,,
42,across_learners,Rinf,RF_Rinf,LR_Rinf,ok,ssim_rank_7,TH53,0.5094415545463562,,,,
42,across_learners,Rinf,RF_Rinf,LR_Rinf,ok,ssim_rank_7,TH54,0.4466400146484375,,,,
42,across_learners,Rinf,RF_Rinf,LR_Rinf,ok,ssim_rank_7,TH55,0.27960774302482605,,,,
42,across_learners,Rinf,RF_Rinf,LR_Rinf,ok,ssim_rank_7,TH56,0.5040549635887146,,,,
42,across_learners,Rinf,RF_Rinf,LR_Rinf,ok,ssim_rank_7,TH57,0.5279911756515503,,,,
42,across_learners,Rinf,RF_Rinf,LR_Rinf,ok,ssim_rank_7,TH58,0.12546053528785706,,,,
42,across_learners,Rinf,RF_Rinf,LR_Rinf,ok,ssim_raw_21,TH50,0.6503636240959167,,,,
42,across_learners,Rinf,RF_Rinf,LR_Rinf,ok,ssim_raw_21,TH51,0.7225927114486694,,,,
42,across_learners,Rinf,RF_Rinf,LR_Rinf,ok,ssim_raw_21,TH52,0.709614098072052,,,,
42,across_learners,Rinf,RF_Rinf,LR_Rinf,ok,ssim_raw_21,TH53,0.7704632878303528,,,,
42,across_learners,Rinf,RF_Rinf,LR_Rinf,ok,ssim_raw_21,TH54,0.6986932754516602,,,,
42,across_learners,Rinf,RF_Rinf,LR_Rinf,ok,ssim_raw_21,TH55,0.6623920798301697,,,,
42,across_learners,Rinf,RF_Rinf,LR_Rinf,ok,ssim_raw_21,TH56,0.7285209894180298,,,,
42,across_learners,Rinf,RF_Rinf,LR_Rinf,ok,ssim_raw_21,TH57,0.7463472485542297,,,,
42,across_learners,Rinf,RF_Rinf,LR_Rinf,ok,ssim_raw_21,TH58,0.6420367956161499,,,,
42,across_learners,Rinf,RF_Rinf,LR_Rinf,ok,ssim_rank_21,TH50,0.47503238916397095,,,,
42,across_learners,Rinf,RF_Rinf,LR_Rinf,ok,ssim_rank_21,TH51,0.7415685653686523,,,,
42,across_learners,Rinf,RF_Rinf,LR_Rinf,ok,ssim_rank_21,TH52,0.6328128576278687,,,,
42,across_learners,Rinf,RF_Rinf,LR_Rinf,ok,ssim_rank_21,TH53,0.710858941078186,,,,
42,across_learners,Rinf,RF_Rinf,LR_Rinf,ok,ssim_rank_21,TH54,0.632150411605835,,,,
42,across_learners,Rinf,RF_Rinf,LR_Rinf,ok,ssim_rank_21,TH55,0.4718720614910126,,,,
42,across_learners,Rinf,RF_Rinf,LR_Rinf,ok,ssim_rank_21,TH56,0.6410810947418213,,,,
42,across_learners,Rinf,RF_Rinf,LR_Rinf,ok,ssim_rank_21,TH57,0.645889163017273,,,,
42,across_learners,Rinf,RF_Rinf,LR_Rinf,ok,ssim_rank_21,TH58,0.2935810685157776,,,,
42,across_learners,Rinf,RF_Rinf,LR_Rinf,ok,jaccard_top10,TH50,0.7603269273249392,7722.0,8216.0,6884.0,9054.0
42,across_learners,Rinf,RF_Rinf,LR_Rinf,ok,jaccard_top10,TH51,0.6816227834497582,2910.0,3349.0,2537.0,3722.0
42,across_learners,Rinf,RF_Rinf,LR_Rinf,ok,jaccard_top10,TH52,0.6393621371132615,6401.0,5627.0,4691.0,7337.0
42,across_learners,Rinf,RF_Rinf,LR_Rinf,ok,jaccard_top10,TH53,0.6046040981533013,3259.0,3084.0,2390.0,3953.0
42,across_learners,Rinf,RF_Rinf,LR_Rinf,ok,jaccard_top10,TH54,0.5900684931506849,2578.0,2065.0,1723.0,2920.0
42,across_learners,Rinf,RF_Rinf,LR_Rinf,ok,jaccard_top10,TH55,0.6793650793650794,2396.0,2365.0,1926.0,2835.0
42,across_learners,Rinf,RF_Rinf,LR_Rinf,ok,jaccard_top10,TH56,0.5794597225602336,2825.0,3665.0,2381.0,4109.0
42,across_learners,Rinf,RF_Rinf,LR_Rinf,ok,jaccard_top10,TH57,0.7244315608297853,9617.0,9419.0,7997.0,11039.0
42,across_learners,Rinf,RF_Rinf,LR_Rinf,ok,jaccard_top10,TH58,0.45310015898251194,498.0,416.0,285.0,629.0
42,across_learners,Rinf,XGB_Rinf,LR_Rinf,ok,ssim_raw_7,TH50,0.6102280616760254,,,,
42,across_learners,Rinf,XGB_Rinf,LR_Rinf,ok,ssim_raw_7,TH51,0.5494189858436584,,,,
42,across_learners,Rinf,XGB_Rinf,LR_Rinf,ok,ssim_raw_7,TH52,0.6181739568710327,,,,
42,across_learners,Rinf,XGB_Rinf,LR_Rinf,ok,ssim_raw_7,TH53,0.6295948624610901,,,,
42,across_learners,Rinf,XGB_Rinf,LR_Rinf,ok,ssim_raw_7,TH54,0.596949577331543,,,,
42,across_learners,Rinf,XGB_Rinf,LR_Rinf,ok,ssim_raw_7,TH55,0.6724992394447327,,,,
42,across_learners,Rinf,XGB_Rinf,LR_Rinf,ok,ssim_raw_7,TH56,0.5030799508094788,,,,
42,across_learners,Rinf,XGB_Rinf,LR_Rinf,ok,ssim_raw_7,TH57,0.66591477394104,,,,
42,across_learners,Rinf,XGB_Rinf,LR_Rinf,ok,ssim_raw_7,TH58,0.7382259368896484,,,,
42,across_learners,Rinf,XGB_Rinf,LR_Rinf,ok,ssim_rank_7,TH50,0.3706880211830139,,,,
42,across_learners,Rinf,XGB_Rinf,LR_Rinf,ok,ssim_rank_7,TH51,0.5962953567504883,,,,
42,across_learners,Rinf,XGB_Rinf,LR_Rinf,ok,ssim_rank_7,TH52,0.5477689504623413,,,,
42,across_learners,Rinf,XGB_Rinf,LR_Rinf,ok,ssim_rank_7,TH53,0.5637302994728088,,,,
42,across_learners,Rinf,XGB_Rinf,LR_Rinf,ok,ssim_rank_7,TH54,0.5125294327735901,,,,
42,across_learners,Rinf,XGB_Rinf,LR_Rinf,ok,ssim_rank_7,TH55,0.37048977613449097,,,,
42,across_learners,Rinf,XGB_Rinf,LR_Rinf,ok,ssim_rank_7,TH56,0.5791245698928833,,,,
42,across_learners,Rinf,XGB_Rinf,LR_Rinf,ok,ssim_rank_7,TH57,0.5584911704063416,,,,
42,across_learners,Rinf,XGB_Rinf,LR_Rinf,ok,ssim_rank_7,TH58,0.12477128207683563,,,,
42,across_learners,Rinf,XGB_Rinf,LR_Rinf,ok,ssim_raw_21,TH50,0.5954456329345703,,,,
42,across_learners,Rinf,XGB_Rinf,LR_Rinf,ok,ssim_raw_21,TH51,0.593410313129425,,,,
42,across_learners,Rinf,XGB_Rinf,LR_Rinf,ok,ssim_raw_21,TH52,0.6447011828422546,,,,
42,across_learners,Rinf,XGB_Rinf,LR_Rinf,ok,ssim_raw_21,TH53,0.7174144387245178,,,,
42,across_learners,Rinf,XGB_Rinf,LR_Rinf,ok,ssim_raw_21,TH54,0.6266701221466064,,,,
42,across_learners,Rinf,XGB_Rinf,LR_Rinf,ok,ssim_raw_21,TH55,0.642918050289154,,,,
42,across_learners,Rinf,XGB_Rinf,LR_Rinf,ok,ssim_raw_21,TH56,0.5339826345443726,,,,
42,across_learners,Rinf,XGB_Rinf,LR_Rinf,ok,ssim_raw_21,TH57,0.771202564239502,,,,
42,across_learners,Rinf,XGB_Rinf,LR_Rinf,ok,ssim_raw_21,TH58,0.6507432460784912,,,,
42,across_learners,Rinf,XGB_Rinf,LR_Rinf,ok,ssim_rank_21,TH50,0.5489506721496582,,,,
42,across_learners,Rinf,XGB_Rinf,LR_Rinf,ok,ssim_rank_21,TH51,0.7613155245780945,,,,
42,across_learners,Rinf,XGB_Rinf,LR_Rinf,ok,ssim_rank_21,TH52,0.7181097269058228,,,,
42,across_learners,Rinf,XGB_Rinf,LR_Rinf,ok,ssim_rank_21,TH53,0.7391818761825562,,,,
42,across_learners,Rinf,XGB_Rinf,LR_Rinf,ok,ssim_rank_21,TH54,0.683950662612915,,,,
42,across_learners,Rinf,XGB_Rinf,LR_Rinf,ok,ssim_rank_21,TH55,0.5901644229888916,,,,
42,across_learners,Rinf,XGB_Rinf,LR_Rinf,ok,ssim_rank_21,TH56,0.7509512901306152,,,,
42,across_learners,Rinf,XGB_Rinf,LR_Rinf,ok,ssim_rank_21,TH57,0.6950365304946899,,,,
42,across_learners,Rinf,XGB_Rinf,LR_Rinf,ok,ssim_rank_21,TH58,0.32206693291664124,,,,
42,across_learners,Rinf,XGB_Rinf,LR_Rinf,ok,jaccard_top10,TH50,0.6840334420880914,8301.0,8216.0,6709.0,9808.0
42,across_learners,Rinf,XGB_Rinf,LR_Rinf,ok,jaccard_top10,TH51,0.6591276252019386,2813.0,3349.0,2448.0,3714.0
42,across_learners,Rinf,XGB_Rinf,LR_Rinf,ok,jaccard_top10,TH52,0.5915154749199573,6303.0,5627.0,4434.0,7496.0
42,across_learners,Rinf,XGB_Rinf,LR_Rinf,ok,jaccard_top10,TH53,0.5356975105683419,3455.0,3084.0,2281.0,4258.0
42,across_learners,Rinf,XGB_Rinf,LR_Rinf,ok,jaccard_top10,TH54,0.5425101214574899,2126.0,2065.0,1474.0,2717.0
42,across_learners,Rinf,XGB_Rinf,LR_Rinf,ok,jaccard_top10,TH55,0.5675406571523398,2358.0,2365.0,1710.0,3013.0
42,across_learners,Rinf,XGB_Rinf,LR_Rinf,ok,jaccard_top10,TH56,0.4411172622043281,2062.0,3665.0,1753.0,3974.0
42,across_learners,Rinf,XGB_Rinf,LR_Rinf,ok,jaccard_top10,TH57,0.6573917456021651,10178.0,9419.0,7773.0,11824.0
42,across_learners,Rinf,XGB_Rinf,LR_Rinf,ok,jaccard_top10,TH58,0.27611940298507465,610.0,416.0,222.0,804.0
0,across_radii,RF,RF_1km,RF_10km,ok,ssim_raw_7,TH50,0.20690025389194489,,,,
0,across_radii,RF,RF_1km,RF_10km,ok,ssim_raw_7,TH51,0.2823745906352997,,,,
0,across_radii,RF,RF_1km,RF_10km,ok,ssim_raw_7,TH52,0.24144858121871948,,,,
0,across_radii,RF,RF_1km,RF_10km,ok,ssim_raw_7,TH53,0.2764246463775635,,,,
0,across_radii,RF,RF_1km,RF_10km,ok,ssim_raw_7,TH54,0.26190185546875,,,,
0,across_radii,RF,RF_1km,RF_10km,ok,ssim_raw_7,TH55,0.17631638050079346,,,,
0,across_radii,RF,RF_1km,RF_10km,ok,ssim_raw_7,TH56,0.2294386923313141,,,,
0,across_radii,RF,RF_1km,RF_10km,ok,ssim_raw_7,TH57,0.25415390729904175,,,,
0,across_radii,RF,RF_1km,RF_10km,ok,ssim_raw_7,TH58,0.17732587456703186,,,,
0,across_radii,RF,RF_1km,RF_10km,ok,ssim_rank_7,TH50,0.45988309383392334,,,,
0,across_radii,RF,RF_1km,RF_10km,ok,ssim_rank_7,TH51,0.4369790852069855,,,,
0,across_radii,RF,RF_1km,RF_10km,ok,ssim_rank_7,TH52,0.4169830083847046,,,,
0,across_radii,RF,RF_1km,RF_10km,ok,ssim_rank_7,TH53,0.40171822905540466,,,,
0,across_radii,RF,RF_1km,RF_10km,ok,ssim_rank_7,TH54,0.42133796215057373,,,,
0,across_radii,RF,RF_1km,RF_10km,ok,ssim_rank_7,TH55,0.3404739499092102,,,,
0,across_radii,RF,RF_1km,RF_10km,ok,ssim_rank_7,TH56,0.16366365551948547,,,,
0,across_radii,RF,RF_1km,RF_10km,ok,ssim_rank_7,TH57,0.0811602920293808,,,,
0,across_radii,RF,RF_1km,RF_10km,ok,ssim_rank_7,TH58,0.4744410812854767,,,,
0,across_radii,RF,RF_1km,RF_10km,ok,ssim_raw_21,TH50,0.217604860663414,,,,
0,across_radii,RF,RF_1km,RF_10km,ok,ssim_raw_21,TH51,0.32490280270576477,,,,
0,across_radii,RF,RF_1km,RF_10km,ok,ssim_raw_21,TH52,0.2665518820285797,,,,
0,across_radii,RF,RF_1km,RF_10km,ok,ssim_raw_21,TH53,0.3423352539539337,,,,
0,across_radii,RF,RF_1km,RF_10km,ok,ssim_raw_21,TH54,0.2984238266944885,,,,
0,across_radii,RF,RF_1km,RF_10km,ok,ssim_raw_21,TH55,0.18174071609973907,,,,
0,across_radii,RF,RF_1km,RF_10km,ok,ssim_raw_21,TH56,0.20562665164470673,,,,
0,across_radii,RF,RF_1km,RF_10km,ok,ssim_raw_21,TH57,0.21695469319820404,,,,
0,across_radii,RF,RF_1km,RF_10km,ok,ssim_raw_21,TH58,0.19292762875556946,,,,
0,across_radii,RF,RF_1km,RF_10km,ok,ssim_rank_21,TH50,0.45672130584716797,,,,
0,across_radii,RF,RF_1km,RF_10km,ok,ssim_rank_21,TH51,0.46223917603492737,,,,
0,across_radii,RF,RF_1km,RF_10km,ok,ssim_rank_21,TH52,0.4461027681827545,,,,
0,across_radii,RF,RF_1km,RF_10km,ok,ssim_rank_21,TH53,0.4771500825881958,,,,
0,across_radii,RF,RF_1km,RF_10km,ok,ssim_rank_21,TH54,0.4674585163593292,,,,
0,across_radii,RF,RF_1km,RF_10km,ok,ssim_rank_21,TH55,0.2890375554561615,,,,
0,across_radii,RF,RF_1km,RF_10km,ok,ssim_rank_21,TH56,0.05673707649111748,,,,
0,across_radii,RF,RF_1km,RF_10km,ok,ssim_rank_21,TH57,-0.04203825816512108,,,,
0,across_radii,RF,RF_1km,RF_10km,ok,ssim_rank_21,TH58,0.4486040771007538,,,,
0,across_radii,RF,RF_1km,RF_10km,ok,jaccard_top10,TH50,0.16992091818881658,8284.0,8433.0,2428.0,14289.0
0,across_radii,RF,RF_1km,RF_10km,ok,jaccard_top10,TH51,0.20448045757864633,1745.0,3309.0,858.0,4196.0
0,across_radii,RF,RF_1km,RF_10km,ok,jaccard_top10,TH52,0.21308810949529514,7748.0,6433.0,2491.0,11690.0
0,across_radii,RF,RF_1km,RF_10km,ok,jaccard_top10,TH53,0.14992782016910702,2017.0,3559.0,727.0,4849.0
0,across_radii,RF,RF_1km,RF_10km,ok,jaccard_top10,TH54,0.20005790387955993,1755.0,2390.0,691.0,3454.0
0,across_radii,RF,RF_1km,RF_10km,ok,jaccard_top10,TH55,0.14175618869687062,2514.0,2375.0,607.0,4282.0
0,across_radii,RF,RF_1km,RF_10km,ok,jaccard_top10,TH56,0.16306620209059233,2313.0,2694.0,702.0,4305.0
0,across_radii,RF,RF_1km,RF_10km,ok,jaccard_top10,TH57,0.1744193696953747,9517.0,8333.0,2651.0,15199.0
0,across_radii,RF,RF_1km,RF_10km,ok,jaccard_top10,TH58,0.10646950092421442,2313.0,680.0,288.0,2705.0
0,across_radii,RF,RF_5km,RF_10km,ok,ssim_raw_7,TH50,0.7108739614486694,,,,
0,across_radii,RF,RF_5km,RF_10km,ok,ssim_raw_7,TH51,0.8332263827323914,,,,
0,across_radii,RF,RF_5km,RF_10km,ok,ssim_raw_7,TH52,0.749790608882904,,,,
0,across_radii,RF,RF_5km,RF_10km,ok,ssim_raw_7,TH53,0.8246046900749207,,,,
0,across_radii,RF,RF_5km,RF_10km,ok,ssim_raw_7,TH54,0.7918862104415894,,,,
0,across_radii,RF,RF_5km,RF_10km,ok,ssim_raw_7,TH55,0.7450526356697083,,,,
0,across_radii,RF,RF_5km,RF_10km,ok,ssim_raw_7,TH56,0.8116910457611084,,,,
0,across_radii,RF,RF_5km,RF_10km,ok,ssim_raw_7,TH57,0.8306658864021301,,,,
0,across_radii,RF,RF_5km,RF_10km,ok,ssim_raw_7,TH58,0.5760504007339478,,,,
0,across_radii,RF,RF_5km,RF_10km,ok,ssim_rank_7,TH50,0.7677005529403687,,,,
0,across_radii,RF,RF_5km,RF_10km,ok,ssim_rank_7,TH51,0.7932628989219666,,,,
0,across_radii,RF,RF_5km,RF_10km,ok,ssim_rank_7,TH52,0.7519527077674866,,,,
0,across_radii,RF,RF_5km,RF_10km,ok,ssim_rank_7,TH53,0.7434265613555908,,,,
0,across_radii,RF,RF_5km,RF_10km,ok,ssim_rank_7,TH54,0.7337623238563538,,,,
0,across_radii,RF,RF_5km,RF_10km,ok,ssim_rank_7,TH55,0.7240513563156128,,,,
0,across_radii,RF,RF_5km,RF_10km,ok,ssim_rank_7,TH56,0.7258778810501099,,,,
0,across_radii,RF,RF_5km,RF_10km,ok,ssim_rank_7,TH57,0.7584124803543091,,,,
0,across_radii,RF,RF_5km,RF_10km,ok,ssim_rank_7,TH58,0.6689541935920715,,,,
0,across_radii,RF,RF_5km,RF_10km,ok,ssim_raw_21,TH50,0.7538023591041565,,,,
0,across_radii,RF,RF_5km,RF_10km,ok,ssim_raw_21,TH51,0.8948866724967957,,,,
0,across_radii,RF,RF_5km,RF_10km,ok,ssim_raw_21,TH52,0.7924211025238037,,,,
0,across_radii,RF,RF_5km,RF_10km,ok,ssim_raw_21,TH53,0.8705556988716125,,,,
0,across_radii,RF,RF_5km,RF_10km,ok,ssim_raw_21,TH54,0.8284695148468018,,,,
0,across_radii,RF,RF_5km,RF_10km,ok,ssim_raw_21,TH55,0.7842258214950562,,,,
0,across_radii,RF,RF_5km,RF_10km,ok,ssim_raw_21,TH56,0.8333405256271362,,,,
0,across_radii,RF,RF_5km,RF_10km,ok,ssim_raw_21,TH57,0.8427119255065918,,,,
0,across_radii,RF,RF_5km,RF_10km,ok,ssim_raw_21,TH58,0.6257542371749878,,,,
0,across_radii,RF,RF_5km,RF_10km,ok,ssim_rank_21,TH50,0.8268226981163025,,,,
0,across_radii,RF,RF_5km,RF_10km,ok,ssim_rank_21,TH51,0.8649392127990723,,,,
0,across_radii,RF,RF_5km,RF_10km,ok,ssim_rank_21,TH52,0.8323003649711609,,,,
0,across_radii,RF,RF_5km,RF_10km,ok,ssim_rank_21,TH53,0.8579529523849487,,,,
0,across_radii,RF,RF_5km,RF_10km,ok,ssim_rank_21,TH54,0.8240121006965637,,,,
0,across_radii,RF,RF_5km,RF_10km,ok,ssim_rank_21,TH55,0.8248286247253418,,,,
0,across_radii,RF,RF_5km,RF_10km,ok,ssim_rank_21,TH56,0.8334436416625977,,,,
0,across_radii,RF,RF_5km,RF_10km,ok,ssim_rank_21,TH57,0.827116847038269,,,,
0,across_radii,RF,RF_5km,RF_10km,ok,ssim_rank_21,TH58,0.7415006756782532,,,,
0,across_radii,RF,RF_5km,RF_10km,ok,jaccard_top10,TH50,0.803680981595092,8619.0,8433.0,7598.0,9454.0
0,across_radii,RF,RF_5km,RF_10km,ok,jaccard_top10,TH51,0.8172345818079414,3144.0,3309.0,2902.0,3551.0
0,across_radii,RF,RF_5km,RF_10km,ok,jaccard_top10,TH52,0.8092469545957918,6637.0,6433.0,5846.0,7224.0
0,across_radii,RF,RF_5km,RF_10km,ok,jaccard_top10,TH53,0.7114920328343796,3530.0,3559.0,2947.0,4142.0
0,across_radii,RF,RF_5km,RF_10km,ok,jaccard_top10,TH54,0.7388627308946034,2411.0,2390.0,2040.0,2761.0
0,across_radii,RF,RF_5km,RF_10km,ok,jaccard_top10,TH55,0.7553773240977032,2440.0,2375.0,2072.0,2743.0
0,across_radii,RF,RF_5km,RF_10km,ok,jaccard_top10,TH56,0.7127035830618893,2564.0,2694.0,2188.0,3070.0
0,across_radii,RF,RF_5km,RF_10km,ok,jaccard_top10,TH57,0.7725008302889406,7678.0,8333.0,6978.0,9033.0
0,across_radii,RF,RF_5km,RF_10km,ok,jaccard_top10,TH58,0.5550918196994992,1183.0,680.0,665.0,1198.0
0,across_radii,RF,RF_20km,RF_10km,ok,ssim_raw_7,TH50,0.8887952566146851,,,,
0,across_radii,RF,RF_20km,RF_10km,ok,ssim_raw_7,TH51,0.9286910891532898,,,,
0,across_radii,RF,RF_20km,RF_10km,ok,ssim_raw_7,TH52,0.9009443521499634,,,,
0,across_radii,RF,RF_20km,RF_10km,ok,ssim_raw_7,TH53,0.9253815412521362,,,,
0,across_radii,RF,RF_20km,RF_10km,ok,ssim_raw_7,TH54,0.9176186323165894,,,,
0,across_radii,RF,RF_20km,RF_10km,ok,ssim_raw_7,TH55,0.8859419822692871,,,,
0,across_radii,RF,RF_20km,RF_10km,ok,ssim_raw_7,TH56,0.9041943550109863,,,,
0,across_radii,RF,RF_20km,RF_10km,ok,ssim_raw_7,TH57,0.9172112941741943,,,,
0,across_radii,RF,RF_20km,RF_10km,ok,ssim_raw_7,TH58,0.8087162971496582,,,,
0,across_radii,RF,RF_20km,RF_10km,ok,ssim_rank_7,TH50,0.8464457988739014,,,,
0,across_radii,RF,RF_20km,RF_10km,ok,ssim_rank_7,TH51,0.8815332055091858,,,,
0,across_radii,RF,RF_20km,RF_10km,ok,ssim_rank_7,TH52,0.8139188885688782,,,,
0,across_radii,RF,RF_20km,RF_10km,ok,ssim_rank_7,TH53,0.8268727660179138,,,,
0,across_radii,RF,RF_20km,RF_10km,ok,ssim_rank_7,TH54,0.8206747770309448,,,,
0,across_radii,RF,RF_20km,RF_10km,ok,ssim_rank_7,TH55,0.7687965631484985,,,,
0,across_radii,RF,RF_20km,RF_10km,ok,ssim_rank_7,TH56,0.8359190821647644,,,,
0,across_radii,RF,RF_20km,RF_10km,ok,ssim_rank_7,TH57,0.8677751421928406,,,,
0,across_radii,RF,RF_20km,RF_10km,ok,ssim_rank_7,TH58,0.7323917746543884,,,,
0,across_radii,RF,RF_20km,RF_10km,ok,ssim_raw_21,TH50,0.907875120639801,,,,
0,across_radii,RF,RF_20km,RF_10km,ok,ssim_raw_21,TH51,0.9441859722137451,,,,
0,across_radii,RF,RF_20km,RF_10km,ok,ssim_raw_21,TH52,0.9130778908729553,,,,
0,across_radii,RF,RF_20km,RF_10km,ok,ssim_raw_21,TH53,0.9433509707450867,,,,
0,across_radii,RF,RF_20km,RF_10km,ok,ssim_raw_21,TH54,0.9273586273193359,,,,
0,across_radii,RF,RF_20km,RF_10km,ok,ssim_raw_21,TH55,0.9037269949913025,,,,
0,across_radii,RF,RF_20km,RF_10km,ok,ssim_raw_21,TH56,0.9043616056442261,,,,
0,across_radii,RF,RF_20km,RF_10km,ok,ssim_raw_21,TH57,0.9274184703826904,,,,
0,across_radii,RF,RF_20km,RF_10km,ok,ssim_raw_21,TH58,0.8341847658157349,,,,
0,across_radii,RF,RF_20km,RF_10km,ok,ssim_rank_21,TH50,0.888134777545929,,,,
0,across_radii,RF,RF_20km,RF_10km,ok,ssim_rank_21,TH51,0.9369300007820129,,,,
0,across_radii,RF,RF_20km,RF_10km,ok,ssim_rank_21,TH52,0.8755494952201843,,,,
0,across_radii,RF,RF_20km,RF_10km,ok,ssim_rank_21,TH53,0.9117003083229065,,,,
0,across_radii,RF,RF_20km,RF_10km,ok,ssim_rank_21,TH54,0.8821160793304443,,,,
0,across_radii,RF,RF_20km,RF_10km,ok,ssim_rank_21,TH55,0.8386099338531494,,,,
0,across_radii,RF,RF_20km,RF_10km,ok,ssim_rank_21,TH56,0.8853256702423096,,,,
0,across_radii,RF,RF_20km,RF_10km,ok,ssim_rank_21,TH57,0.899414598941803,,,,
0,across_radii,RF,RF_20km,RF_10km,ok,ssim_rank_21,TH58,0.7944616079330444,,,,
0,across_radii,RF,RF_20km,RF_10km,ok,jaccard_top10,TH50,0.864700011090163,8381.0,8433.0,7797.0,9017.0
0,across_radii,RF,RF_20km,RF_10km,ok,jaccard_top10,TH51,0.8784160624651423,3427.0,3309.0,3150.0,3586.0
0,across_radii,RF,RF_20km,RF_10km,ok,jaccard_top10,TH52,0.8796142835618502,6042.0,6433.0,5838.0,6637.0
0,across_radii,RF,RF_20km,RF_10km,ok,jaccard_top10,TH53,0.8372523117569353,3395.0,3559.0,3169.0,3785.0
0,across_radii,RF,RF_20km,RF_10km,ok,jaccard_top10,TH54,0.8402555910543131,2218.0,2390.0,2104.0,2504.0
0,across_radii,RF,RF_20km,RF_10km,ok,jaccard_top10,TH55,0.8682140047206923,2374.0,2375.0,2207.0,2542.0
0,across_radii,RF,RF_20km,RF_10km,ok,jaccard_top10,TH56,0.79168,2905.0,2694.0,2474.0,3125.0
0,across_radii,RF,RF_20km,RF_10km,ok,jaccard_top10,TH57,0.8338468076065016,8929.0,8333.0,7849.0,9413.0
0,across_radii,RF,RF_20km,RF_10km,ok,jaccard_top10,TH58,0.7557803468208093,535.0,680.0,523.0,692.0
0,across_radii,RF,RF_25km,RF_10km,ok,ssim_raw_7,TH50,0.8626067638397217,,,,
0,across_radii,RF,RF_25km,RF_10km,ok,ssim_raw_7,TH51,0.9185082316398621,,,,
0,across_radii,RF,RF_25km,RF_10km,ok,ssim_raw_7,TH52,0.8880012631416321,,,,
0,across_radii,RF,RF_25km,RF_10km,ok,ssim_raw_7,TH53,0.9105100035667419,,,,
0,across_radii,RF,RF_25km,RF_10km,ok,ssim_raw_7,TH54,0.8994711637496948,,,,
0,across_radii,RF,RF_25km,RF_10km,ok,ssim_raw_7,TH55,0.8675253391265869,,,,
0,across_radii,RF,RF_25km,RF_10km,ok,ssim_raw_7,TH56,0.8867353200912476,,,,
0,across_radii,RF,RF_25km,RF_10km,ok,ssim_raw_7,TH57,0.8977957367897034,,,,
0,across_radii,RF,RF_25km,RF_10km,ok,ssim_raw_7,TH58,0.7569039463996887,,,,
0,across_radii,RF,RF_25km,RF_10km,ok,ssim_rank_7,TH50,0.813774049282074,,,,
0,across_radii,RF,RF_25km,RF_10km,ok,ssim_rank_7,TH51,0.8731362819671631,,,,
0,across_radii,RF,RF_25km,RF_10km,ok,ssim_rank_7,TH52,0.8032816052436829,,,,
0,across_radii,RF,RF_25km,RF_10km,ok,ssim_rank_7,TH53,0.8224172592163086,,,,
0,across_radii,RF,RF_25km,RF_10km,ok,ssim_rank_7,TH54,0.7887105941772461,,,,
0,across_radii,RF,RF_25km,RF_10km,ok,ssim_rank_7,TH55,0.7572582960128784,,,,
0,across_radii,RF,RF_25km,RF_10km,ok,ssim_rank_7,TH56,0.8100200295448303,,,,
0,across_radii,RF,RF_25km,RF_10km,ok,ssim_rank_7,TH57,0.8481241464614868,,,,
0,across_radii,RF,RF_25km,RF_10km,ok,ssim_rank_7,TH58,0.6742034554481506,,,,
0,across_radii,RF,RF_25km,RF_10km,ok,ssim_raw_21,TH50,0.883033275604248,,,,
0,across_radii,RF,RF_25km,RF_10km,ok,ssim_raw_21,TH51,0.9327179789543152,,,,
0,across_radii,RF,RF_25km,RF_10km,ok,ssim_raw_21,TH52,0.8996062278747559,,,,
0,across_radii,RF,RF_25km,RF_10km,ok,ssim_raw_21,TH53,0.924746572971344,,,,
0,across_radii,RF,RF_25km,RF_10km,ok,ssim_raw_21,TH54,0.9130397439002991,,,,
0,across_radii,RF,RF_25km,RF_10km,ok,ssim_raw_21,TH55,0.8863368630409241,,,,
0,across_radii,RF,RF_25km,RF_10km,ok,ssim_raw_21,TH56,0.8867611885070801,,,,
0,across_radii,RF,RF_25km,RF_10km,ok,ssim_raw_21,TH57,0.9122000932693481,,,,
0,across_radii,RF,RF_25km,RF_10km,ok,ssim_raw_21,TH58,0.7880738377571106,,,,
0,across_radii,RF,RF_25km,RF_10km,ok,ssim_rank_21,TH50,0.8616755604743958,,,,
0,across_radii,RF,RF_25km,RF_10km,ok,ssim_rank_21,TH51,0.9310821294784546,,,,
0,across_radii,RF,RF_25km,RF_10km,ok,ssim_rank_21,TH52,0.8668615818023682,,,,
0,across_radii,RF,RF_25km,RF_10km,ok,ssim_rank_21,TH53,0.9107469320297241,,,,
0,across_radii,RF,RF_25km,RF_10km,ok,ssim_rank_21,TH54,0.855217456817627,,,,
0,across_radii,RF,RF_25km,RF_10km,ok,ssim_rank_21,TH55,0.8327435255050659,,,,
0,across_radii,RF,RF_25km,RF_10km,ok,ssim_rank_21,TH56,0.8659055829048157,,,,
0,across_radii,RF,RF_25km,RF_10km,ok,ssim_rank_21,TH57,0.879431962966919,,,,
0,across_radii,RF,RF_25km,RF_10km,ok,ssim_rank_21,TH58,0.7447247505187988,,,,
0,across_radii,RF,RF_25km,RF_10km,ok,jaccard_top10,TH50,0.8661751563896336,8273.0,8433.0,7754.0,8952.0
0,across_radii,RF,RF_25km,RF_10km,ok,jaccard_top10,TH51,0.8751399776035834,3389.0,3309.0,3126.0,3572.0
0,across_radii,RF,RF_25km,RF_10km,ok,jaccard_top10,TH52,0.8712871287128713,6041.0,6433.0,5808.0,6666.0
0,across_radii,RF,RF_25km,RF_10km,ok,jaccard_top10,TH53,0.8160484481453444,3638.0,3559.0,3234.0,3963.0
0,across_radii,RF,RF_25km,RF_10km,ok,jaccard_top10,TH54,0.8303176517893044,2162.0,2390.0,2065.0,2487.0
0,across_radii,RF,RF_25km,RF_10km,ok,jaccard_top10,TH55,0.8629864972200159,2316.0,2375.0,2173.0,2518.0
0,across_radii,RF,RF_25km,RF_10km,ok,jaccard_top10,TH56,0.7591149890931754,2951.0,2694.0,2436.0,3209.0
0,across_radii,RF,RF_25km,RF_10km,ok,jaccard_top10,TH57,0.8163930976430976,8930.0,8333.0,7759.0,9504.0
0,across_radii,RF,RF_25km,RF_10km,ok,jaccard_top10,TH58,0.7313868613138687,506.0,680.0,501.0,685.0
0,across_radii,RF,RF_Rinf,RF_10km,ok,ssim_raw_7,TH50,0.8412759900093079,,,,
0,across_radii,RF,RF_Rinf,RF_10km,ok,ssim_raw_7,TH51,0.9023857116699219,,,,
0,across_radii,RF,RF_Rinf,RF_10km,ok,ssim_raw_7,TH52,0.8729854226112366,,,,
0,across_radii,RF,RF_Rinf,RF_10km,ok,ssim_raw_7,TH53,0.8952834606170654,,,,
0,across_radii,RF,RF_Rinf,RF_10km,ok,ssim_raw_7,TH54,0.8880373239517212,,,,
0,across_radii,RF,RF_Rinf,RF_10km,ok,ssim_raw_7,TH55,0.8615471124649048,,,,
0,across_radii,RF,RF_Rinf,RF_10km,ok,ssim_raw_7,TH56,0.8665491938591003,,,,
0,across_radii,RF,RF_Rinf,RF_10km,ok,ssim_raw_7,TH57,0.8717689514160156,,,,
0,across_radii,RF,RF_Rinf,RF_10km,ok,ssim_raw_7,TH58,0.745404839515686,,,,
0,across_radii,RF,RF_Rinf,RF_10km,ok,ssim_rank_7,TH50,0.7921443581581116,,,,
0,across_radii,RF,RF_Rinf,RF_10km,ok,ssim_rank_7,TH51,0.8593732714653015,,,,
0,across_radii,RF,RF_Rinf,RF_10km,ok,ssim_rank_7,TH52,0.8002640604972839,,,,
0,across_radii,RF,RF_Rinf,RF_10km,ok,ssim_rank_7,TH53,0.798765242099762,,,,
0,across_radii,RF,RF_Rinf,RF_10km,ok,ssim_rank_7,TH54,0.778078556060791,,,,
0,across_radii,RF,RF_Rinf,RF_10km,ok,ssim_rank_7,TH55,0.7355273962020874,,,,
0,across_radii,RF,RF_Rinf,RF_10km,ok,ssim_rank_7,TH56,0.7943892478942871,,,,
0,across_radii,RF,RF_Rinf,RF_10km,ok,ssim_rank_7,TH57,0.8298707604408264,,,,
0,across_radii,RF,RF_Rinf,RF_10km,ok,ssim_rank_7,TH58,0.6545026898384094,,,,
0,across_radii,RF,RF_Rinf,RF_10km,ok,ssim_raw_21,TH50,0.8614976406097412,,,,
0,across_radii,RF,RF_Rinf,RF_10km,ok,ssim_raw_21,TH51,0.917583167552948,,,,
0,across_radii,RF,RF_Rinf,RF_10km,ok,ssim_raw_21,TH52,0.8845614790916443,,,,
0,across_radii,RF,RF_Rinf,RF_10km,ok,ssim_raw_21,TH53,0.9087912440299988,,,,
0,across_radii,RF,RF_Rinf,RF_10km,ok,ssim_raw_21,TH54,0.8981807827949524,,,,
0,across_radii,RF,RF_Rinf,RF_10km,ok,ssim_raw_21,TH55,0.8808699250221252,,,,
0,across_radii,RF,RF_Rinf,RF_10km,ok,ssim_raw_21,TH56,0.8677586317062378,,,,
0,across_radii,RF,RF_Rinf,RF_10km,ok,ssim_raw_21,TH57,0.889448881149292,,,,
0,across_radii,RF,RF_Rinf,RF_10km,ok,ssim_raw_21,TH58,0.7746794819831848,,,,
0,across_radii,RF,RF_Rinf,RF_10km,ok,ssim_rank_21,TH50,0.8460003733634949,,,,
0,across_radii,RF,RF_Rinf,RF_10km,ok,ssim_rank_21,TH51,0.922886073589325,,,,
0,across_radii,RF,RF_Rinf,RF_10km,ok,ssim_rank_21,TH52,0.8646471500396729,,,,
0,across_radii,RF,RF_Rinf,RF_10km,ok,ssim_rank_21,TH53,0.8939601182937622,,,,
0,across_radii,RF,RF_Rinf,RF_10km,ok,ssim_rank_21,TH54,0.8449352383613586,,,,
0,across_radii,RF,RF_Rinf,RF_10km,ok,ssim_rank_21,TH55,0.8142312169075012,,,,
0,across_radii,RF,RF_Rinf,RF_10km,ok,ssim_rank_21,TH56,0.860745906829834,,,,
0,across_radii,RF,RF_Rinf,RF_10km,ok,ssim_rank_21,TH57,0.8651473522186279,,,,
0,across_radii,RF,RF_Rinf,RF_10km,ok,ssim_rank_21,TH58,0.7287427186965942,,,,
0,across_radii,RF,RF_Rinf,RF_10km,ok,jaccard_top10,TH50,0.8455176976513398,8304.0,8433.0,7668.0,9069.0
0,across_radii,RF,RF_Rinf,RF_10km,ok,jaccard_top10,TH51,0.8681932421111421,3381.0,3309.0,3109.0,3581.0
0,across_radii,RF,RF_Rinf,RF_10km,ok,jaccard_top10,TH52,0.8659473839787171,6192.0,6433.0,5859.0,6766.0
0,across_radii,RF,RF_Rinf,RF_10km,ok,jaccard_top10,TH53,0.7953406813627254,3608.0,3559.0,3175.0,3992.0
0,across_radii,RF,RF_Rinf,RF_10km,ok,jaccard_top10,TH54,0.8141627543035994,2247.0,2390.0,2081.0,2556.0
0,across_radii,RF,RF_Rinf,RF_10km,ok,jaccard_top10,TH55,0.8605210420841684,2267.0,2375.0,2147.0,2495.0
0,across_radii,RF,RF_Rinf,RF_10km,ok,jaccard_top10,TH56,0.7472732938610159,2913.0,2694.0,2398.0,3209.0
0,across_radii,RF,RF_Rinf,RF_10km,ok,jaccard_top10,TH57,0.802565180824222,8813.0,8333.0,7634.0,9512.0
0,across_radii,RF,RF_Rinf,RF_10km,ok,jaccard_top10,TH58,0.6899563318777293,481.0,680.0,474.0,687.0
0,across_radii,XGB,XGB_1km,XGB_10km,ok,ssim_raw_7,TH50,0.1527637541294098,,,,
0,across_radii,XGB,XGB_1km,XGB_10km,ok,ssim_raw_7,TH51,0.24659982323646545,,,,
0,across_radii,XGB,XGB_1km,XGB_10km,ok,ssim_raw_7,TH52,0.1923079639673233,,,,
0,across_radii,XGB,XGB_1km,XGB_10km,ok,ssim_raw_7,TH53,0.242995485663414,,,,
0,across_radii,XGB,XGB_1km,XGB_10km,ok,ssim_raw_7,TH54,0.2021874040365219,,,,
0,across_radii,XGB,XGB_1km,XGB_10km,ok,ssim_raw_7,TH55,0.13136377930641174,,,,
0,across_radii,XGB,XGB_1km,XGB_10km,ok,ssim_raw_7,TH56,0.19380897283554077,,,,
0,across_radii,XGB,XGB_1km,XGB_10km,ok,ssim_raw_7,TH57,0.2355685532093048,,,,
0,across_radii,XGB,XGB_1km,XGB_10km,ok,ssim_raw_7,TH58,0.06062891706824303,,,,
0,across_radii,XGB,XGB_1km,XGB_10km,ok,ssim_rank_7,TH50,0.3410041928291321,,,,
0,across_radii,XGB,XGB_1km,XGB_10km,ok,ssim_rank_7,TH51,0.4288995563983917,,,,
0,across_radii,XGB,XGB_1km,XGB_10km,ok,ssim_rank_7,TH52,0.410320520401001,,,,
0,across_radii,XGB,XGB_1km,XGB_10km,ok,ssim_rank_7,TH53,0.4197567403316498,,,,
0,across_radii,XGB,XGB_1km,XGB_10km,ok,ssim_rank_7,TH54,0.3919411599636078,,,,
0,across_radii,XGB,XGB_1km,XGB_10km,ok,ssim_rank_7,TH55,0.35528993606567383,,,,
0,across_radii,XGB,XGB_1km,XGB_10km,ok,ssim_rank_7,TH56,0.2863010764122009,,,,
0,across_radii,XGB,XGB_1km,XGB_10km,ok,ssim_rank_7,TH57,0.21639490127563477,,,,
0,across_radii,XGB,XGB_1km,XGB_10km,ok,ssim_rank_7,TH58,0.23413513600826263,,,,
0,across_radii,XGB,XGB_1km,XGB_10km,ok,ssim_raw_21,TH50,0.1707456111907959,,,,
0,across_radii,XGB,XGB_1km,XGB_10km,ok,ssim_raw_21,TH51,0.29619619250297546,,,,
0,across_radii,XGB,XGB_1km,XGB_10km,ok,ssim_raw_21,TH52,0.23061484098434448,,,,
0,across_radii,XGB,XGB_1km,XGB_10km,ok,ssim_raw_21,TH53,0.3183629810810089,,,,
0,across_radii,XGB,XGB_1km,XGB_10km,ok,ssim_raw_21,TH54,0.2478853166103363,,,,
0,across_radii,XGB,XGB_1km,XGB_10km,ok,ssim_raw_21,TH55,0.15152864158153534,,,,
0,across_radii,XGB,XGB_1km,XGB_10km,ok,ssim_raw_21,TH56,0.1906205117702484,,,,
0,across_radii,XGB,XGB_1km,XGB_10km,ok,ssim_raw_21,TH57,0.24015411734580994,,,,
0,across_radii,XGB,XGB_1km,XGB_10km,ok,ssim_raw_21,TH58,0.07139328122138977,,,,
0,across_radii,XGB,XGB_1km,XGB_10km,ok,ssim_rank_21,TH50,0.3168507218360901,,,,
0,across_radii,XGB,XGB_1km,XGB_10km,ok,ssim_rank_21,TH51,0.4268767237663269,,,,
0,across_radii,XGB,XGB_1km,XGB_10km,ok,ssim_rank_21,TH52,0.46397295594215393,,,,
0,across_radii,XGB,XGB_1km,XGB_10km,ok,ssim_rank_21,TH53,0.43273836374282837,,,,
0,across_radii,XGB,XGB_1km,XGB_10km,ok,ssim_rank_21,TH54,0.4149680435657501,,,,
0,across_radii,XGB,XGB_1km,XGB_10km,ok,ssim_rank_21,TH55,0.3029179573059082,,,,
0,across_radii,XGB,XGB_1km,XGB_10km,ok,ssim_rank_21,TH56,0.2642970681190491,,,,
0,across_radii,XGB,XGB_1km,XGB_10km,ok,ssim_rank_21,TH57,0.10167525708675385,,,,
0,across_radii,XGB,XGB_1km,XGB_10km,ok,ssim_rank_21,TH58,0.12162786722183228,,,,
0,across_radii,XGB,XGB_1km,XGB_10km,ok,jaccard_top10,TH50,0.19720433054680006,8646.0,8826.0,2878.0,14594.0
0,across_radii,XGB,XGB_1km,XGB_10km,ok,jaccard_top10,TH51,0.2206703910614525,2499.0,3182.0,1027.0,4654.0
0,across_radii,XGB,XGB_1km,XGB_10km,ok,jaccard_top10,TH52,0.2420812414422638,7513.0,6094.0,2652.0,10955.0
0,across_radii,XGB,XGB_1km,XGB_10km,ok,jaccard_top10,TH53,0.20178299630354424,2362.0,3165.0,928.0,4599.0
0,across_radii,XGB,XGB_1km,XGB_10km,ok,jaccard_top10,TH54,0.19785458879618595,1193.0,1822.0,498.0,2517.0
0,across_radii,XGB,XGB_1km,XGB_10km,ok,jaccard_top10,TH55,0.14253624668164183,3097.0,2498.0,698.0,4897.0
0,across_radii,XGB,XGB_1km,XGB_10km,ok,jaccard_top10,TH56,0.13983976693372177,2415.0,2280.0,576.0,4119.0
0,across_radii,XGB,XGB_1km,XGB_10km,ok,jaccard_top10,TH57,0.18573705731512927,7493.0,9616.0,2680.0,14429.0
0,across_radii,XGB,XGB_1km,XGB_10km,ok,jaccard_top10,TH58,0.0911496618641576,2988.0,723.0,310.0,3401.0
0,across_radii,XGB,XGB_5km,XGB_10km,ok,ssim_raw_7,TH50,0.6685717701911926,,,,
0,across_radii,XGB,XGB_5km,XGB_10km,ok,ssim_raw_7,TH51,0.8197056651115417,,,,
0,across_radii,XGB,XGB_5km,XGB_10km,ok,ssim_raw_7,TH52,0.776476263999939,,,,
0,across_radii,XGB,XGB_5km,XGB_10km,ok,ssim_raw_7,TH53,0.7927778363227844,,,,
0,across_radii,XGB,XGB_5km,XGB_10km,ok,ssim_raw_7,TH54,0.8428931832313538,,,,
0,across_radii,XGB,XGB_5km,XGB_10km,ok,ssim_raw_7,TH55,0.8201040625572205,,,,
0,across_radii,XGB,XGB_5km,XGB_10km,ok,ssim_raw_7,TH56,0.8459733724594116,,,,
0,across_radii,XGB,XGB_5km,XGB_10km,ok,ssim_raw_7,TH57,0.7716960906982422,,,,
0,across_radii,XGB,XGB_5km,XGB_10km,ok,ssim_raw_7,TH58,0.5249674916267395,,,,
0,across_radii,XGB,XGB_5km,XGB_10km,ok,ssim_rank_7,TH50,0.7200726866722107,,,,
0,across_radii,XGB,XGB_5km,XGB_10km,ok,ssim_rank_7,TH51,0.7956921458244324,,,,
0,across_radii,XGB,XGB_5km,XGB_10km,ok,ssim_rank_7,TH52,0.7522773146629333,,,,
0,across_radii,XGB,XGB_5km,XGB_10km,ok,ssim_rank_7,TH53,0.7807279229164124,,,,
0,across_radii,XGB,XGB_5km,XGB_10km,ok,ssim_rank_7,TH54,0.7561955451965332,,,,
0,across_radii,XGB,XGB_5km,XGB_10km,ok,ssim_rank_7,TH55,0.7077987790107727,,,,
0,across_radii,XGB,XGB_5km,XGB_10km,ok,ssim_rank_7,TH56,0.7783202528953552,,,,
0,across_radii,XGB,XGB_5km,XGB_10km,ok,ssim_rank_7,TH57,0.7929070591926575,,,,
0,across_radii,XGB,XGB_5km,XGB_10km,ok,ssim_rank_7,TH58,0.6850840449333191,,,,
0,across_radii,XGB,XGB_5km,XGB_10km,ok,ssim_raw_21,TH50,0.668479859828949,,,,
0,across_radii,XGB,XGB_5km,XGB_10km,ok,ssim_raw_21,TH51,0.8516737222671509,,,,
0,across_radii,XGB,XGB_5km,XGB_10km,ok,ssim_raw_21,TH52,0.7969281673431396,,,,
0,across_radii,XGB,XGB_5km,XGB_10km,ok,ssim_raw_21,TH53,0.8266412615776062,,,,
0,across_radii,XGB,XGB_5km,XGB_10km,ok,ssim_raw_21,TH54,0.8378893136978149,,,,
0,across_radii,XGB,XGB_5km,XGB_10km,ok,ssim_raw_21,TH55,0.8353852033615112,,,,
0,across_radii,XGB,XGB_5km,XGB_10km,ok,ssim_raw_21,TH56,0.8516515493392944,,,,
0,across_radii,XGB,XGB_5km,XGB_10km,ok,ssim_raw_21,TH57,0.7776848077774048,,,,
0,across_radii,XGB,XGB_5km,XGB_10km,ok,ssim_raw_21,TH58,0.540591835975647,,,,
0,across_radii,XGB,XGB_5km,XGB_10km,ok,ssim_rank_21,TH50,0.7340607643127441,,,,
0,across_radii,XGB,XGB_5km,XGB_10km,ok,ssim_rank_21,TH51,0.8427422046661377,,,,
0,across_radii,XGB,XGB_5km,XGB_10km,ok,ssim_rank_21,TH52,0.80511474609375,,,,
0,across_radii,XGB,XGB_5km,XGB_10km,ok,ssim_rank_21,TH53,0.839535653591156,,,,
0,across_radii,XGB,XGB_5km,XGB_10km,ok,ssim_rank_21,TH54,0.8201149106025696,,,,
0,across_radii,XGB,XGB_5km,XGB_10km,ok,ssim_rank_21,TH55,0.7668537497520447,,,,
0,across_radii,XGB,XGB_5km,XGB_10km,ok,ssim_rank_21,TH56,0.8539769649505615,,,,
0,across_radii,XGB,XGB_5km,XGB_10km,ok,ssim_rank_21,TH57,0.8429205417633057,,,,
0,across_radii,XGB,XGB_5km,XGB_10km,ok,ssim_rank_21,TH58,0.6863067746162415,,,,
0,across_radii,XGB,XGB_5km,XGB_10km,ok,jaccard_top10,TH50,0.7446387983002273,8828.0,8826.0,7535.0,10119.0
0,across_radii,XGB,XGB_5km,XGB_10km,ok,jaccard_top10,TH51,0.8106575963718821,3206.0,3182.0,2860.0,3528.0
0,across_radii,XGB,XGB_5km,XGB_10km,ok,jaccard_top10,TH52,0.7474691443627791,6507.0,6094.0,5390.0,7211.0
0,across_radii,XGB,XGB_5km,XGB_10km,ok,jaccard_top10,TH53,0.6375721093554051,3364.0,3165.0,2542.0,3987.0
0,across_radii,XGB,XGB_5km,XGB_10km,ok,jaccard_top10,TH54,0.6581818181818182,1826.0,1822.0,1448.0,2200.0
0,across_radii,XGB,XGB_5km,XGB_10km,ok,jaccard_top10,TH55,0.6926188068756319,2524.0,2498.0,2055.0,2967.0
0,across_radii,XGB,XGB_5km,XGB_10km,ok,jaccard_top10,TH56,0.624680540343191,2170.0,2280.0,1711.0,2739.0
0,across_radii,XGB,XGB_5km,XGB_10km,ok,jaccard_top10,TH57,0.7156398104265402,8846.0,9616.0,7701.0,10761.0
0,across_radii,XGB,XGB_5km,XGB_10km,ok,jaccard_top10,TH58,0.5127737226277372,935.0,723.0,562.0,1096.0
0,across_radii,XGB,XGB_20km,XGB_10km,ok,ssim_raw_7,TH50,0.878369152545929,,,,
0,across_radii,XGB,XGB_20km,XGB_10km,ok,ssim_raw_7,TH51,0.8065974116325378,,,,
0,across_radii,XGB,XGB_20km,XGB_10km,ok,ssim_raw_7,TH52,0.8731435537338257,,,,
0,across_radii,XGB,XGB_20km,XGB_10km,ok,ssim_raw_7,TH53,0.827997624874115,,,,
0,across_radii,XGB,XGB_20km,XGB_10km,ok,ssim_raw_7,TH54,0.8823586106300354,,,,
0,across_radii,XGB,XGB_20km,XGB_10km,ok,ssim_raw_7,TH55,0.9107741713523865,,,,
0,across_radii,XGB,XGB_20km,XGB_10km,ok,ssim_raw_7,TH56,0.8354625105857849,,,,
0,across_radii,XGB,XGB_20km,XGB_10km,ok,ssim_raw_7,TH57,0.8240044116973877,,,,
0,across_radii,XGB,XGB_20km,XGB_10km,ok,ssim_raw_7,TH58,0.9374071955680847,,,,
0,across_radii,XGB,XGB_20km,XGB_10km,ok,ssim_rank_7,TH50,0.8238605260848999,,,,
0,across_radii,XGB,XGB_20km,XGB_10km,ok,ssim_rank_7,TH51,0.8679587841033936,,,,
0,across_radii,XGB,XGB_20km,XGB_10km,ok,ssim_rank_7,TH52,0.8559291362762451,,,,
0,across_radii,XGB,XGB_20km,XGB_10km,ok,ssim_rank_7,TH53,0.8609920740127563,,,,
0,across_radii,XGB,XGB_20km,XGB_10km,ok,ssim_rank_7,TH54,0.8349136710166931,,,,
0,across_radii,XGB,XGB_20km,XGB_10km,ok,ssim_rank_7,TH55,0.8445540070533752,,,,
0,across_radii,XGB,XGB_20km,XGB_10km,ok,ssim_rank_7,TH56,0.8678812980651855,,,,
0,across_radii,XGB,XGB_20km,XGB_10km,ok,ssim_rank_7,TH57,0.8784395456314087,,,,
0,across_radii,XGB,XGB_20km,XGB_10km,ok,ssim_rank_7,TH58,0.8033851385116577,,,,
0,across_radii,XGB,XGB_20km,XGB_10km,ok,ssim_raw_21,TH50,0.8610653877258301,,,,
0,across_radii,XGB,XGB_20km,XGB_10km,ok,ssim_raw_21,TH51,0.7804204225540161,,,,
0,across_radii,XGB,XGB_20km,XGB_10km,ok,ssim_raw_21,TH52,0.8575899004936218,,,,
0,across_radii,XGB,XGB_20km,XGB_10km,ok,ssim_raw_21,TH53,0.8026564121246338,,,,
0,across_radii,XGB,XGB_20km,XGB_10km,ok,ssim_raw_21,TH54,0.8454530239105225,,,,
0,across_radii,XGB,XGB_20km,XGB_10km,ok,ssim_raw_21,TH55,0.8777790069580078,,,,
0,across_radii,XGB,XGB_20km,XGB_10km,ok,ssim_raw_21,TH56,0.8025182485580444,,,,
0,across_radii,XGB,XGB_20km,XGB_10km,ok,ssim_raw_21,TH57,0.8233437538146973,,,,
0,across_radii,XGB,XGB_20km,XGB_10km,ok,ssim_raw_21,TH58,0.9066065549850464,,,,
0,across_radii,XGB,XGB_20km,XGB_10km,ok,ssim_rank_21,TH50,0.8863515257835388,,,,
0,across_radii,XGB,XGB_20km,XGB_10km,ok,ssim_rank_21,TH51,0.9203202724456787,,,,
0,across_radii,XGB,XGB_20km,XGB_10km,ok,ssim_rank_21,TH52,0.9217557311058044,,,,
0,across_radii,XGB,XGB_20km,XGB_10km,ok,ssim_rank_21,TH53,0.9209116101264954,,,,
0,across_radii,XGB,XGB_20km,XGB_10km,ok,ssim_rank_21,TH54,0.9106789231300354,,,,
0,across_radii,XGB,XGB_20km,XGB_10km,ok,ssim_rank_21,TH55,0.9042912721633911,,,,
0,across_radii,XGB,XGB_20km,XGB_10km,ok,ssim_rank_21,TH56,0.931566596031189,,,,
0,across_radii,XGB,XGB_20km,XGB_10km,ok,ssim_rank_21,TH57,0.9366847276687622,,,,
0,across_radii,XGB,XGB_20km,XGB_10km,ok,ssim_rank_21,TH58,0.8582905530929565,,,,
0,across_radii,XGB,XGB_20km,XGB_10km,ok,jaccard_top10,TH50,0.7601164775579877,8703.0,8826.0,7570.0,9959.0
0,across_radii,XGB,XGB_20km,XGB_10km,ok,jaccard_top10,TH51,0.7536270822138635,3345.0,3182.0,2805.0,3722.0
0,across_radii,XGB,XGB_20km,XGB_10km,ok,jaccard_top10,TH52,0.7677995898036918,5973.0,6094.0,5241.0,6826.0
0,across_radii,XGB,XGB_20km,XGB_10km,ok,jaccard_top10,TH53,0.6354059609455293,3200.0,3165.0,2473.0,3892.0
0,across_radii,XGB,XGB_20km,XGB_10km,ok,jaccard_top10,TH54,0.6689280868385346,1868.0,1822.0,1479.0,2211.0
0,across_radii,XGB,XGB_20km,XGB_10km,ok,jaccard_top10,TH55,0.6785220994475138,2363.0,2498.0,1965.0,2896.0
0,across_radii,XGB,XGB_20km,XGB_10km,ok,jaccard_top10,TH56,0.663362831858407,2419.0,2280.0,1874.0,2825.0
0,across_radii,XGB,XGB_20km,XGB_10km,ok,jaccard_top10,TH57,0.7465224111282844,9594.0,9616.0,8211.0,10999.0
0,across_radii,XGB,XGB_20km,XGB_10km,ok,jaccard_top10,TH58,0.6412556053811659,741.0,723.0,572.0,892.0
0,across_radii,XGB,XGB_25km,XGB_10km,ok,ssim_raw_7,TH50,0.8858527541160583,,,,
0,across_radii,XGB,XGB_25km,XGB_10km,ok,ssim_raw_7,TH51,0.8271427750587463,,,,
0,across_radii,XGB,XGB_25km,XGB_10km,ok,ssim_raw_7,TH52,0.8850679993629456,,,,
0,across_radii,XGB,XGB_25km,XGB_10km,ok,ssim_raw_7,TH53,0.8481886386871338,,,,
0,across_radii,XGB,XGB_25km,XGB_10km,ok,ssim_raw_7,TH54,0.8955391049385071,,,,
0,across_radii,XGB,XGB_25km,XGB_10km,ok,ssim_raw_7,TH55,0.920272946357727,,,,
0,across_radii,XGB,XGB_25km,XGB_10km,ok,ssim_raw_7,TH56,0.8786256313323975,,,,
0,across_radii,XGB,XGB_25km,XGB_10km,ok,ssim_raw_7,TH57,0.8359178900718689,,,,
0,across_radii,XGB,XGB_25km,XGB_10km,ok,ssim_raw_7,TH58,0.9404258131980896,,,,
0,across_radii,XGB,XGB_25km,XGB_10km,ok,ssim_rank_7,TH50,0.8150532245635986,,,,
0,across_radii,XGB,XGB_25km,XGB_10km,ok,ssim_rank_7,TH51,0.8851035833358765,,,,
0,across_radii,XGB,XGB_25km,XGB_10km,ok,ssim_rank_7,TH52,0.8611299991607666,,,,
0,across_radii,XGB,XGB_25km,XGB_10km,ok,ssim_rank_7,TH53,0.8700843453407288,,,,
0,across_radii,XGB,XGB_25km,XGB_10km,ok,ssim_rank_7,TH54,0.8331415057182312,,,,
0,across_radii,XGB,XGB_25km,XGB_10km,ok,ssim_rank_7,TH55,0.8323609828948975,,,,
0,across_radii,XGB,XGB_25km,XGB_10km,ok,ssim_rank_7,TH56,0.8793562054634094,,,,
0,across_radii,XGB,XGB_25km,XGB_10km,ok,ssim_rank_7,TH57,0.8909961581230164,,,,
0,across_radii,XGB,XGB_25km,XGB_10km,ok,ssim_rank_7,TH58,0.7758781909942627,,,,
0,across_radii,XGB,XGB_25km,XGB_10km,ok,ssim_raw_21,TH50,0.8784556984901428,,,,
0,across_radii,XGB,XGB_25km,XGB_10km,ok,ssim_raw_21,TH51,0.8020634055137634,,,,
0,across_radii,XGB,XGB_25km,XGB_10km,ok,ssim_raw_21,TH52,0.8776344060897827,,,,
0,across_radii,XGB,XGB_25km,XGB_10km,ok,ssim_raw_21,TH53,0.83565354347229,,,,
0,across_radii,XGB,XGB_25km,XGB_10km,ok,ssim_raw_21,TH54,0.8729258179664612,,,,
0,across_radii,XGB,XGB_25km,XGB_10km,ok,ssim_raw_21,TH55,0.9103059768676758,,,,
0,across_radii,XGB,XGB_25km,XGB_10km,ok,ssim_raw_21,TH56,0.8612135052680969,,,,
0,across_radii,XGB,XGB_25km,XGB_10km,ok,ssim_raw_21,TH57,0.8350850343704224,,,,
0,across_radii,XGB,XGB_25km,XGB_10km,ok,ssim_raw_21,TH58,0.9254719018936157,,,,
0,across_radii,XGB,XGB_25km,XGB_10km,ok,ssim_rank_21,TH50,0.8776211142539978,,,,
0,across_radii,XGB,XGB_25km,XGB_10km,ok,ssim_rank_21,TH51,0.9310430884361267,,,,
0,across_radii,XGB,XGB_25km,XGB_10km,ok,ssim_rank_21,TH52,0.9139258861541748,,,,
0,across_radii,XGB,XGB_25km,XGB_10km,ok,ssim_rank_21,TH53,0.9191110730171204,,,,
0,across_radii,XGB,XGB_25km,XGB_10km,ok,ssim_rank_21,TH54,0.8968043327331543,,,,
0,across_radii,XGB,XGB_25km,XGB_10km,ok,ssim_rank_21,TH55,0.8862818479537964,,,,
0,across_radii,XGB,XGB_25km,XGB_10km,ok,ssim_rank_21,TH56,0.9262263178825378,,,,
0,across_radii,XGB,XGB_25km,XGB_10km,ok,ssim_rank_21,TH57,0.9295400381088257,,,,
0,across_radii,XGB,XGB_25km,XGB_10km,ok,ssim_rank_21,TH58,0.8419310450553894,,,,
0,across_radii,XGB,XGB_25km,XGB_10km,ok,jaccard_top10,TH50,0.7768478370474942,8795.0,8826.0,7704.0,9917.0
0,across_radii,XGB,XGB_25km,XGB_10km,ok,jaccard_top10,TH51,0.7670531140469129,3372.0,3182.0,2845.0,3709.0
0,across_radii,XGB,XGB_25km,XGB_10km,ok,jaccard_top10,TH52,0.7873469989677039,6026.0,6094.0,5339.0,6781.0
0,across_radii,XGB,XGB_25km,XGB_10km,ok,jaccard_top10,TH53,0.6716804979253111,3281.0,3165.0,2590.0,3856.0
0,across_radii,XGB,XGB_25km,XGB_10km,ok,jaccard_top10,TH54,0.6772706316274781,1816.0,1822.0,1469.0,2169.0
0,across_radii,XGB,XGB_25km,XGB_10km,ok,jaccard_top10,TH55,0.7014598540145985,2164.0,2498.0,1922.0,2740.0
0,across_radii,XGB,XGB_25km,XGB_10km,ok,jaccard_top10,TH56,0.6981474754812932,2395.0,2280.0,1922.0,2753.0
0,across_radii,XGB,XGB_25km,XGB_10km,ok,jaccard_top10,TH57,0.7733443404879838,9717.0,9616.0,8431.0,10902.0
0,across_radii,XGB,XGB_25km,XGB_10km,ok,jaccard_top10,TH58,0.6035294117647059,640.0,723.0,513.0,850.0
0,across_radii,XGB,XGB_Rinf,XGB_10km,ok,ssim_raw_7,TH50,0.8790067434310913,,,,
0,across_radii,XGB,XGB_Rinf,XGB_10km,ok,ssim_raw_7,TH51,0.818812906742096,,,,
0,across_radii,XGB,XGB_Rinf,XGB_10km,ok,ssim_raw_7,TH52,0.8787392377853394,,,,
0,across_radii,XGB,XGB_Rinf,XGB_10km,ok,ssim_raw_7,TH53,0.8544557690620422,,,,
0,across_radii,XGB,XGB_Rinf,XGB_10km,ok,ssim_raw_7,TH54,0.8934271335601807,,,,
0,across_radii,XGB,XGB_Rinf,XGB_10km,ok,ssim_raw_7,TH55,0.9344573020935059,,,,
0,across_radii,XGB,XGB_Rinf,XGB_10km,ok,ssim_raw_7,TH56,0.8660799264907837,,,,
0,across_radii,XGB,XGB_Rinf,XGB_10km,ok,ssim_raw_7,TH57,0.8368128538131714,,,,
0,across_radii,XGB,XGB_Rinf,XGB_10km,ok,ssim_raw_7,TH58,0.9371808171272278,,,,
0,across_radii,XGB,XGB_Rinf,XGB_10km,ok,ssim_rank_7,TH50,0.7845349311828613,,,,
0,across_radii,XGB,XGB_Rinf,XGB_10km,ok,ssim_rank_7,TH51,0.8791435956954956,,,,
0,across_radii,XGB,XGB_Rinf,XGB_10km,ok,ssim_rank_7,TH52,0.8543348908424377,,,,
0,across_radii,XGB,XGB_Rinf,XGB_10km,ok,ssim_rank_7,TH53,0.8753007054328918,,,,
0,across_radii,XGB,XGB_Rinf,XGB_10km,ok,ssim_rank_7,TH54,0.821889340877533,,,,
0,across_radii,XGB,XGB_Rinf,XGB_10km,ok,ssim_rank_7,TH55,0.8265742063522339,,,,
0,across_radii,XGB,XGB_Rinf,XGB_10km,ok,ssim_rank_7,TH56,0.8515549898147583,,,,
0,across_radii,XGB,XGB_Rinf,XGB_10km,ok,ssim_rank_7,TH57,0.8795656561851501,,,,
0,across_radii,XGB,XGB_Rinf,XGB_10km,ok,ssim_rank_7,TH58,0.7336247563362122,,,,
0,across_radii,XGB,XGB_Rinf,XGB_10km,ok,ssim_raw_21,TH50,0.8675546646118164,,,,
0,across_radii,XGB,XGB_Rinf,XGB_10km,ok,ssim_raw_21,TH51,0.7913040518760681,,,,
0,across_radii,XGB,XGB_Rinf,XGB_10km,ok,ssim_raw_21,TH52,0.8760355710983276,,,,
0,across_radii,XGB,XGB_Rinf,XGB_10km,ok,ssim_raw_21,TH53,0.8481438159942627,,,,
0,across_radii,XGB,XGB_Rinf,XGB_10km,ok,ssim_raw_21,TH54,0.8703342080116272,,,,
0,across_radii,XGB,XGB_Rinf,XGB_10km,ok,ssim_raw_21,TH55,0.9271632432937622,,,,
0,across_radii,XGB,XGB_Rinf,XGB_10km,ok,ssim_raw_21,TH56,0.8563410639762878,,,,
0,across_radii,XGB,XGB_Rinf,XGB_10km,ok,ssim_raw_21,TH57,0.8343765735626221,,,,
0,across_radii,XGB,XGB_Rinf,XGB_10km,ok,ssim_raw_21,TH58,0.9202418923377991,,,,
0,across_radii,XGB,XGB_Rinf,XGB_10km,ok,ssim_rank_21,TH50,0.846636176109314,,,,
0,across_radii,XGB,XGB_Rinf,XGB_10km,ok,ssim_rank_21,TH51,0.9264090657234192,,,,
0,across_radii,XGB,XGB_Rinf,XGB_10km,ok,ssim_rank_21,TH52,0.9084824323654175,,,,
0,across_radii,XGB,XGB_Rinf,XGB_10km,ok,ssim_rank_21,TH53,0.9190933704376221,,,,
0,across_radii,XGB,XGB_Rinf,XGB_10km,ok,ssim_rank_21,TH54,0.8883271813392639,,,,
0,across_radii,XGB,XGB_Rinf,XGB_10km,ok,ssim_rank_21,TH55,0.880628764629364,,,,
0,across_radii,XGB,XGB_Rinf,XGB_10km,ok,ssim_rank_21,TH56,0.8990221619606018,,,,
0,across_radii,XGB,XGB_Rinf,XGB_10km,ok,ssim_rank_21,TH57,0.9120359420776367,,,,
0,across_radii,XGB,XGB_Rinf,XGB_10km,ok,ssim_rank_21,TH58,0.7990908026695251,,,,
0,across_radii,XGB,XGB_Rinf,XGB_10km,ok,jaccard_top10,TH50,0.7852470564556707,8914.0,8826.0,7803.0,9937.0
0,across_radii,XGB,XGB_Rinf,XGB_10km,ok,jaccard_top10,TH51,0.7846575342465754,3332.0,3182.0,2864.0,3650.0
0,across_radii,XGB,XGB_Rinf,XGB_10km,ok,jaccard_top10,TH52,0.8043252851429418,6087.0,6094.0,5430.0,6751.0
0,across_radii,XGB,XGB_Rinf,XGB_10km,ok,jaccard_top10,TH53,0.6725617685305592,3266.0,3165.0,2586.0,3845.0
0,across_radii,XGB,XGB_Rinf,XGB_10km,ok,jaccard_top10,TH54,0.6951774340309372,1904.0,1822.0,1528.0,2198.0
0,across_radii,XGB,XGB_Rinf,XGB_10km,ok,jaccard_top10,TH55,0.6829268292682927,1987.0,2498.0,1820.0,2665.0
0,across_radii,XGB,XGB_Rinf,XGB_10km,ok,jaccard_top10,TH56,0.6824349101576824,2308.0,2280.0,1861.0,2727.0
0,across_radii,XGB,XGB_Rinf,XGB_10km,ok,jaccard_top10,TH57,0.7811091695024373,9750.0,9616.0,8493.0,10873.0
0,across_radii,XGB,XGB_Rinf,XGB_10km,ok,jaccard_top10,TH58,0.6362559241706162,658.0,723.0,537.0,844.0
0,across_radii,LR,LR_1km,LR_10km,ok,ssim_raw_7,TH50,0.18679481744766235,,,,
0,across_radii,LR,LR_1km,LR_10km,ok,ssim_raw_7,TH51,0.2842051088809967,,,,
0,across_radii,LR,LR_1km,LR_10km,ok,ssim_raw_7,TH52,0.23170126974582672,,,,
0,across_radii,LR,LR_1km,LR_10km,ok,ssim_raw_7,TH53,0.23868614435195923,,,,
0,across_radii,LR,LR_1km,LR_10km,ok,ssim_raw_7,TH54,0.21248893439769745,,,,
0,across_radii,LR,LR_1km,LR_10km,ok,ssim_raw_7,TH55,0.16373863816261292,,,,
0,across_radii,LR,LR_1km,LR_10km,ok,ssim_raw_7,TH56,0.27695709466934204,,,,
0,across_radii,LR,LR_1km,LR_10km,ok,ssim_raw_7,TH57,0.31527063250541687,,,,
0,across_radii,LR,LR_1km,LR_10km,ok,ssim_raw_7,TH58,0.1081707626581192,,,,
0,across_radii,LR,LR_1km,LR_10km,ok,ssim_rank_7,TH50,0.5053620934486389,,,,
0,across_radii,LR,LR_1km,LR_10km,ok,ssim_rank_7,TH51,0.4582061469554901,,,,
0,across_radii,LR,LR_1km,LR_10km,ok,ssim_rank_7,TH52,0.48050254583358765,,,,
0,across_radii,LR,LR_1km,LR_10km,ok,ssim_rank_7,TH53,0.4630020558834076,,,,
0,across_radii,LR,LR_1km,LR_10km,ok,ssim_rank_7,TH54,0.4569598436355591,,,,
0,across_radii,LR,LR_1km,LR_10km,ok,ssim_rank_7,TH55,0.44256260991096497,,,,
0,across_radii,LR,LR_1km,LR_10km,ok,ssim_rank_7,TH56,0.47391530871391296,,,,
0,across_radii,LR,LR_1km,LR_10km,ok,ssim_rank_7,TH57,0.4749974012374878,,,,
0,across_radii,LR,LR_1km,LR_10km,ok,ssim_rank_7,TH58,0.4775281548500061,,,,
0,across_radii,LR,LR_1km,LR_10km,ok,ssim_raw_21,TH50,0.2122826874256134,,,,
0,across_radii,LR,LR_1km,LR_10km,ok,ssim_raw_21,TH51,0.31321901082992554,,,,
0,across_radii,LR,LR_1km,LR_10km,ok,ssim_raw_21,TH52,0.23265832662582397,,,,
0,across_radii,LR,LR_1km,LR_10km,ok,ssim_raw_21,TH53,0.26418986916542053,,,,
0,across_radii,LR,LR_1km,LR_10km,ok,ssim_raw_21,TH54,0.20644739270210266,,,,
0,across_radii,LR,LR_1km,LR_10km,ok,ssim_raw_21,TH55,0.1976555585861206,,,,
0,across_radii,LR,LR_1km,LR_10km,ok,ssim_raw_21,TH56,0.25081583857536316,,,,
0,across_radii,LR,LR_1km,LR_10km,ok,ssim_raw_21,TH57,0.3381364047527313,,,,
0,across_radii,LR,LR_1km,LR_10km,ok,ssim_raw_21,TH58,0.1545543223619461,,,,
0,across_radii,LR,LR_1km,LR_10km,ok,ssim_rank_21,TH50,0.5371622443199158,,,,
0,across_radii,LR,LR_1km,LR_10km,ok,ssim_rank_21,TH51,0.4637443721294403,,,,
0,across_radii,LR,LR_1km,LR_10km,ok,ssim_rank_21,TH52,0.4843856990337372,,,,
0,across_radii,LR,LR_1km,LR_10km,ok,ssim_rank_21,TH53,0.4721493124961853,,,,
0,across_radii,LR,LR_1km,LR_10km,ok,ssim_rank_21,TH54,0.4194656014442444,,,,
0,across_radii,LR,LR_1km,LR_10km,ok,ssim_rank_21,TH55,0.444354385137558,,,,
0,across_radii,LR,LR_1km,LR_10km,ok,ssim_rank_21,TH56,0.4311785399913788,,,,
0,across_radii,LR,LR_1km,LR_10km,ok,ssim_rank_21,TH57,0.4935939311981201,,,,
0,across_radii,LR,LR_1km,LR_10km,ok,ssim_rank_21,TH58,0.5368679165840149,,,,
0,across_radii,LR,LR_1km,LR_10km,ok,jaccard_top10,TH50,0.19460090671795577,8762.0,8629.0,2833.0,14558.0
0,across_radii,LR,LR_1km,LR_10km,ok,jaccard_top10,TH51,0.17498667614141056,2990.0,3624.0,985.0,5629.0
0,across_radii,LR,LR_1km,LR_10km,ok,jaccard_top10,TH52,0.22752280295352542,10727.0,6230.0,3143.0,13814.0
0,across_radii,LR,LR_1km,LR_10km,ok,jaccard_top10,TH53,0.1181783243658724,2793.0,3026.0,615.0,5204.0
0,across_radii,LR,LR_1km,LR_10km,ok,jaccard_top10,TH54,0.17395577395577397,2878.0,1900.0,708.0,4070.0
0,across_radii,LR,LR_1km,LR_10km,ok,jaccard_top10,TH55,0.18551925889809848,2356.0,2507.0,761.0,4102.0
0,across_radii,LR,LR_1km,LR_10km,ok,jaccard_top10,TH56,0.12495655196385123,3087.0,3386.0,719.0,5754.0
0,across_radii,LR,LR_1km,LR_10km,ok,jaccard_top10,TH57,0.15739542906425183,2722.0,8014.0,1460.0,9276.0
0,across_radii,LR,LR_1km,LR_10km,ok,jaccard_top10,TH58,0.2716049382716049,1891.0,890.0,594.0,2187.0
0,across_radii,LR,LR_5km,LR_10km,ok,ssim_raw_7,TH50,0.9695305228233337,,,,
0,across_radii,LR,LR_5km,LR_10km,ok,ssim_raw_7,TH51,0.9560306072235107,,,,
0,across_radii,LR,LR_5km,LR_10km,ok,ssim_raw_7,TH52,0.9642537236213684,,,,
0,across_radii,LR,LR_5km,LR_10km,ok,ssim_raw_7,TH53,0.9617202877998352,,,,
0,across_radii,LR,LR_5km,LR_10km,ok,ssim_raw_7,TH54,0.9674209356307983,,,,
0,across_radii,LR,LR_5km,LR_10km,ok,ssim_raw_7,TH55,0.9768679141998291,,,,
0,across_radii,LR,LR_5km,LR_10km,ok,ssim_raw_7,TH56,0.9624353647232056,,,,
0,across_radii,LR,LR_5km,LR_10km,ok,ssim_raw_7,TH57,0.9605173468589783,,,,
0,across_radii,LR,LR_5km,LR_10km,ok,ssim_raw_7,TH58,0.9826610088348389,,,,
0,across_radii,LR,LR_5km,LR_10km,ok,ssim_rank_7,TH50,0.9844081401824951,,,,
0,across_radii,LR,LR_5km,LR_10km,ok,ssim_rank_7,TH51,0.9858033061027527,,,,
0,across_radii,LR,LR_5km,LR_10km,ok,ssim_rank_7,TH52,0.9820747375488281,,,,
0,across_radii,LR,LR_5km,LR_10km,ok,ssim_rank_7,TH53,0.9869298934936523,,,,
0,across_radii,LR,LR_5km,LR_10km,ok,ssim_rank_7,TH54,0.9846571683883667,,,,
0,across_radii,LR,LR_5km,LR_10km,ok,ssim_rank_7,TH55,0.9809557199478149,,,,
0,across_radii,LR,LR_5km,LR_10km,ok,ssim_rank_7,TH56,0.9858601689338684,,,,
0,across_radii,LR,LR_5km,LR_10km,ok,ssim_rank_7,TH57,0.9852406978607178,,,,
0,across_radii,LR,LR_5km,LR_10km,ok,ssim_rank_7,TH58,0.9840523600578308,,,,
0,across_radii,LR,LR_5km,LR_10km,ok,ssim_raw_21,TH50,0.9725900888442993,,,,
0,across_radii,LR,LR_5km,LR_10km,ok,ssim_raw_21,TH51,0.9635763764381409,,,,
0,across_radii,LR,LR_5km,LR_10km,ok,ssim_raw_21,TH52,0.9686252474784851,,,,
0,across_radii,LR,LR_5km,LR_10km,ok,ssim_raw_21,TH53,0.9658050537109375,,,,
0,across_radii,LR,LR_5km,LR_10km,ok,ssim_raw_21,TH54,0.9698277711868286,,,,
0,across_radii,LR,LR_5km,LR_10km,ok,ssim_raw_21,TH55,0.9738063216209412,,,,
0,across_radii,LR,LR_5km,LR_10km,ok,ssim_raw_21,TH56,0.9637613892555237,,,,
0,across_radii,LR,LR_5km,LR_10km,ok,ssim_raw_21,TH57,0.957711398601532,,,,
0,across_radii,LR,LR_5km,LR_10km,ok,ssim_raw_21,TH58,0.9853197336196899,,,,
0,across_radii,LR,LR_5km,LR_10km,ok,ssim_rank_21,TH50,0.9909995794296265,,,,
0,across_radii,LR,LR_5km,LR_10km,ok,ssim_rank_21,TH51,0.9929208755493164,,,,
0,across_radii,LR,LR_5km,LR_10km,ok,ssim_rank_21,TH52,0.9912084937095642,,,,
0,across_radii,LR,LR_5km,LR_10km,ok,ssim_rank_21,TH53,0.99440598487854,,,,
0,across_radii,LR,LR_5km,LR_10km,ok,ssim_rank_21,TH54,0.9922316670417786,,,,
0,across_radii,LR,LR_5km,LR_10km,ok,ssim_rank_21,TH55,0.9886764287948608,,,,
0,across_radii,LR,LR_5km,LR_10km,ok,ssim_rank_21,TH56,0.9922441244125366,,,,
0,across_radii,LR,LR_5km,LR_10km,ok,ssim_rank_21,TH57,0.9916189908981323,,,,
0,across_radii,LR,LR_5km,LR_10km,ok,ssim_rank_21,TH58,0.990183413028717,,,,
0,across_radii,LR,LR_5km,LR_10km,ok,jaccard_top10,TH50,0.8639072143009151,8888.0,8629.0,8119.0,9398.0
0,across_radii,LR,LR_5km,LR_10km,ok,jaccard_top10,TH51,0.8892566191446029,3797.0,3624.0,3493.0,3928.0
0,across_radii,LR,LR_5km,LR_10km,ok,jaccard_top10,TH52,0.7781704499116487,6852.0,6230.0,5725.0,7357.0
0,across_radii,LR,LR_5km,LR_10km,ok,jaccard_top10,TH53,0.7887238557138527,2875.0,3026.0,2602.0,3299.0
0,across_radii,LR,LR_5km,LR_10km,ok,jaccard_top10,TH54,0.7699574870099197,1847.0,1900.0,1630.0,2117.0
0,across_radii,LR,LR_5km,LR_10km,ok,jaccard_top10,TH55,0.8266423357664233,2498.0,2507.0,2265.0,2740.0
0,across_radii,LR,LR_5km,LR_10km,ok,jaccard_top10,TH56,0.8368362831858407,3256.0,3386.0,3026.0,3616.0
0,across_radii,LR,LR_5km,LR_10km,ok,jaccard_top10,TH57,0.8418079096045198,6982.0,8014.0,6854.0,8142.0
0,across_radii,LR,LR_5km,LR_10km,ok,jaccard_top10,TH58,0.6821457165732586,1211.0,890.0,852.0,1249.0
0,across_radii,LR,LR_20km,LR_10km,ok,ssim_raw_7,TH50,0.9853712916374207,,,,
0,across_radii,LR,LR_20km,LR_10km,ok,ssim_raw_7,TH51,0.976082980632782,,,,
0,across_radii,LR,LR_20km,LR_10km,ok,ssim_raw_7,TH52,0.9825167059898376,,,,
0,across_radii,LR,LR_20km,LR_10km,ok,ssim_raw_7,TH53,0.9787464141845703,,,,
0,across_radii,LR,LR_20km,LR_10km,ok,ssim_raw_7,TH54,0.9769946932792664,,,,
0,across_radii,LR,LR_20km,LR_10km,ok,ssim_raw_7,TH55,0.9867247343063354,,,,
0,across_radii,LR,LR_20km,LR_10km,ok,ssim_raw_7,TH56,0.966633677482605,,,,
0,across_radii,LR,LR_20km,LR_10km,ok,ssim_raw_7,TH57,0.9648199677467346,,,,
0,across_radii,LR,LR_20km,LR_10km,ok,ssim_raw_7,TH58,0.9959703087806702,,,,
0,across_radii,LR,LR_20km,LR_10km,ok,ssim_rank_7,TH50,0.9924906492233276,,,,
0,across_radii,LR,LR_20km,LR_10km,ok,ssim_rank_7,TH51,0.9932029843330383,,,,
0,across_radii,LR,LR_20km,LR_10km,ok,ssim_rank_7,TH52,0.9907106757164001,,,,
0,across_radii,LR,LR_20km,LR_10km,ok,ssim_rank_7,TH53,0.9936929941177368,,,,
0,across_radii,LR,LR_20km,LR_10km,ok,ssim_rank_7,TH54,0.9917932748794556,,,,
0,across_radii,LR,LR_20km,LR_10km,ok,ssim_rank_7,TH55,0.9911977648735046,,,,
0,across_radii,LR,LR_20km,LR_10km,ok,ssim_rank_7,TH56,0.9922490119934082,,,,
0,across_radii,LR,LR_20km,LR_10km,ok,ssim_rank_7,TH57,0.9910368919372559,,,,
0,across_radii,LR,LR_20km,LR_10km,ok,ssim_rank_7,TH58,0.9938753247261047,,,,
0,across_radii,LR,LR_20km,LR_10km,ok,ssim_raw_21,TH50,0.9856442809104919,,,,
0,across_radii,LR,LR_20km,LR_10km,ok,ssim_raw_21,TH51,0.9770594835281372,,,,
0,across_radii,LR,LR_20km,LR_10km,ok,ssim_raw_21,TH52,0.980305016040802,,,,
0,across_radii,LR,LR_20km,LR_10km,ok,ssim_raw_21,TH53,0.9762822389602661,,,,
0,across_radii,LR,LR_20km,LR_10km,ok,ssim_raw_21,TH54,0.9738045334815979,,,,
0,across_radii,LR,LR_20km,LR_10km,ok,ssim_raw_21,TH55,0.9827260971069336,,,,
0,across_radii,LR,LR_20km,LR_10km,ok,ssim_raw_21,TH56,0.9648472666740417,,,,
0,across_radii,LR,LR_20km,LR_10km,ok,ssim_raw_21,TH57,0.9631083607673645,,,,
0,across_radii,LR,LR_20km,LR_10km,ok,ssim_raw_21,TH58,0.9953106641769409,,,,
0,across_radii,LR,LR_20km,LR_10km,ok,ssim_rank_21,TH50,0.9958063364028931,,,,
0,across_radii,LR,LR_20km,LR_10km,ok,ssim_rank_21,TH51,0.9968006610870361,,,,
0,across_radii,LR,LR_20km,LR_10km,ok,ssim_rank_21,TH52,0.9957611560821533,,,,
0,across_radii,LR,LR_20km,LR_10km,ok,ssim_rank_21,TH53,0.9972141981124878,,,,
0,across_radii,LR,LR_20km,LR_10km,ok,ssim_rank_21,TH54,0.995931088924408,,,,
0,across_radii,LR,LR_20km,LR_10km,ok,ssim_rank_21,TH55,0.9951273202896118,,,,
0,across_radii,LR,LR_20km,LR_10km,ok,ssim_rank_21,TH56,0.9963741302490234,,,,
0,across_radii,LR,LR_20km,LR_10km,ok,ssim_rank_21,TH57,0.9946644306182861,,,,
0,across_radii,LR,LR_20km,LR_10km,ok,ssim_rank_21,TH58,0.9962058067321777,,,,
0,across_radii,LR,LR_20km,LR_10km,ok,jaccard_top10,TH50,0.9166666666666666,8391.0,8629.0,8140.0,8880.0
0,across_radii,LR,LR_20km,LR_10km,ok,jaccard_top10,TH51,0.9342176502436383,3521.0,3624.0,3451.0,3694.0
0,across_radii,LR,LR_20km,LR_10km,ok,jaccard_top10,TH52,0.8417849898580122,5574.0,6230.0,5395.0,6409.0
0,across_radii,LR,LR_20km,LR_10km,ok,jaccard_top10,TH53,0.9157827065252331,2934.0,3026.0,2849.0,3111.0
0,across_radii,LR,LR_20km,LR_10km,ok,jaccard_top10,TH54,0.8348193336461756,2010.0,1900.0,1779.0,2131.0
0,across_radii,LR,LR_20km,LR_10km,ok,jaccard_top10,TH55,0.9058054594386774,2450.0,2507.0,2356.0,2601.0
0,across_radii,LR,LR_20km,LR_10km,ok,jaccard_top10,TH56,0.8461340206185567,3777.0,3386.0,3283.0,3880.0
0,across_radii,LR,LR_20km,LR_10km,ok,jaccard_top10,TH57,0.890344982078853,8863.0,8014.0,7949.0,8928.0
0,across_radii,LR,LR_20km,LR_10km,ok,jaccard_top10,TH58,0.7589285714285714,686.0,890.0,680.0,896.0
0,across_radii,LR,LR_25km,LR_10km,ok,ssim_raw_7,TH50,0.9815678596496582,,,,
0,across_radii,LR,LR_25km,LR_10km,ok,ssim_raw_7,TH51,0.9694849848747253,,,,
0,across_radii,LR,LR_25km,LR_10km,ok,ssim_raw_7,TH52,0.9748702049255371,,,,
0,across_radii,LR,LR_25km,LR_10km,ok,ssim_raw_7,TH53,0.9712287187576294,,,,
0,across_radii,LR,LR_25km,LR_10km,ok,ssim_raw_7,TH54,0.9640271067619324,,,,
0,across_radii,LR,LR_25km,LR_10km,ok,ssim_raw_7,TH55,0.9828930497169495,,,,
0,across_radii,LR,LR_25km,LR_10km,ok,ssim_raw_7,TH56,0.9486839175224304,,,,
0,across_radii,LR,LR_25km,LR_10km,ok,ssim_raw_7,TH57,0.9506209492683411,,,,
0,across_radii,LR,LR_25km,LR_10km,ok,ssim_raw_7,TH58,0.9935915470123291,,,,
0,across_radii,LR,LR_25km,LR_10km,ok,ssim_rank_7,TH50,0.9911731481552124,,,,
0,across_radii,LR,LR_25km,LR_10km,ok,ssim_rank_7,TH51,0.9922423958778381,,,,
0,across_radii,LR,LR_25km,LR_10km,ok,ssim_rank_7,TH52,0.9890303611755371,,,,
0,across_radii,LR,LR_25km,LR_10km,ok,ssim_rank_7,TH53,0.9928064346313477,,,,
0,across_radii,LR,LR_25km,LR_10km,ok,ssim_rank_7,TH54,0.9901863932609558,,,,
0,across_radii,LR,LR_25km,LR_10km,ok,ssim_rank_7,TH55,0.9895030856132507,,,,
0,across_radii,LR,LR_25km,LR_10km,ok,ssim_rank_7,TH56,0.9905142784118652,,,,
0,across_radii,LR,LR_25km,LR_10km,ok,ssim_rank_7,TH57,0.9893983602523804,,,,
0,across_radii,LR,LR_25km,LR_10km,ok,ssim_rank_7,TH58,0.9912846088409424,,,,
0,across_radii,LR,LR_25km,LR_10km,ok,ssim_raw_21,TH50,0.981806755065918,,,,
0,across_radii,LR,LR_25km,LR_10km,ok,ssim_raw_21,TH51,0.9703579545021057,,,,
0,across_radii,LR,LR_25km,LR_10km,ok,ssim_raw_21,TH52,0.9702244997024536,,,,
0,across_radii,LR,LR_25km,LR_10km,ok,ssim_raw_21,TH53,0.9673730731010437,,,,
0,across_radii,LR,LR_25km,LR_10km,ok,ssim_raw_21,TH54,0.9576125144958496,,,,
0,across_radii,LR,LR_25km,LR_10km,ok,ssim_raw_21,TH55,0.9774768352508545,,,,
0,across_radii,LR,LR_25km,LR_10km,ok,ssim_raw_21,TH56,0.9461889266967773,,,,
0,across_radii,LR,LR_25km,LR_10km,ok,ssim_raw_21,TH57,0.9479731917381287,,,,
0,across_radii,LR,LR_25km,LR_10km,ok,ssim_raw_21,TH58,0.9929345846176147,,,,
0,across_radii,LR,LR_25km,LR_10km,ok,ssim_rank_21,TH50,0.9951016902923584,,,,
0,across_radii,LR,LR_25km,LR_10km,ok,ssim_rank_21,TH51,0.9964849948883057,,,,
0,across_radii,LR,LR_25km,LR_10km,ok,ssim_rank_21,TH52,0.995086669921875,,,,
0,across_radii,LR,LR_25km,LR_10km,ok,ssim_rank_21,TH53,0.9968416690826416,,,,
0,across_radii,LR,LR_25km,LR_10km,ok,ssim_rank_21,TH54,0.9952356815338135,,,,
0,across_radii,LR,LR_25km,LR_10km,ok,ssim_rank_21,TH55,0.9941466450691223,,,,
0,across_radii,LR,LR_25km,LR_10km,ok,ssim_rank_21,TH56,0.9957389235496521,,,,
0,across_radii,LR,LR_25km,LR_10km,ok,ssim_rank_21,TH57,0.9937220215797424,,,,
0,across_radii,LR,LR_25km,LR_10km,ok,ssim_rank_21,TH58,0.994422972202301,,,,
0,across_radii,LR,LR_25km,LR_10km,ok,jaccard_top10,TH50,0.9130730050933786,8273.0,8629.0,8067.0,8835.0
0,across_radii,LR,LR_25km,LR_10km,ok,jaccard_top10,TH51,0.932009790590155,3480.0,3624.0,3427.0,3677.0
0,across_radii,LR,LR_25km,LR_10km,ok,jaccard_top10,TH52,0.8313178294573643,5582.0,6230.0,5362.0,6450.0
0,across_radii,LR,LR_25km,LR_10km,ok,jaccard_top10,TH53,0.9210019267822736,2956.0,3026.0,2868.0,3114.0
0,across_radii,LR,LR_25km,LR_10km,ok,jaccard_top10,TH54,0.8129822968679074,2094.0,1900.0,1791.0,2203.0
0,across_radii,LR,LR_25km,LR_10km,ok,jaccard_top10,TH55,0.9003891050583658,2377.0,2507.0,2314.0,2570.0
0,across_radii,LR,LR_25km,LR_10km,ok,jaccard_top10,TH56,0.8147780808331267,3933.0,3386.0,3286.0,4033.0
0,across_radii,LR,LR_25km,LR_10km,ok,jaccard_top10,TH57,0.8853226345703779,8903.0,8014.0,7944.0,8973.0
0,across_radii,LR,LR_25km,LR_10km,ok,jaccard_top10,TH58,0.679372197309417,608.0,890.0,606.0,892.0
0,across_radii,LR,LR_Rinf,LR_10km,ok,ssim_raw_7,TH50,0.9706223607063293,,,,
0,across_radii,LR,LR_Rinf,LR_10km,ok,ssim_raw_7,TH51,0.9522272944450378,,,,
0,across_radii,LR,LR_Rinf,LR_10km,ok,ssim_raw_7,TH52,0.9578651189804077,,,,
0,across_radii,LR,LR_Rinf,LR_10km,ok,ssim_raw_7,TH53,0.955575168132782,,,,
0,across_radii,LR,LR_Rinf,LR_10km,ok,ssim_raw_7,TH54,0.9408170580863953,,,,
0,across_radii,LR,LR_Rinf,LR_10km,ok,ssim_raw_7,TH55,0.9749054312705994,,,,
0,across_radii,LR,LR_Rinf,LR_10km,ok,ssim_raw_7,TH56,0.9269747734069824,,,,
0,across_radii,LR,LR_Rinf,LR_10km,ok,ssim_raw_7,TH57,0.9307095408439636,,,,
0,across_radii,LR,LR_Rinf,LR_10km,ok,ssim_raw_7,TH58,0.98923259973526,,,,
0,across_radii,LR,LR_Rinf,LR_10km,ok,ssim_rank_7,TH50,0.9861358404159546,,,,
0,across_radii,LR,LR_Rinf,LR_10km,ok,ssim_rank_7,TH51,0.9879952669143677,,,,
0,across_radii,LR,LR_Rinf,LR_10km,ok,ssim_rank_7,TH52,0.9824835062026978,,,,
0,across_radii,LR,LR_Rinf,LR_10km,ok,ssim_rank_7,TH53,0.9887362718582153,,,,
0,across_radii,LR,LR_Rinf,LR_10km,ok,ssim_rank_7,TH54,0.9845259189605713,,,,
0,across_radii,LR,LR_Rinf,LR_10km,ok,ssim_rank_7,TH55,0.9834868907928467,,,,
0,across_radii,LR,LR_Rinf,LR_10km,ok,ssim_rank_7,TH56,0.9857502579689026,,,,
0,across_radii,LR,LR_Rinf,LR_10km,ok,ssim_rank_7,TH57,0.984077513217926,,,,
0,across_radii,LR,LR_Rinf,LR_10km,ok,ssim_rank_7,TH58,0.9855733513832092,,,,
0,across_radii,LR,LR_Rinf,LR_10km,ok,ssim_raw_21,TH50,0.9710442423820496,,,,
0,across_radii,LR,LR_Rinf,LR_10km,ok,ssim_raw_21,TH51,0.9544002413749695,,,,
0,across_radii,LR,LR_Rinf,LR_10km,ok,ssim_raw_21,TH52,0.9513573050498962,,,,
0,across_radii,LR,LR_Rinf,LR_10km,ok,ssim_raw_21,TH53,0.9513497948646545,,,,
0,across_radii,LR,LR_Rinf,LR_10km,ok,ssim_raw_21,TH54,0.9306250810623169,,,,
0,across_radii,LR,LR_Rinf,LR_10km,ok,ssim_raw_21,TH55,0.9681941270828247,,,,
0,across_radii,LR,LR_Rinf,LR_10km,ok,ssim_raw_21,TH56,0.9240574836730957,,,,
0,across_radii,LR,LR_Rinf,LR_10km,ok,ssim_raw_21,TH57,0.92805016040802,,,,
0,across_radii,LR,LR_Rinf,LR_10km,ok,ssim_raw_21,TH58,0.9881669878959656,,,,
0,across_radii,LR,LR_Rinf,LR_10km,ok,ssim_rank_21,TH50,0.9922683238983154,,,,
0,across_radii,LR,LR_Rinf,LR_10km,ok,ssim_rank_21,TH51,0.9945853352546692,,,,
0,across_radii,LR,LR_Rinf,LR_10km,ok,ssim_rank_21,TH52,0.9920989274978638,,,,
0,across_radii,LR,LR_Rinf,LR_10km,ok,ssim_rank_21,TH53,0.9949514269828796,,,,
0,across_radii,LR,LR_Rinf,LR_10km,ok,ssim_rank_21,TH54,0.9924335479736328,,,,
0,across_radii,LR,LR_Rinf,LR_10km,ok,ssim_rank_21,TH55,0.9907541871070862,,,,
0,across_radii,LR,LR_Rinf,LR_10km,ok,ssim_rank_21,TH56,0.9935803413391113,,,,
0,across_radii,LR,LR_Rinf,LR_10km,ok,ssim_rank_21,TH57,0.9905692934989929,,,,
0,across_radii,LR,LR_Rinf,LR_10km,ok,ssim_rank_21,TH58,0.9905540347099304,,,,
0,across_radii,LR,LR_Rinf,LR_10km,ok,jaccard_top10,TH50,0.8916554508748318,8237.0,8629.0,7950.0,8916.0
0,across_radii,LR,LR_Rinf,LR_10km,ok,jaccard_top10,TH51,0.9194376858610436,3476.0,3624.0,3401.0,3699.0
0,across_radii,LR,LR_Rinf,LR_10km,ok,jaccard_top10,TH52,0.7925015179113539,5579.0,6230.0,5221.0,6588.0
0,across_radii,LR,LR_Rinf,LR_10km,ok,jaccard_top10,TH53,0.9012889028607356,3022.0,3026.0,2867.0,3181.0
0,across_radii,LR,LR_Rinf,LR_10km,ok,jaccard_top10,TH54,0.7656994369857081,2177.0,1900.0,1768.0,2309.0
0,across_radii,LR,LR_Rinf,LR_10km,ok,jaccard_top10,TH55,0.8657587548638133,2288.0,2507.0,2225.0,2570.0
0,across_radii,LR,LR_Rinf,LR_10km,ok,jaccard_top10,TH56,0.7957094100438811,3980.0,3386.0,3264.0,4102.0
0,across_radii,LR,LR_Rinf,LR_10km,ok,jaccard_top10,TH57,0.87511071744907,8922.0,8014.0,7904.0,9032.0
0,across_radii,LR,LR_Rinf,LR_10km,ok,jaccard_top10,TH58,0.5881032547699214,525.0,890.0,524.0,891.0
0,across_learners,1km,RF_1km,XGB_1km,ok,ssim_raw_7,TH50,0.5934016704559326,,,,
0,across_learners,1km,RF_1km,XGB_1km,ok,ssim_raw_7,TH51,0.6753039956092834,,,,
0,across_learners,1km,RF_1km,XGB_1km,ok,ssim_raw_7,TH52,0.6454407572746277,,,,
0,across_learners,1km,RF_1km,XGB_1km,ok,ssim_raw_7,TH53,0.628811776638031,,,,
0,across_learners,1km,RF_1km,XGB_1km,ok,ssim_raw_7,TH54,0.5795363187789917,,,,
0,across_learners,1km,RF_1km,XGB_1km,ok,ssim_raw_7,TH55,0.5404260158538818,,,,
0,across_learners,1km,RF_1km,XGB_1km,ok,ssim_raw_7,TH56,0.6090849041938782,,,,
0,across_learners,1km,RF_1km,XGB_1km,ok,ssim_raw_7,TH57,0.6098343729972839,,,,
0,across_learners,1km,RF_1km,XGB_1km,ok,ssim_raw_7,TH58,0.6190052032470703,,,,
0,across_learners,1km,RF_1km,XGB_1km,ok,ssim_rank_7,TH50,0.5271641612052917,,,,
0,across_learners,1km,RF_1km,XGB_1km,ok,ssim_rank_7,TH51,0.6190188527107239,,,,
0,across_learners,1km,RF_1km,XGB_1km,ok,ssim_rank_7,TH52,0.5592849254608154,,,,
0,across_learners,1km,RF_1km,XGB_1km,ok,ssim_rank_7,TH53,0.5272635221481323,,,,
0,across_learners,1km,RF_1km,XGB_1km,ok,ssim_rank_7,TH54,0.49846747517585754,,,,
0,across_learners,1km,RF_1km,XGB_1km,ok,ssim_rank_7,TH55,0.452043354511261,,,,
0,across_learners,1km,RF_1km,XGB_1km,ok,ssim_rank_7,TH56,0.4510433077812195,,,,
0,across_learners,1km,RF_1km,XGB_1km,ok,ssim_rank_7,TH57,0.4150350093841553,,,,
0,across_learners,1km,RF_1km,XGB_1km,ok,ssim_rank_7,TH58,0.47820866107940674,,,,
0,across_learners,1km,RF_1km,XGB_1km,ok,ssim_raw_21,TH50,0.6038506031036377,,,,
0,across_learners,1km,RF_1km,XGB_1km,ok,ssim_raw_21,TH51,0.6973743438720703,,,,
0,across_learners,1km,RF_1km,XGB_1km,ok,ssim_raw_21,TH52,0.6622473001480103,,,,
0,across_learners,1km,RF_1km,XGB_1km,ok,ssim_raw_21,TH53,0.6462568640708923,,,,
0,across_learners,1km,RF_1km,XGB_1km,ok,ssim_raw_21,TH54,0.5827603936195374,,,,
0,across_learners,1km,RF_1km,XGB_1km,ok,ssim_raw_21,TH55,0.5482524633407593,,,,
0,across_learners,1km,RF_1km,XGB_1km,ok,ssim_raw_21,TH56,0.6329731941223145,,,,
0,across_learners,1km,RF_1km,XGB_1km,ok,ssim_raw_21,TH57,0.6465907692909241,,,,
0,across_learners,1km,RF_1km,XGB_1km,ok,ssim_raw_21,TH58,0.5946007966995239,,,,
0,across_learners,1km,RF_1km,XGB_1km,ok,ssim_rank_21,TH50,0.5460205674171448,,,,
0,across_learners,1km,RF_1km,XGB_1km,ok,ssim_rank_21,TH51,0.6704955101013184,,,,
0,across_learners,1km,RF_1km,XGB_1km,ok,ssim_rank_21,TH52,0.6084830164909363,,,,
0,across_learners,1km,RF_1km,XGB_1km,ok,ssim_rank_21,TH53,0.5971943140029907,,,,
0,across_learners,1km,RF_1km,XGB_1km,ok,ssim_rank_21,TH54,0.5306439399719238,,,,
0,across_learners,1km,RF_1km,XGB_1km,ok,ssim_rank_21,TH55,0.5057349801063538,,,,
0,across_learners,1km,RF_1km,XGB_1km,ok,ssim_rank_21,TH56,0.4799395799636841,,,,
0,across_learners,1km,RF_1km,XGB_1km,ok,ssim_rank_21,TH57,0.4343356490135193,,,,
0,across_learners,1km,RF_1km,XGB_1km,ok,ssim_rank_21,TH58,0.44288167357444763,,,,
0,across_learners,1km,RF_1km,XGB_1km,ok,jaccard_top10,TH50,0.3655428294886272,8284.0,8646.0,4532.0,12398.0
0,across_learners,1km,RF_1km,XGB_1km,ok,jaccard_top10,TH51,0.42511752854264606,1745.0,2499.0,1266.0,2978.0
0,across_learners,1km,RF_1km,XGB_1km,ok,jaccard_top10,TH52,0.5562920660819907,7748.0,7513.0,5455.0,9806.0
0,across_learners,1km,RF_1km,XGB_1km,ok,jaccard_top10,TH53,0.3919262555626192,2017.0,2362.0,1233.0,3146.0
0,across_learners,1km,RF_1km,XGB_1km,ok,jaccard_top10,TH54,0.4659373446046743,1755.0,1193.0,937.0,2011.0
0,across_learners,1km,RF_1km,XGB_1km,ok,jaccard_top10,TH55,0.30670703306939917,2514.0,3097.0,1317.0,4294.0
0,across_learners,1km,RF_1km,XGB_1km,ok,jaccard_top10,TH56,0.5076530612244898,2313.0,2415.0,1592.0,3136.0
0,across_learners,1km,RF_1km,XGB_1km,ok,jaccard_top10,TH57,0.4695464362850972,9517.0,7493.0,5435.0,11575.0
0,across_learners,1km,RF_1km,XGB_1km,ok,jaccard_top10,TH58,0.26636407071189677,2313.0,2988.0,1115.0,4186.0
0,across_learners,1km,RF_1km,LR_1km,ok,ssim_raw_7,TH50,0.1121954470872879,,,,
0,across_learners,1km,RF_1km,LR_1km,ok,ssim_raw_7,TH51,0.23889461159706116,,,,
0,across_learners,1km,RF_1km,LR_1km,ok,ssim_raw_7,TH52,0.3044753670692444,,,,
0,across_learners,1km,RF_1km,LR_1km,ok,ssim_raw_7,TH53,0.19696807861328125,,,,
0,across_learners,1km,RF_1km,LR_1km,ok,ssim_raw_7,TH54,0.2758494019508362,,,,
0,across_learners,1km,RF_1km,LR_1km,ok,ssim_raw_7,TH55,0.11335902661085129,,,,
0,across_learners,1km,RF_1km,LR_1km,ok,ssim_raw_7,TH56,0.4026724696159363,,,,
0,across_learners,1km,RF_1km,LR_1km,ok,ssim_raw_7,TH57,0.46424177289009094,,,,
0,across_learners,1km,RF_1km,LR_1km,ok,ssim_raw_7,TH58,-0.00013988152204547077,,,,
0,across_learners,1km,RF_1km,LR_1km,ok,ssim_rank_7,TH50,-0.08832614868879318,,,,
0,across_learners,1km,RF_1km,LR_1km,ok,ssim_rank_7,TH51,-0.019632725045084953,,,,
0,across_learners,1km,RF_1km,LR_1km,ok,ssim_rank_7,TH52,0.1659533679485321,,,,
0,across_learners,1km,RF_1km,LR_1km,ok,ssim_rank_7,TH53,-0.03262481838464737,,,,
0,across_learners,1km,RF_1km,LR_1km,ok,ssim_rank_7,TH54,0.08242806792259216,,,,
0,across_learners,1km,RF_1km,LR_1km,ok,ssim_rank_7,TH55,-0.04313616082072258,,,,
0,across_learners,1km,RF_1km,LR_1km,ok,ssim_rank_7,TH56,0.21190305054187775,,,,
0,across_learners,1km,RF_1km,LR_1km,ok,ssim_rank_7,TH57,0.25144830346107483,,,,
0,across_learners,1km,RF_1km,LR_1km,ok,ssim_rank_7,TH58,-0.1962369829416275,,,,
0,across_learners,1km,RF_1km,LR_1km,ok,ssim_raw_21,TH50,0.1317407637834549,,,,
0,across_learners,1km,RF_1km,LR_1km,ok,ssim_raw_21,TH51,0.32161515951156616,,,,
0,across_learners,1km,RF_1km,LR_1km,ok,ssim_raw_21,TH52,0.34089019894599915,,,,
0,across_learners,1km,RF_1km,LR_1km,ok,ssim_raw_21,TH53,0.2636844217777252,,,,
0,across_learners,1km,RF_1km,LR_1km,ok,ssim_raw_21,TH54,0.31658437848091125,,,,
0,across_learners,1km,RF_1km,LR_1km,ok,ssim_raw_21,TH55,0.13529685139656067,,,,
0,across_learners,1km,RF_1km,LR_1km,ok,ssim_raw_21,TH56,0.41784873604774475,,,,
0,across_learners,1km,RF_1km,LR_1km,ok,ssim_raw_21,TH57,0.47166597843170166,,,,
0,across_learners,1km,RF_1km,LR_1km,ok,ssim_raw_21,TH58,-0.01175550278276205,,,,
0,across_learners,1km,RF_1km,LR_1km,ok,ssim_rank_21,TH50,-0.10794347524642944,,,,
0,across_learners,1km,RF_1km,LR_1km,ok,ssim_rank_21,TH51,0.023981979116797447,,,,
0,across_learners,1km,RF_1km,LR_1km,ok,ssim_rank_21,TH52,0.18440036475658417,,,,
0,across_learners,1km,RF_1km,LR_1km,ok,ssim_rank_21,TH53,-0.02198384888470173,,,,
0,across_learners,1km,RF_1km,LR_1km,ok,ssim_rank_21,TH54,0.10504733771085739,,,,
0,across_learners,1km,RF_1km,LR_1km,ok,ssim_rank_21,TH55,-0.06610006093978882,,,,
0,across_learners,1km,RF_1km,LR_1km,ok,ssim_rank_21,TH56,0.16380155086517334,,,,
0,across_learners,1km,RF_1km,LR_1km,ok,ssim_rank_21,TH57,0.18231049180030823,,,,
0,across_learners,1km,RF_1km,LR_1km,ok,ssim_rank_21,TH58,-0.21402646601200104,,,,
0,across_learners,1km,RF_1km,LR_1km,ok,jaccard_top10,TH50,0.21644187540141296,8284.0,8762.0,3033.0,14013.0
0,across_learners,1km,RF_1km,LR_1km,ok,jaccard_top10,TH51,0.3054866280672732,1745.0,2990.0,1108.0,3627.0
0,across_learners,1km,RF_1km,LR_1km,ok,jaccard_top10,TH52,0.40998244676791573,7748.0,10727.0,5372.0,13103.0
0,across_learners,1km,RF_1km,LR_1km,ok,jaccard_top10,TH53,0.21864707372688116,2017.0,2793.0,863.0,3947.0
0,across_learners,1km,RF_1km,LR_1km,ok,jaccard_top10,TH54,0.3772294887039239,1755.0,2878.0,1269.0,3364.0
0,across_learners,1km,RF_1km,LR_1km,ok,jaccard_top10,TH55,0.2395011453296004,2514.0,2356.0,941.0,3929.0
0,across_learners,1km,RF_1km,LR_1km,ok,jaccard_top10,TH56,0.5008337965536409,2313.0,3087.0,1802.0,3598.0
0,across_learners,1km,RF_1km,LR_1km,ok,jaccard_top10,TH57,0.24430662871085806,9517.0,2722.0,2403.0,9836.0
0,across_learners,1km,RF_1km,LR_1km,ok,jaccard_top10,TH58,0.09166450272656453,2313.0,1891.0,353.0,3851.0
0,across_learners,1km,XGB_1km,LR_1km,ok,ssim_raw_7,TH50,0.05178551375865936,,,,
0,across_learners,1km,XGB_1km,LR_1km,ok,ssim_raw_7,TH51,0.18804064393043518,,,,
0,across_learners,1km,XGB_1km,LR_1km,ok,ssim_raw_7,TH52,0.26431503891944885,,,,
0,across_learners,1km,XGB_1km,LR_1km,ok,ssim_raw_7,TH53,0.15813949704170227,,,,
0,across_learners,1km,XGB_1km,LR_1km,ok,ssim_raw_7,TH54,0.1975639909505844,,,,
0,across_learners,1km,XGB_1km,LR_1km,ok,ssim_raw_7,TH55,0.07102714478969574,,,,
0,across_learners,1km,XGB_1km,LR_1km,ok,ssim_raw_7,TH56,0.30202174186706543,,,,
0,across_learners,1km,XGB_1km,LR_1km,ok,ssim_raw_7,TH57,0.359210342168808,,,,
0,across_learners,1km,XGB_1km,LR_1km,ok,ssim_raw_7,TH58,-0.045312486588954926,,,,
0,across_learners,1km,XGB_1km,LR_1km,ok,ssim_rank_7,TH50,-0.07977195084095001,,,,
0,across_learners,1km,XGB_1km,LR_1km,ok,ssim_rank_7,TH51,0.025074221193790436,,,,
0,across_learners,1km,XGB_1km,LR_1km,ok,ssim_rank_7,TH52,0.17092663049697876,,,,
0,across_learners,1km,XGB_1km,LR_1km,ok,ssim_rank_7,TH53,-0.005762422922998667,,,,
0,across_learners,1km,XGB_1km,LR_1km,ok,ssim_rank_7,TH54,0.09294038265943527,,,,
0,across_learners,1km,XGB_1km,LR_1km,ok,ssim_rank_7,TH55,-0.10261975228786469,,,,
0,across_learners,1km,XGB_1km,LR_1km,ok,ssim_rank_7,TH56,0.14748764038085938,,,,
0,across_learners,1km,XGB_1km,LR_1km,ok,ssim_rank_7,TH57,0.15319721400737762,,,,
0,across_learners,1km,XGB_1km,LR_1km,ok,ssim_rank_7,TH58,-0.17158298194408417,,,,
0,across_learners,1km,XGB_1km,LR_1km,ok,ssim_raw_21,TH50,0.07502679526805878,,,,
0,across_learners,1km,XGB_1km,LR_1km,ok,ssim_raw_21,TH51,0.25344574451446533,,,,
0,across_learners,1km,XGB_1km,LR_1km,ok,ssim_raw_21,TH52,0.3021126687526703,,,,
0,across_learners,1km,XGB_1km,LR_1km,ok,ssim_raw_21,TH53,0.20463772118091583,,,,
0,across_learners,1km,XGB_1km,LR_1km,ok,ssim_raw_21,TH54,0.21838387846946716,,,,
0,across_learners,1km,XGB_1km,LR_1km,ok,ssim_raw_21,TH55,0.0946357473731041,,,,
0,across_learners,1km,XGB_1km,LR_1km,ok,ssim_raw_21,TH56,0.340877503156662,,,,
0,across_learners,1km,XGB_1km,LR_1km,ok,ssim_raw_21,TH57,0.40174904465675354,,,,
0,across_learners,1km,XGB_1km,LR_1km,ok,ssim_raw_21,TH58,-0.051575642079114914,,,,
0,across_learners,1km,XGB_1km,LR_1km,ok,ssim_rank_21,TH50,-0.06890729814767838,,,,
0,across_learners,1km,XGB_1km,LR_1km,ok,ssim_rank_21,TH51,0.0677197128534317,,,,
0,across_learners,1km,XGB_1km,LR_1km,ok,ssim_rank_21,TH52,0.21687057614326477,,,,
0,across_learners,1km,XGB_1km,LR_1km,ok,ssim_rank_21,TH53,0.005295189097523689,,,,
0,across_learners,1km,XGB_1km,LR_1km,ok,ssim_rank_21,TH54,0.12272151559591293,,,,
0,across_learners,1km,XGB_1km,LR_1km,ok,ssim_rank_21,TH55,-0.10380077362060547,,,,
0,across_learners,1km,XGB_1km,LR_1km,ok,ssim_rank_21,TH56,0.16824974119663239,,,,
0,across_learners,1km,XGB_1km,LR_1km,ok,ssim_rank_21,TH57,0.13406364619731903,,,,
0,across_learners,1km,XGB_1km,LR_1km,ok,ssim_rank_21,TH58,-0.16773438453674316,,,,
0,across_learners,1km,XGB_1km,LR_1km,ok,jaccard_top10,TH50,0.17170357407282763,8646.0,8762.0,2551.0,14857.0
0,across_learners,1km,XGB_1km,LR_1km,ok,jaccard_top10,TH51,0.2753252788104089,2499.0,2990.0,1185.0,4304.0
0,across_learners,1km,XGB_1km,LR_1km,ok,jaccard_top10,TH52,0.3847555420589128,7513.0,10727.0,5068.0,13172.0
0,across_learners,1km,XGB_1km,LR_1km,ok,jaccard_top10,TH53,0.1636568848758465,2362.0,2793.0,725.0,4430.0
0,across_learners,1km,XGB_1km,LR_1km,ok,jaccard_top10,TH54,0.284632376143894,1193.0,2878.0,902.0,3169.0
0,across_learners,1km,XGB_1km,LR_1km,ok,jaccard_top10,TH55,0.17117697594501718,3097.0,2356.0,797.0,4656.0
0,across_learners,1km,XGB_1km,LR_1km,ok,jaccard_top10,TH56,0.40752110514198003,2415.0,3087.0,1593.0,3909.0
0,across_learners,1km,XGB_1km,LR_1km,ok,jaccard_top10,TH57,0.23983493142371648,7493.0,2722.0,1976.0,8239.0
0,across_learners,1km,XGB_1km,LR_1km,ok,jaccard_top10,TH58,0.08109904719698649,2988.0,1891.0,366.0,4513.0
0,across_learners,5km,RF_5km,XGB_5km,ok,ssim_raw_7,TH50,0.5840221047401428,,,,
0,across_learners,5km,RF_5km,XGB_5km,ok,ssim_raw_7,TH51,0.668315052986145,,,,
0,across_learners,5km,RF_5km,XGB_5km,ok,ssim_raw_7,TH52,0.5957675576210022,,,,
0,across_learners,5km,RF_5km,XGB_5km,ok,ssim_raw_7,TH53,0.6746659874916077,,,,
0,across_learners,5km,RF_5km,XGB_5km,ok,ssim_raw_7,TH54,0.5547701716423035,,,,
0,across_learners,5km,RF_5km,XGB_5km,ok,ssim_raw_7,TH55,0.5229027271270752,,,,
0,across_learners,5km,RF_5km,XGB_5km,ok,ssim_raw_7,TH56,0.6361938714981079,,,,
0,across_learners,5km,RF_5km,XGB_5km,ok,ssim_raw_7,TH57,0.7165899276733398,,,,
0,across_learners,5km,RF_5km,XGB_5km,ok,ssim_raw_7,TH58,0.5359928607940674,,,,
0,across_learners,5km,RF_5km,XGB_5km,ok,ssim_rank_7,TH50,0.618421733379364,,,,
0,across_learners,5km,RF_5km,XGB_5km,ok,ssim_rank_7,TH51,0.6973916888237,,,,
0,across_learners,5km,RF_5km,XGB_5km,ok,ssim_rank_7,TH52,0.640646755695343,,,,
0,across_learners,5km,RF_5km,XGB_5km,ok,ssim_rank_7,TH53,0.6111336946487427,,,,
0,across_learners,5km,RF_5km,XGB_5km,ok,ssim_rank_7,TH54,0.6358180046081543,,,,
0,across_learners,5km,RF_5km,XGB_5km,ok,ssim_rank_7,TH55,0.5420535206794739,,,,
0,across_learners,5km,RF_5km,XGB_5km,ok,ssim_rank_7,TH56,0.653054416179657,,,,
0,across_learners,5km,RF_5km,XGB_5km,ok,ssim_rank_7,TH57,0.675561249256134,,,,
0,across_learners,5km,RF_5km,XGB_5km,ok,ssim_rank_7,TH58,0.5624232292175293,,,,
0,across_learners,5km,RF_5km,XGB_5km,ok,ssim_raw_21,TH50,0.5796054005622864,,,,
0,across_learners,5km,RF_5km,XGB_5km,ok,ssim_raw_21,TH51,0.6741282343864441,,,,
0,across_learners,5km,RF_5km,XGB_5km,ok,ssim_raw_21,TH52,0.597824215888977,,,,
0,across_learners,5km,RF_5km,XGB_5km,ok,ssim_raw_21,TH53,0.68308025598526,,,,
0,across_learners,5km,RF_5km,XGB_5km,ok,ssim_raw_21,TH54,0.5155501961708069,,,,
0,across_learners,5km,RF_5km,XGB_5km,ok,ssim_raw_21,TH55,0.5155813097953796,,,,
0,across_learners,5km,RF_5km,XGB_5km,ok,ssim_raw_21,TH56,0.5997710227966309,,,,
0,across_learners,5km,RF_5km,XGB_5km,ok,ssim_raw_21,TH57,0.7534406781196594,,,,
0,across_learners,5km,RF_5km,XGB_5km,ok,ssim_raw_21,TH58,0.5014325976371765,,,,
0,across_learners,5km,RF_5km,XGB_5km,ok,ssim_rank_21,TH50,0.7082302570343018,,,,
0,across_learners,5km,RF_5km,XGB_5km,ok,ssim_rank_21,TH51,0.8001460433006287,,,,
0,across_learners,5km,RF_5km,XGB_5km,ok,ssim_rank_21,TH52,0.7306560277938843,,,,
0,across_learners,5km,RF_5km,XGB_5km,ok,ssim_rank_21,TH53,0.7548984885215759,,,,
0,across_learners,5km,RF_5km,XGB_5km,ok,ssim_rank_21,TH54,0.7444764375686646,,,,
0,across_learners,5km,RF_5km,XGB_5km,ok,ssim_rank_21,TH55,0.664074182510376,,,,
0,across_learners,5km,RF_5km,XGB_5km,ok,ssim_rank_21,TH56,0.7656964063644409,,,,
0,across_learners,5km,RF_5km,XGB_5km,ok,ssim_rank_21,TH57,0.803753137588501,,,,
0,across_learners,5km,RF_5km,XGB_5km,ok,ssim_rank_21,TH58,0.6757230758666992,,,,
0,across_learners,5km,RF_5km,XGB_5km,ok,jaccard_top10,TH50,0.6153133969076937,8619.0,8828.0,6646.0,10801.0
0,across_learners,5km,RF_5km,XGB_5km,ok,jaccard_top10,TH51,0.6558018252933507,3144.0,3206.0,2515.0,3835.0
0,across_learners,5km,RF_5km,XGB_5km,ok,jaccard_top10,TH52,0.6358431860609832,6637.0,6507.0,5109.0,8035.0
0,across_learners,5km,RF_5km,XGB_5km,ok,jaccard_top10,TH53,0.484815851819944,3530.0,3364.0,2251.0,4643.0
0,across_learners,5km,RF_5km,XGB_5km,ok,jaccard_top10,TH54,0.5340333091962346,2411.0,1826.0,1475.0,2762.0
0,across_learners,5km,RF_5km,XGB_5km,ok,jaccard_top10,TH55,0.5083561227590399,2440.0,2524.0,1673.0,3291.0
0,across_learners,5km,RF_5km,XGB_5km,ok,jaccard_top10,TH56,0.5380116959064327,2564.0,2170.0,1656.0,3078.0
0,across_learners,5km,RF_5km,XGB_5km,ok,jaccard_top10,TH57,0.586557849255881,7678.0,8846.0,6109.0,10415.0
0,across_learners,5km,RF_5km,XGB_5km,ok,jaccard_top10,TH58,0.44081632653061226,1183.0,935.0,648.0,1470.0
0,across_learners,5km,RF_5km,LR_5km,ok,ssim_raw_7,TH50,0.34844744205474854,,,,
0,across_learners,5km,RF_5km,LR_5km,ok,ssim_raw_7,TH51,0.4908352196216583,,,,
0,across_learners,5km,RF_5km,LR_5km,ok,ssim_raw_7,TH52,0.4174394905567169,,,,
0,across_learners,5km,RF_5km,LR_5km,ok,ssim_raw_7,TH53,0.5081281661987305,,,,
0,across_learners,5km,RF_5km,LR_5km,ok,ssim_raw_7,TH54,0.4808264672756195,,,,
0,across_learners,5km,RF_5km,LR_5km,ok,ssim_raw_7,TH55,0.3596061170101166,,,,
0,across_learners,5km,RF_5km,LR_5km,ok,ssim_raw_7,TH56,0.48737162351608276,,,,
0,across_learners,5km,RF_5km,LR_5km,ok,ssim_raw_7,TH57,0.5167834758758545,,,,
0,across_learners,5km,RF_5km,LR_5km,ok,ssim_raw_7,TH58,0.19764387607574463,,,,
0,across_learners,5km,RF_5km,LR_5km,ok,ssim_rank_7,TH50,0.13375608623027802,,,,
0,across_learners,5km,RF_5km,LR_5km,ok,ssim_rank_7,TH51,0.3353079557418823,,,,
0,across_learners,5km,RF_5km,LR_5km,ok,ssim_rank_7,TH52,0.2517167031764984,,,,
0,across_learners,5km,RF_5km,LR_5km,ok,ssim_rank_7,TH53,0.2564048767089844,,,,
0,across_learners,5km,RF_5km,LR_5km,ok,ssim_rank_7,TH54,0.19030804932117462,,,,
0,across_learners,5km,RF_5km,LR_5km,ok,ssim_rank_7,TH55,0.08364387601613998,,,,
0,across_learners,5km,RF_5km,LR_5km,ok,ssim_rank_7,TH56,0.24280525743961334,,,,
0,across_learners,5km,RF_5km,LR_5km,ok,ssim_rank_7,TH57,0.30891385674476624,,,,
0,across_learners,5km,RF_5km,LR_5km,ok,ssim_rank_7,TH58,-0.04891360178589821,,,,
0,across_learners,5km,RF_5km,LR_5km,ok,ssim_raw_21,TH50,0.3918984830379486,,,,
0,across_learners,5km,RF_5km,LR_5km,ok,ssim_raw_21,TH51,0.5963770151138306,,,,
0,across_learners,5km,RF_5km,LR_5km,ok,ssim_raw_21,TH52,0.479418009519577,,,,
0,across_learners,5km,RF_5km,LR_5km,ok,ssim_raw_21,TH53,0.6156082153320312,,,,
0,across_learners,5km,RF_5km,LR_5km,ok,ssim_raw_21,TH54,0.5331377387046814,,,,
0,across_learners,5km,RF_5km,LR_5km,ok,ssim_raw_21,TH55,0.43069684505462646,,,,
0,across_learners,5km,RF_5km,LR_5km,ok,ssim_raw_21,TH56,0.5517950654029846,,,,
0,across_learners,5km,RF_5km,LR_5km,ok,ssim_raw_21,TH57,0.5970163345336914,,,,
0,across_learners,5km,RF_5km,LR_5km,ok,ssim_raw_21,TH58,0.23252075910568237,,,,
0,across_learners,5km,RF_5km,LR_5km,ok,ssim_rank_21,TH50,0.1803966611623764,,,,
0,across_learners,5km,RF_5km,LR_5km,ok,ssim_rank_21,TH51,0.4967532753944397,,,,
0,across_learners,5km,RF_5km,LR_5km,ok,ssim_rank_21,TH52,0.32241711020469666,,,,
0,across_learners,5km,RF_5km,LR_5km,ok,ssim_rank_21,TH53,0.4256535470485687,,,,
0,across_learners,5km,RF_5km,LR_5km,ok,ssim_rank_21,TH54,0.2872505486011505,,,,
0,across_learners,5km,RF_5km,LR_5km,ok,ssim_rank_21,TH55,0.18374504148960114,,,,
0,across_learners,5km,RF_5km,LR_5km,ok,ssim_rank_21,TH56,0.32439175248146057,,,,
0,across_learners,5km,RF_5km,LR_5km,ok,ssim_rank_21,TH57,0.4023226201534271,,,,
0,across_learners,5km,RF_5km,LR_5km,ok,ssim_rank_21,TH58,-0.010373516008257866,,,,
0,across_learners,5km,RF_5km,LR_5km,ok,jaccard_top10,TH50,0.5539676903958815,8619.0,8888.0,6241.0,11266.0
0,across_learners,5km,RF_5km,LR_5km,ok,jaccard_top10,TH51,0.5524491165287407,3144.0,3797.0,2470.0,4471.0
0,across_learners,5km,RF_5km,LR_5km,ok,jaccard_top10,TH52,0.44020926756352763,6637.0,6852.0,4123.0,9366.0
0,across_learners,5km,RF_5km,LR_5km,ok,jaccard_top10,TH53,0.43449048152295633,3530.0,2875.0,1940.0,4465.0
0,across_learners,5km,RF_5km,LR_5km,ok,jaccard_top10,TH54,0.4557264957264957,2411.0,1847.0,1333.0,2925.0
0,across_learners,5km,RF_5km,LR_5km,ok,jaccard_top10,TH55,0.4797722505244231,2440.0,2498.0,1601.0,3337.0
0,across_learners,5km,RF_5km,LR_5km,ok,jaccard_top10,TH56,0.3976945244956772,2564.0,3256.0,1656.0,4164.0
0,across_learners,5km,RF_5km,LR_5km,ok,jaccard_top10,TH57,0.5234334407149538,7678.0,6982.0,5037.0,9623.0
0,across_learners,5km,RF_5km,LR_5km,ok,jaccard_top10,TH58,0.2410575427682737,1183.0,1211.0,465.0,1929.0
0,across_learners,5km,XGB_5km,LR_5km,ok,ssim_raw_7,TH50,0.43884003162384033,,,,
0,across_learners,5km,XGB_5km,LR_5km,ok,ssim_raw_7,TH51,0.46785855293273926,,,,
0,across_learners,5km,XGB_5km,LR_5km,ok,ssim_raw_7,TH52,0.5134932398796082,,,,
0,across_learners,5km,XGB_5km,LR_5km,ok,ssim_raw_7,TH53,0.5239148736000061,,,,
0,across_learners,5km,XGB_5km,LR_5km,ok,ssim_raw_7,TH54,0.5634987354278564,,,,
0,across_learners,5km,XGB_5km,LR_5km,ok,ssim_raw_7,TH55,0.5769761204719543,,,,
0,across_learners,5km,XGB_5km,LR_5km,ok,ssim_raw_7,TH56,0.5327480435371399,,,,
0,across_learners,5km,XGB_5km,LR_5km,ok,ssim_raw_7,TH57,0.5824422836303711,,,,
0,across_learners,5km,XGB_5km,LR_5km,ok,ssim_raw_7,TH58,0.36651304364204407,,,,
0,across_learners,5km,XGB_5km,LR_5km,ok,ssim_rank_7,TH50,0.19438354671001434,,,,
0,across_learners,5km,XGB_5km,LR_5km,ok,ssim_rank_7,TH51,0.3922649919986725,,,,
0,across_learners,5km,XGB_5km,LR_5km,ok,ssim_rank_7,TH52,0.33529502153396606,,,,
0,across_learners,5km,XGB_5km,LR_5km,ok,ssim_rank_7,TH53,0.3075542747974396,,,,
0,across_learners,5km,XGB_5km,LR_5km,ok,ssim_rank_7,TH54,0.28771674633026123,,,,
0,across_learners,5km,XGB_5km,LR_5km,ok,ssim_rank_7,TH55,0.18913954496383667,,,,
0,across_learners,5km,XGB_5km,LR_5km,ok,ssim_rank_7,TH56,0.3911178410053253,,,,
0,across_learners,5km,XGB_5km,LR_5km,ok,ssim_rank_7,TH57,0.4144839644432068,,,,
0,across_learners,5km,XGB_5km,LR_5km,ok,ssim_rank_7,TH58,0.016901489347219467,,,,
0,across_learners,5km,XGB_5km,LR_5km,ok,ssim_raw_21,TH50,0.41699326038360596,,,,
0,across_learners,5km,XGB_5km,LR_5km,ok,ssim_raw_21,TH51,0.46713489294052124,,,,
0,across_learners,5km,XGB_5km,LR_5km,ok,ssim_raw_21,TH52,0.5087383389472961,,,,
0,across_learners,5km,XGB_5km,LR_5km,ok,ssim_raw_21,TH53,0.5986737608909607,,,,
0,across_learners,5km,XGB_5km,LR_5km,ok,ssim_raw_21,TH54,0.5742784738540649,,,,
0,across_learners,5km,XGB_5km,LR_5km,ok,ssim_raw_21,TH55,0.5699278712272644,,,,
0,across_learners,5km,XGB_5km,LR_5km,ok,ssim_raw_21,TH56,0.5398262143135071,,,,
0,across_learners,5km,XGB_5km,LR_5km,ok,ssim_raw_21,TH57,0.637985348701477,,,,
0,across_learners,5km,XGB_5km,LR_5km,ok,ssim_raw_21,TH58,0.3339531123638153,,,,
0,across_learners,5km,XGB_5km,LR_5km,ok,ssim_rank_21,TH50,0.2629104256629944,,,,
0,across_learners,5km,XGB_5km,LR_5km,ok,ssim_rank_21,TH51,0.5574267506599426,,,,
0,across_learners,5km,XGB_5km,LR_5km,ok,ssim_rank_21,TH52,0.45812875032424927,,,,
0,across_learners,5km,XGB_5km,LR_5km,ok,ssim_rank_21,TH53,0.4504638910293579,,,,
0,across_learners,5km,XGB_5km,LR_5km,ok,ssim_rank_21,TH54,0.41463997960090637,,,,
0,across_learners,5km,XGB_5km,LR_5km,ok,ssim_rank_21,TH55,0.3210453689098358,,,,
0,across_learners,5km,XGB_5km,LR_5km,ok,ssim_rank_21,TH56,0.5186736583709717,,,,
0,across_learners,5km,XGB_5km,LR_5km,ok,ssim_rank_21,TH57,0.5135189294815063,,,,
0,across_learners,5km,XGB_5km,LR_5km,ok,ssim_rank_21,TH58,0.06643673777580261,,,,
0,across_learners,5km,XGB_5km,LR_5km,ok,jaccard_top10,TH50,0.5060783813652979,8828.0,8888.0,5953.0,11763.0
0,across_learners,5km,XGB_5km,LR_5km,ok,jaccard_top10,TH51,0.5988584474885845,3206.0,3797.0,2623.0,4380.0
0,across_learners,5km,XGB_5km,LR_5km,ok,jaccard_top10,TH52,0.4409448818897638,6507.0,6852.0,4088.0,9271.0
0,across_learners,5km,XGB_5km,LR_5km,ok,jaccard_top10,TH53,0.3356882894455149,3364.0,2875.0,1568.0,4671.0
0,across_learners,5km,XGB_5km,LR_5km,ok,jaccard_top10,TH54,0.4236434108527132,1826.0,1847.0,1093.0,2580.0
0,across_learners,5km,XGB_5km,LR_5km,ok,jaccard_top10,TH55,0.44935064935064933,2524.0,2498.0,1557.0,3465.0
0,across_learners,5km,XGB_5km,LR_5km,ok,jaccard_top10,TH56,0.41302083333333334,2170.0,3256.0,1586.0,3840.0
0,across_learners,5km,XGB_5km,LR_5km,ok,jaccard_top10,TH57,0.5298666151169534,8846.0,6982.0,5482.0,10346.0
0,across_learners,5km,XGB_5km,LR_5km,ok,jaccard_top10,TH58,0.24477958236658934,935.0,1211.0,422.0,1724.0
0,across_learners,10km,RF_10km,XGB_10km,ok,ssim_raw_7,TH50,0.5899417996406555,,,,
0,across_learners,10km,RF_10km,XGB_10km,ok,ssim_raw_7,TH51,0.6712214946746826,,,,
0,across_learners,10km,RF_10km,XGB_10km,ok,ssim_raw_7,TH52,0.6192421317100525,,,,
0,across_learners,10km,RF_10km,XGB_10km,ok,ssim_raw_7,TH53,0.6274039149284363,,,,
0,across_learners,10km,RF_10km,XGB_10km,ok,ssim_raw_7,TH54,0.5766499042510986,,,,
0,across_learners,10km,RF_10km,XGB_10km,ok,ssim_raw_7,TH55,0.6076583862304688,,,,
0,across_learners,10km,RF_10km,XGB_10km,ok,ssim_raw_7,TH56,0.6367582082748413,,,,
0,across_learners,10km,RF_10km,XGB_10km,ok,ssim_raw_7,TH57,0.6640418767929077,,,,
0,across_learners,10km,RF_10km,XGB_10km,ok,ssim_raw_7,TH58,0.5258435010910034,,,,
0,across_learners,10km,RF_10km,XGB_10km,ok,ssim_rank_7,TH50,0.5754591822624207,,,,
0,across_learners,10km,RF_10km,XGB_10km,ok,ssim_rank_7,TH51,0.6762924194335938,,,,
0,across_learners,10km,RF_10km,XGB_10km,ok,ssim_rank_7,TH52,0.6221302151679993,,,,
0,across_learners,10km,RF_10km,XGB_10km,ok,ssim_rank_7,TH53,0.6112774014472961,,,,
0,across_learners,10km,RF_10km,XGB_10km,ok,ssim_rank_7,TH54,0.6357687711715698,,,,
0,across_learners,10km,RF_10km,XGB_10km,ok,ssim_rank_7,TH55,0.5165614485740662,,,,
0,across_learners,10km,RF_10km,XGB_10km,ok,ssim_rank_7,TH56,0.6650403738021851,,,,
0,across_learners,10km,RF_10km,XGB_10km,ok,ssim_rank_7,TH57,0.6610669493675232,,,,
0,across_learners,10km,RF_10km,XGB_10km,ok,ssim_rank_7,TH58,0.5194400548934937,,,,
0,across_learners,10km,RF_10km,XGB_10km,ok,ssim_raw_21,TH50,0.5537120699882507,,,,
0,across_learners,10km,RF_10km,XGB_10km,ok,ssim_raw_21,TH51,0.6661301255226135,,,,
0,across_learners,10km,RF_10km,XGB_10km,ok,ssim_raw_21,TH52,0.6027174592018127,,,,
0,across_learners,10km,RF_10km,XGB_10km,ok,ssim_raw_21,TH53,0.6230065226554871,,,,
0,across_learners,10km,RF_10km,XGB_10km,ok,ssim_raw_21,TH54,0.5049090385437012,,,,
0,across_learners,10km,RF_10km,XGB_10km,ok,ssim_raw_21,TH55,0.570864200592041,,,,
0,across_learners,10km,RF_10km,XGB_10km,ok,ssim_raw_21,TH56,0.5990657806396484,,,,
0,across_learners,10km,RF_10km,XGB_10km,ok,ssim_raw_21,TH57,0.7180687785148621,,,,
0,across_learners,10km,RF_10km,XGB_10km,ok,ssim_raw_21,TH58,0.46758580207824707,,,,
0,across_learners,10km,RF_10km,XGB_10km,ok,ssim_rank_21,TH50,0.669704258441925,,,,
0,across_learners,10km,RF_10km,XGB_10km,ok,ssim_rank_21,TH51,0.7919629812240601,,,,
0,across_learners,10km,RF_10km,XGB_10km,ok,ssim_rank_21,TH52,0.7278821468353271,,,,
0,across_learners,10km,RF_10km,XGB_10km,ok,ssim_rank_21,TH53,0.7648451924324036,,,,
0,across_learners,10km,RF_10km,XGB_10km,ok,ssim_rank_21,TH54,0.7547500133514404,,,,
0,across_learners,10km,RF_10km,XGB_10km,ok,ssim_rank_21,TH55,0.643527090549469,,,,
0,across_learners,10km,RF_10km,XGB_10km,ok,ssim_rank_21,TH56,0.7902876734733582,,,,
0,across_learners,10km,RF_10km,XGB_10km,ok,ssim_rank_21,TH57,0.785538911819458,,,,
0,across_learners,10km,RF_10km,XGB_10km,ok,ssim_rank_21,TH58,0.6376450657844543,,,,
0,across_learners,10km,RF_10km,XGB_10km,ok,jaccard_top10,TH50,0.6630371940643669,8433.0,8826.0,6881.0,10378.0
0,across_learners,10km,RF_10km,XGB_10km,ok,jaccard_top10,TH51,0.6529157117392411,3309.0,3182.0,2564.0,3927.0
0,across_learners,10km,RF_10km,XGB_10km,ok,jaccard_top10,TH52,0.6812508388135821,6433.0,6094.0,5076.0,7451.0
0,across_learners,10km,RF_10km,XGB_10km,ok,jaccard_top10,TH53,0.5008928571428571,3559.0,3165.0,2244.0,4480.0
0,across_learners,10km,RF_10km,XGB_10km,ok,jaccard_top10,TH54,0.575168287210172,2390.0,1822.0,1538.0,2674.0
0,across_learners,10km,RF_10km,XGB_10km,ok,jaccard_top10,TH55,0.55936,2375.0,2498.0,1748.0,3125.0
0,across_learners,10km,RF_10km,XGB_10km,ok,jaccard_top10,TH56,0.567601638827608,2694.0,2280.0,1801.0,3173.0
0,across_learners,10km,RF_10km,XGB_10km,ok,jaccard_top10,TH57,0.6048819742489271,8333.0,9616.0,6765.0,11184.0
0,across_learners,10km,RF_10km,XGB_10km,ok,jaccard_top10,TH58,0.4523809523809524,680.0,723.0,437.0,966.0
0,across_learners,10km,RF_10km,LR_10km,ok,ssim_raw_7,TH50,0.5037134885787964,,,,
0,across_learners,10km,RF_10km,LR_10km,ok,ssim_raw_7,TH51,0.5849834680557251,,,,
0,across_learners,10km,RF_10km,LR_10km,ok,ssim_raw_7,TH52,0.5591118335723877,,,,
0,across_learners,10km,RF_10km,LR_10km,ok,ssim_raw_7,TH53,0.6174839735031128,,,,
0,across_learners,10km,RF_10km,LR_10km,ok,ssim_raw_7,TH54,0.610402524471283,,,,
0,across_learners,10km,RF_10km,LR_10km,ok,ssim_raw_7,TH55,0.5178662538528442,,,,
0,across_learners,10km,RF_10km,LR_10km,ok,ssim_raw_7,TH56,0.5955504179000854,,,,
0,across_learners,10km,RF_10km,LR_10km,ok,ssim_raw_7,TH57,0.6016927361488342,,,,
0,across_learners,10km,RF_10km,LR_10km,ok,ssim_raw_7,TH58,0.4143123924732208,,,,
0,across_learners,10km,RF_10km,LR_10km,ok,ssim_rank_7,TH50,0.22794701159000397,,,,
0,across_learners,10km,RF_10km,LR_10km,ok,ssim_rank_7,TH51,0.46771422028541565,,,,
0,across_learners,10km,RF_10km,LR_10km,ok,ssim_rank_7,TH52,0.3652573227882385,,,,
0,across_learners,10km,RF_10km,LR_10km,ok,ssim_rank_7,TH53,0.4080863296985626,,,,
0,across_learners,10km,RF_10km,LR_10km,ok,ssim_rank_7,TH54,0.3206249177455902,,,,
0,across_learners,10km,RF_10km,LR_10km,ok,ssim_rank_7,TH55,0.17903049290180206,,,,
0,across_learners,10km,RF_10km,LR_10km,ok,ssim_rank_7,TH56,0.39445897936820984,,,,
0,across_learners,10km,RF_10km,LR_10km,ok,ssim_rank_7,TH57,0.4390735626220703,,,,
0,across_learners,10km,RF_10km,LR_10km,ok,ssim_rank_7,TH58,0.035294268280267715,,,,
0,across_learners,10km,RF_10km,LR_10km,ok,ssim_raw_21,TH50,0.5267660617828369,,,,
0,across_learners,10km,RF_10km,LR_10km,ok,ssim_raw_21,TH51,0.6626452803611755,,,,
0,across_learners,10km,RF_10km,LR_10km,ok,ssim_raw_21,TH52,0.613218367099762,,,,
0,across_learners,10km,RF_10km,LR_10km,ok,ssim_raw_21,TH53,0.7221247553825378,,,,
0,across_learners,10km,RF_10km,LR_10km,ok,ssim_raw_21,TH54,0.6624721884727478,,,,
0,across_learners,10km,RF_10km,LR_10km,ok,ssim_raw_21,TH55,0.5553795099258423,,,,
0,across_learners,10km,RF_10km,LR_10km,ok,ssim_raw_21,TH56,0.6623106598854065,,,,
0,across_learners,10km,RF_10km,LR_10km,ok,ssim_raw_21,TH57,0.6906662583351135,,,,
0,across_learners,10km,RF_10km,LR_10km,ok,ssim_raw_21,TH58,0.4078815281391144,,,,
0,across_learners,10km,RF_10km,LR_10km,ok,ssim_rank_21,TH50,0.34160634875297546,,,,
0,across_learners,10km,RF_10km,LR_10km,ok,ssim_rank_21,TH51,0.6609625816345215,,,,
0,across_learners,10km,RF_10km,LR_10km,ok,ssim_rank_21,TH52,0.5038592219352722,,,,
0,across_learners,10km,RF_10km,LR_10km,ok,ssim_rank_21,TH53,0.5984952449798584,,,,
0,across_learners,10km,RF_10km,LR_10km,ok,ssim_rank_21,TH54,0.47929683327674866,,,,
0,across_learners,10km,RF_10km,LR_10km,ok,ssim_rank_21,TH55,0.3251499831676483,,,,
0,across_learners,10km,RF_10km,LR_10km,ok,ssim_rank_21,TH56,0.5124813914299011,,,,
0,across_learners,10km,RF_10km,LR_10km,ok,ssim_rank_21,TH57,0.5550261735916138,,,,
0,across_learners,10km,RF_10km,LR_10km,ok,ssim_rank_21,TH58,0.14495207369327545,,,,
0,across_learners,10km,RF_10km,LR_10km,ok,jaccard_top10,TH50,0.6848030018761726,8433.0,8629.0,6935.0,10127.0
0,across_learners,10km,RF_10km,LR_10km,ok,jaccard_top10,TH51,0.6467933491686461,3309.0,3624.0,2723.0,4210.0
0,across_learners,10km,RF_10km,LR_10km,ok,jaccard_top10,TH52,0.5435153583617748,6433.0,6230.0,4459.0,8204.0
0,across_learners,10km,RF_10km,LR_10km,ok,jaccard_top10,TH53,0.5450492726419521,3559.0,3026.0,2323.0,4262.0
0,across_learners,10km,RF_10km,LR_10km,ok,jaccard_top10,TH54,0.5714285714285714,2390.0,1900.0,1560.0,2730.0
0,across_learners,10km,RF_10km,LR_10km,ok,jaccard_top10,TH55,0.5959463877084015,2375.0,2507.0,1823.0,3059.0
0,across_learners,10km,RF_10km,LR_10km,ok,jaccard_top10,TH56,0.5060688630170919,2694.0,3386.0,2043.0,4037.0
0,across_learners,10km,RF_10km,LR_10km,ok,jaccard_top10,TH57,0.6105418719211823,8333.0,8014.0,6197.0,10150.0
0,across_learners,10km,RF_10km,LR_10km,ok,jaccard_top10,TH58,0.346483704974271,680.0,890.0,404.0,1166.0
0,across_learners,10km,XGB_10km,LR_10km,ok,ssim_raw_7,TH50,0.6036919355392456,,,,
0,across_learners,10km,XGB_10km,LR_10km,ok,ssim_raw_7,TH51,0.5090621709823608,,,,
0,across_learners,10km,XGB_10km,LR_10km,ok,ssim_raw_7,TH52,0.5648373961448669,,,,
0,across_learners,10km,XGB_10km,LR_10km,ok,ssim_raw_7,TH53,0.5706474781036377,,,,
0,across_learners,10km,XGB_10km,LR_10km,ok,ssim_raw_7,TH54,0.5854457020759583,,,,
0,across_learners,10km,XGB_10km,LR_10km,ok,ssim_raw_7,TH55,0.6729555130004883,,,,
0,across_learners,10km,XGB_10km,LR_10km,ok,ssim_raw_7,TH56,0.53214430809021,,,,
0,across_learners,10km,XGB_10km,LR_10km,ok,ssim_raw_7,TH57,0.6605806350708008,,,,
0,across_learners,10km,XGB_10km,LR_10km,ok,ssim_raw_7,TH58,0.7039824724197388,,,,
0,across_learners,10km,XGB_10km,LR_10km,ok,ssim_rank_7,TH50,0.2956759035587311,,,,
0,across_learners,10km,XGB_10km,LR_10km,ok,ssim_rank_7,TH51,0.5146875381469727,,,,
0,across_learners,10km,XGB_10km,LR_10km,ok,ssim_rank_7,TH52,0.44594794511795044,,,,
0,across_learners,10km,XGB_10km,LR_10km,ok,ssim_rank_7,TH53,0.4425351619720459,,,,
0,across_learners,10km,XGB_10km,LR_10km,ok,ssim_rank_7,TH54,0.3998897671699524,,,,
0,across_learners,10km,XGB_10km,LR_10km,ok,ssim_rank_7,TH55,0.2830187976360321,,,,
0,across_learners,10km,XGB_10km,LR_10km,ok,ssim_rank_7,TH56,0.5239185094833374,,,,
0,across_learners,10km,XGB_10km,LR_10km,ok,ssim_rank_7,TH57,0.5006720423698425,,,,
0,across_learners,10km,XGB_10km,LR_10km,ok,ssim_rank_7,TH58,0.06826842576265335,,,,
0,across_learners,10km,XGB_10km,LR_10km,ok,ssim_raw_21,TH50,0.574481725692749,,,,
0,across_learners,10km,XGB_10km,LR_10km,ok,ssim_raw_21,TH51,0.5111486315727234,,,,
0,across_learners,10km,XGB_10km,LR_10km,ok,ssim_raw_21,TH52,0.5511155128479004,,,,
0,across_learners,10km,XGB_10km,LR_10km,ok,ssim_raw_21,TH53,0.6099684238433838,,,,
0,across_learners,10km,XGB_10km,LR_10km,ok,ssim_raw_21,TH54,0.5777891874313354,,,,
0,across_learners,10km,XGB_10km,LR_10km,ok,ssim_raw_21,TH55,0.6264453530311584,,,,
0,across_learners,10km,XGB_10km,LR_10km,ok,ssim_raw_21,TH56,0.5298473834991455,,,,
0,across_learners,10km,XGB_10km,LR_10km,ok,ssim_raw_21,TH57,0.7410686016082764,,,,
0,across_learners,10km,XGB_10km,LR_10km,ok,ssim_raw_21,TH58,0.6140275001525879,,,,
0,across_learners,10km,XGB_10km,LR_10km,ok,ssim_rank_21,TH50,0.47225916385650635,,,,
0,across_learners,10km,XGB_10km,LR_10km,ok,ssim_rank_21,TH51,0.7003217339515686,,,,
0,across_learners,10km,XGB_10km,LR_10km,ok,ssim_rank_21,TH52,0.630084753036499,,,,
0,across_learners,10km,XGB_10km,LR_10km,ok,ssim_rank_21,TH53,0.6442471146583557,,,,
0,across_learners,10km,XGB_10km,LR_10km,ok,ssim_rank_21,TH54,0.5944312214851379,,,,
0,across_learners,10km,XGB_10km,LR_10km,ok,ssim_rank_21,TH55,0.47992074489593506,,,,
0,across_learners,10km,XGB_10km,LR_10km,ok,ssim_rank_21,TH56,0.6750926971435547,,,,
0,across_learners,10km,XGB_10km,LR_10km,ok,ssim_rank_21,TH57,0.646097719669342,,,,
0,across_learners,10km,XGB_10km,LR_10km,ok,ssim_rank_21,TH58,0.2542274594306946,,,,
0,across_learners,10km,XGB_10km,LR_10km,ok,jaccard_top10,TH50,0.6018170138570249,8826.0,8629.0,6558.0,10897.0
0,across_learners,10km,XGB_10km,LR_10km,ok,jaccard_top10,TH51,0.645153492869229,3182.0,3624.0,2669.0,4137.0
0,across_learners,10km,XGB_10km,LR_10km,ok,jaccard_top10,TH52,0.5156807280777272,6094.0,6230.0,4193.0,8131.0
0,across_learners,10km,XGB_10km,LR_10km,ok,jaccard_top10,TH53,0.4232183908045977,3165.0,3026.0,1841.0,4350.0
0,across_learners,10km,XGB_10km,LR_10km,ok,jaccard_top10,TH54,0.5173257236037505,1822.0,1900.0,1269.0,2453.0
0,across_learners,10km,XGB_10km,LR_10km,ok,jaccard_top10,TH55,0.5263799939005794,2498.0,2507.0,1726.0,3279.0
0,across_learners,10km,XGB_10km,LR_10km,ok,jaccard_top10,TH56,0.4836344592825347,2280.0,3386.0,1847.0,3819.0
0,across_learners,10km,XGB_10km,LR_10km,ok,jaccard_top10,TH57,0.5905810176831469,9616.0,8014.0,6546.0,11084.0
0,across_learners,10km,XGB_10km,LR_10km,ok,jaccard_top10,TH58,0.328665568369028,723.0,890.0,399.0,1214.0
0,across_learners,20km,RF_20km,XGB_20km,ok,ssim_raw_7,TH50,0.6998983025550842,,,,
0,across_learners,20km,RF_20km,XGB_20km,ok,ssim_raw_7,TH51,0.7593333721160889,,,,
0,across_learners,20km,RF_20km,XGB_20km,ok,ssim_raw_7,TH52,0.7134250402450562,,,,
0,across_learners,20km,RF_20km,XGB_20km,ok,ssim_raw_7,TH53,0.7257817387580872,,,,
0,across_learners,20km,RF_20km,XGB_20km,ok,ssim_raw_7,TH54,0.6665399074554443,,,,
0,across_learners,20km,RF_20km,XGB_20km,ok,ssim_raw_7,TH55,0.7220231890678406,,,,
0,across_learners,20km,RF_20km,XGB_20km,ok,ssim_raw_7,TH56,0.7363041639328003,,,,
0,across_learners,20km,RF_20km,XGB_20km,ok,ssim_raw_7,TH57,0.7256131172180176,,,,
0,across_learners,20km,RF_20km,XGB_20km,ok,ssim_raw_7,TH58,0.7224168181419373,,,,
0,across_learners,20km,RF_20km,XGB_20km,ok,ssim_rank_7,TH50,0.5802751779556274,,,,
0,across_learners,20km,RF_20km,XGB_20km,ok,ssim_rank_7,TH51,0.7198478579521179,,,,
0,across_learners,20km,RF_20km,XGB_20km,ok,ssim_rank_7,TH52,0.6722509860992432,,,,
0,across_learners,20km,RF_20km,XGB_20km,ok,ssim_rank_7,TH53,0.666583240032196,,,,
0,across_learners,20km,RF_20km,XGB_20km,ok,ssim_rank_7,TH54,0.6841673851013184,,,,
0,across_learners,20km,RF_20km,XGB_20km,ok,ssim_rank_7,TH55,0.5417055487632751,,,,
0,across_learners,20km,RF_20km,XGB_20km,ok,ssim_rank_7,TH56,0.7031744122505188,,,,
0,across_learners,20km,RF_20km,XGB_20km,ok,ssim_rank_7,TH57,0.7118611931800842,,,,
0,across_learners,20km,RF_20km,XGB_20km,ok,ssim_rank_7,TH58,0.4346165657043457,,,,
0,across_learners,20km,RF_20km,XGB_20km,ok,ssim_raw_21,TH50,0.6713054776191711,,,,
0,across_learners,20km,RF_20km,XGB_20km,ok,ssim_raw_21,TH51,0.7903556227684021,,,,
0,across_learners,20km,RF_20km,XGB_20km,ok,ssim_raw_21,TH52,0.7247413992881775,,,,
0,across_learners,20km,RF_20km,XGB_20km,ok,ssim_raw_21,TH53,0.7546181678771973,,,,
0,across_learners,20km,RF_20km,XGB_20km,ok,ssim_raw_21,TH54,0.631578266620636,,,,
0,across_learners,20km,RF_20km,XGB_20km,ok,ssim_raw_21,TH55,0.699411928653717,,,,
0,across_learners,20km,RF_20km,XGB_20km,ok,ssim_raw_21,TH56,0.7596314549446106,,,,
0,across_learners,20km,RF_20km,XGB_20km,ok,ssim_raw_21,TH57,0.800920307636261,,,,
0,across_learners,20km,RF_20km,XGB_20km,ok,ssim_raw_21,TH58,0.6815460920333862,,,,
0,across_learners,20km,RF_20km,XGB_20km,ok,ssim_rank_21,TH50,0.6807135939598083,,,,
0,across_learners,20km,RF_20km,XGB_20km,ok,ssim_rank_21,TH51,0.8190385699272156,,,,
0,across_learners,20km,RF_20km,XGB_20km,ok,ssim_rank_21,TH52,0.7828295826911926,,,,
0,across_learners,20km,RF_20km,XGB_20km,ok,ssim_rank_21,TH53,0.7893959283828735,,,,
0,across_learners,20km,RF_20km,XGB_20km,ok,ssim_rank_21,TH54,0.7958389520645142,,,,
0,across_learners,20km,RF_20km,XGB_20km,ok,ssim_rank_21,TH55,0.6766942143440247,,,,
0,across_learners,20km,RF_20km,XGB_20km,ok,ssim_rank_21,TH56,0.8140525817871094,,,,
0,across_learners,20km,RF_20km,XGB_20km,ok,ssim_rank_21,TH57,0.8119004964828491,,,,
0,across_learners,20km,RF_20km,XGB_20km,ok,ssim_rank_21,TH58,0.5750445127487183,,,,
0,across_learners,20km,RF_20km,XGB_20km,ok,jaccard_top10,TH50,0.7626908790755262,8381.0,8703.0,7392.0,9692.0
0,across_learners,20km,RF_20km,XGB_20km,ok,jaccard_top10,TH51,0.7835132999736634,3427.0,3345.0,2975.0,3797.0
0,across_learners,20km,RF_20km,XGB_20km,ok,jaccard_top10,TH52,0.7350180505415163,6042.0,5973.0,5090.0,6925.0
0,across_learners,20km,RF_20km,XGB_20km,ok,jaccard_top10,TH53,0.6011167759164846,3395.0,3200.0,2476.0,4119.0
0,across_learners,20km,RF_20km,XGB_20km,ok,jaccard_top10,TH54,0.6954356846473029,2218.0,1868.0,1676.0,2410.0
0,across_learners,20km,RF_20km,XGB_20km,ok,jaccard_top10,TH55,0.6697215368346845,2374.0,2363.0,1900.0,2837.0
0,across_learners,20km,RF_20km,XGB_20km,ok,jaccard_top10,TH56,0.6789656259854935,2905.0,2419.0,2153.0,3171.0
0,across_learners,20km,RF_20km,XGB_20km,ok,jaccard_top10,TH57,0.7275694833053534,8929.0,9594.0,7801.0,10722.0
0,across_learners,20km,RF_20km,XGB_20km,ok,jaccard_top10,TH58,0.49239766081871345,535.0,741.0,421.0,855.0
0,across_learners,20km,RF_20km,LR_20km,ok,ssim_raw_7,TH50,0.5903610587120056,,,,
0,across_learners,20km,RF_20km,LR_20km,ok,ssim_raw_7,TH51,0.620677649974823,,,,
0,across_learners,20km,RF_20km,LR_20km,ok,ssim_raw_7,TH52,0.6377912163734436,,,,
0,across_learners,20km,RF_20km,LR_20km,ok,ssim_raw_7,TH53,0.67206209897995,,,,
0,across_learners,20km,RF_20km,LR_20km,ok,ssim_raw_7,TH54,0.679812490940094,,,,
0,across_learners,20km,RF_20km,LR_20km,ok,ssim_raw_7,TH55,0.6267228722572327,,,,
0,across_learners,20km,RF_20km,LR_20km,ok,ssim_raw_7,TH56,0.6492329835891724,,,,
0,across_learners,20km,RF_20km,LR_20km,ok,ssim_raw_7,TH57,0.6352697014808655,,,,
0,across_learners,20km,RF_20km,LR_20km,ok,ssim_raw_7,TH58,0.6109175086021423,,,,
0,across_learners,20km,RF_20km,LR_20km,ok,ssim_rank_7,TH50,0.2984851896762848,,,,
0,across_learners,20km,RF_20km,LR_20km,ok,ssim_rank_7,TH51,0.5297996997833252,,,,
0,across_learners,20km,RF_20km,LR_20km,ok,ssim_rank_7,TH52,0.4354963004589081,,,,
0,across_learners,20km,RF_20km,LR_20km,ok,ssim_rank_7,TH53,0.4957708716392517,,,,
0,across_learners,20km,RF_20km,LR_20km,ok,ssim_rank_7,TH54,0.404191792011261,,,,
0,across_learners,20km,RF_20km,LR_20km,ok,ssim_rank_7,TH55,0.2609916031360626,,,,
0,across_learners,20km,RF_20km,LR_20km,ok,ssim_rank_7,TH56,0.47492966055870056,,,,
0,across_learners,20km,RF_20km,LR_20km,ok,ssim_rank_7,TH57,0.5094345808029175,,,,
0,across_learners,20km,RF_20km,LR_20km,ok,ssim_rank_7,TH58,0.11460322141647339,,,,
0,across_learners,20km,RF_20km,LR_20km,ok,ssim_raw_21,TH50,0.6054194569587708,,,,
0,across_learners,20km,RF_20km,LR_20km,ok,ssim_raw_21,TH51,0.7004074454307556,,,,
0,across_learners,20km,RF_20km,LR_20km,ok,ssim_raw_21,TH52,0.699120044708252,,,,
0,across_learners,20km,RF_20km,LR_20km,ok,ssim_raw_21,TH53,0.7684675455093384,,,,
0,across_learners,20km,RF_20km,LR_20km,ok,ssim_raw_21,TH54,0.7248459458351135,,,,
0,across_learners,20km,RF_20km,LR_20km,ok,ssim_raw_21,TH55,0.6439812183380127,,,,
0,across_learners,20km,RF_20km,LR_20km,ok,ssim_raw_21,TH56,0.7207072973251343,,,,
0,across_learners,20km,RF_20km,LR_20km,ok,ssim_raw_21,TH57,0.7274859547615051,,,,
0,across_learners,20km,RF_20km,LR_20km,ok,ssim_raw_21,TH58,0.5796802043914795,,,,
0,across_learners,20km,RF_20km,LR_20km,ok,ssim_rank_21,TH50,0.4360632598400116,,,,
0,across_learners,20km,RF_20km,LR_20km,ok,ssim_rank_21,TH51,0.7190117835998535,,,,
0,across_learners,20km,RF_20km,LR_20km,ok,ssim_rank_21,TH52,0.6014717817306519,,,,
0,across_learners,20km,RF_20km,LR_20km,ok,ssim_rank_21,TH53,0.6920228004455566,,,,
0,across_learners,20km,RF_20km,LR_20km,ok,ssim_rank_21,TH54,0.5939138531684875,,,,
0,across_learners,20km,RF_20km,LR_20km,ok,ssim_rank_21,TH55,0.4345893859863281,,,,
0,across_learners,20km,RF_20km,LR_20km,ok,ssim_rank_21,TH56,0.6218464374542236,,,,
0,across_learners,20km,RF_20km,LR_20km,ok,ssim_rank_21,TH57,0.630039393901825,,,,
0,across_learners,20km,RF_20km,LR_20km,ok,ssim_rank_21,TH58,0.2700670063495636,,,,
0,across_learners,20km,RF_20km,LR_20km,ok,jaccard_top10,TH50,0.7520108638880184,8381.0,8391.0,7199.0,9573.0
0,across_learners,20km,RF_20km,LR_20km,ok,jaccard_top10,TH51,0.7244973938942666,3427.0,3521.0,2919.0,4029.0
0,across_learners,20km,RF_20km,LR_20km,ok,jaccard_top10,TH52,0.5973597359735974,6042.0,5574.0,4344.0,7272.0
0,across_learners,20km,RF_20km,LR_20km,ok,jaccard_top10,TH53,0.6039026862645717,3395.0,2934.0,2383.0,3946.0
0,across_learners,20km,RF_20km,LR_20km,ok,jaccard_top10,TH54,0.6393951143854207,2218.0,2010.0,1649.0,2579.0
0,across_learners,20km,RF_20km,LR_20km,ok,jaccard_top10,TH55,0.6436115843270869,2374.0,2450.0,1889.0,2935.0
0,across_learners,20km,RF_20km,LR_20km,ok,jaccard_top10,TH56,0.5287119652253489,2905.0,3777.0,2311.0,4371.0
0,across_learners,20km,RF_20km,LR_20km,ok,jaccard_top10,TH57,0.6724948298552359,8929.0,8863.0,7154.0,10638.0
0,across_learners,20km,RF_20km,LR_20km,ok,jaccard_top10,TH58,0.4501187648456057,535.0,686.0,379.0,842.0
0,across_learners,20km,XGB_20km,LR_20km,ok,ssim_raw_7,TH50,0.628025233745575,,,,
0,across_learners,20km,XGB_20km,LR_20km,ok,ssim_raw_7,TH51,0.5562323331832886,,,,
0,across_learners,20km,XGB_20km,LR_20km,ok,ssim_raw_7,TH52,0.5956600308418274,,,,
0,across_learners,20km,XGB_20km,LR_20km,ok,ssim_raw_7,TH53,0.6144608855247498,,,,
0,across_learners,20km,XGB_20km,LR_20km,ok,ssim_raw_7,TH54,0.615906298160553,,,,
0,across_learners,20km,XGB_20km,LR_20km,ok,ssim_raw_7,TH55,0.6998730897903442,,,,
0,across_learners,20km,XGB_20km,LR_20km,ok,ssim_raw_7,TH56,0.5526712536811829,,,,
0,across_learners,20km,XGB_20km,LR_20km,ok,ssim_raw_7,TH57,0.6784160733222961,,,,
0,across_learners,20km,XGB_20km,LR_20km,ok,ssim_raw_7,TH58,0.7273864150047302,,,,
0,across_learners,20km,XGB_20km,LR_20km,ok,ssim_rank_7,TH50,0.3500322699546814,,,,
0,across_learners,20km,XGB_20km,LR_20km,ok,ssim_rank_7,TH51,0.5698427557945251,,,,
0,across_learners,20km,XGB_20km,LR_20km,ok,ssim_rank_7,TH52,0.4935830235481262,,,,
0,across_learners,20km,XGB_20km,LR_20km,ok,ssim_rank_7,TH53,0.5068702101707458,,,,
0,across_learners,20km,XGB_20km,LR_20km,ok,ssim_rank_7,TH54,0.48099955916404724,,,,
0,across_learners,20km,XGB_20km,LR_20km,ok,ssim_rank_7,TH55,0.33132487535476685,,,,
0,across_learners,20km,XGB_20km,LR_20km,ok,ssim_rank_7,TH56,0.5621979236602783,,,,
0,across_learners,20km,XGB_20km,LR_20km,ok,ssim_rank_7,TH57,0.5363863706588745,,,,
0,across_learners,20km,XGB_20km,LR_20km,ok,ssim_rank_7,TH58,0.0933595672249794,,,,
0,across_learners,20km,XGB_20km,LR_20km,ok,ssim_raw_21,TH50,0.6257507801055908,,,,
0,across_learners,20km,XGB_20km,LR_20km,ok,ssim_raw_21,TH51,0.6235021352767944,,,,
0,across_learners,20km,XGB_20km,LR_20km,ok,ssim_raw_21,TH52,0.6153727173805237,,,,
0,across_learners,20km,XGB_20km,LR_20km,ok,ssim_raw_21,TH53,0.6889247298240662,,,,
0,across_learners,20km,XGB_20km,LR_20km,ok,ssim_raw_21,TH54,0.6400672793388367,,,,
0,across_learners,20km,XGB_20km,LR_20km,ok,ssim_raw_21,TH55,0.6762940287590027,,,,
0,across_learners,20km,XGB_20km,LR_20km,ok,ssim_raw_21,TH56,0.592322826385498,,,,
0,across_learners,20km,XGB_20km,LR_20km,ok,ssim_raw_21,TH57,0.7802854776382446,,,,
0,across_learners,20km,XGB_20km,LR_20km,ok,ssim_raw_21,TH58,0.6523160934448242,,,,
0,across_learners,20km,XGB_20km,LR_20km,ok,ssim_rank_21,TH50,0.5285890698432922,,,,
0,across_learners,20km,XGB_20km,LR_20km,ok,ssim_rank_21,TH51,0.7429814338684082,,,,
0,across_learners,20km,XGB_20km,LR_20km,ok,ssim_rank_21,TH52,0.670608639717102,,,,
0,across_learners,20km,XGB_20km,LR_20km,ok,ssim_rank_21,TH53,0.6836835145950317,,,,
0,across_learners,20km,XGB_20km,LR_20km,ok,ssim_rank_21,TH54,0.65775066614151,,,,
0,across_learners,20km,XGB_20km,LR_20km,ok,ssim_rank_21,TH55,0.5305594801902771,,,,
0,across_learners,20km,XGB_20km,LR_20km,ok,ssim_rank_21,TH56,0.717188835144043,,,,
0,across_learners,20km,XGB_20km,LR_20km,ok,ssim_rank_21,TH57,0.6694256663322449,,,,
0,across_learners,20km,XGB_20km,LR_20km,ok,ssim_rank_21,TH58,0.29390621185302734,,,,
0,across_learners,20km,XGB_20km,LR_20km,ok,jaccard_top10,TH50,0.6881295674501284,8703.0,8391.0,6968.0,10126.0
0,across_learners,20km,XGB_20km,LR_20km,ok,jaccard_top10,TH51,0.7088103534096566,3345.0,3521.0,2848.0,4018.0
0,across_learners,20km,XGB_20km,LR_20km,ok,jaccard_top10,TH52,0.566969738092007,5973.0,5574.0,4178.0,7369.0
0,across_learners,20km,XGB_20km,LR_20km,ok,jaccard_top10,TH53,0.46431129147767963,3200.0,2934.0,1945.0,4189.0
0,across_learners,20km,XGB_20km,LR_20km,ok,jaccard_top10,TH54,0.6124740124740125,1868.0,2010.0,1473.0,2405.0
0,across_learners,20km,XGB_20km,LR_20km,ok,jaccard_top10,TH55,0.6016638935108153,2363.0,2450.0,1808.0,3005.0
0,across_learners,20km,XGB_20km,LR_20km,ok,jaccard_top10,TH56,0.479818485789348,2419.0,3777.0,2009.0,4187.0
0,across_learners,20km,XGB_20km,LR_20km,ok,jaccard_top10,TH57,0.6565248608867349,9594.0,8863.0,7315.0,11142.0
0,across_learners,20km,XGB_20km,LR_20km,ok,jaccard_top10,TH58,0.35517568850902187,741.0,686.0,374.0,1053.0
0,across_learners,25km,RF_25km,XGB_25km,ok,ssim_raw_7,TH50,0.7067721486091614,,,,
0,across_learners,25km,RF_25km,XGB_25km,ok,ssim_raw_7,TH51,0.7279962301254272,,,,
0,across_learners,25km,RF_25km,XGB_25km,ok,ssim_raw_7,TH52,0.6995002031326294,,,,
0,across_learners,25km,RF_25km,XGB_25km,ok,ssim_raw_7,TH53,0.6800894737243652,,,,
0,across_learners,25km,RF_25km,XGB_25km,ok,ssim_raw_7,TH54,0.6368318200111389,,,,
0,across_learners,25km,RF_25km,XGB_25km,ok,ssim_raw_7,TH55,0.6940181255340576,,,,
0,across_learners,25km,RF_25km,XGB_25km,ok,ssim_raw_7,TH56,0.6876717209815979,,,,
0,across_learners,25km,RF_25km,XGB_25km,ok,ssim_raw_7,TH57,0.7104180455207825,,,,
0,across_learners,25km,RF_25km,XGB_25km,ok,ssim_raw_7,TH58,0.748451292514801,,,,
0,across_learners,25km,RF_25km,XGB_25km,ok,ssim_rank_7,TH50,0.5909430980682373,,,,
0,across_learners,25km,RF_25km,XGB_25km,ok,ssim_rank_7,TH51,0.7082388401031494,,,,
0,across_learners,25km,RF_25km,XGB_25km,ok,ssim_rank_7,TH52,0.6594529151916504,,,,
0,across_learners,25km,RF_25km,XGB_25km,ok,ssim_rank_7,TH53,0.6542587280273438,,,,
0,across_learners,25km,RF_25km,XGB_25km,ok,ssim_rank_7,TH54,0.6608147025108337,,,,
0,across_learners,25km,RF_25km,XGB_25km,ok,ssim_rank_7,TH55,0.5282074213027954,,,,
0,across_learners,25km,RF_25km,XGB_25km,ok,ssim_rank_7,TH56,0.6920651197433472,,,,
0,across_learners,25km,RF_25km,XGB_25km,ok,ssim_rank_7,TH57,0.7210749983787537,,,,
0,across_learners,25km,RF_25km,XGB_25km,ok,ssim_rank_7,TH58,0.43637505173683167,,,,
0,across_learners,25km,RF_25km,XGB_25km,ok,ssim_raw_21,TH50,0.6726723909378052,,,,
0,across_learners,25km,RF_25km,XGB_25km,ok,ssim_raw_21,TH51,0.7587670087814331,,,,
0,across_learners,25km,RF_25km,XGB_25km,ok,ssim_raw_21,TH52,0.7005788087844849,,,,
0,across_learners,25km,RF_25km,XGB_25km,ok,ssim_raw_21,TH53,0.6979532837867737,,,,
0,across_learners,25km,RF_25km,XGB_25km,ok,ssim_raw_21,TH54,0.5861436724662781,,,,
0,across_learners,25km,RF_25km,XGB_25km,ok,ssim_raw_21,TH55,0.6443832516670227,,,,
0,across_learners,25km,RF_25km,XGB_25km,ok,ssim_raw_21,TH56,0.6929200291633606,,,,
0,across_learners,25km,RF_25km,XGB_25km,ok,ssim_raw_21,TH57,0.7912238836288452,,,,
0,across_learners,25km,RF_25km,XGB_25km,ok,ssim_raw_21,TH58,0.6929306983947754,,,,
0,across_learners,25km,RF_25km,XGB_25km,ok,ssim_rank_21,TH50,0.697075366973877,,,,
0,across_learners,25km,RF_25km,XGB_25km,ok,ssim_rank_21,TH51,0.8144817352294922,,,,
0,across_learners,25km,RF_25km,XGB_25km,ok,ssim_rank_21,TH52,0.7704964876174927,,,,
0,across_learners,25km,RF_25km,XGB_25km,ok,ssim_rank_21,TH53,0.7833432555198669,,,,
0,across_learners,25km,RF_25km,XGB_25km,ok,ssim_rank_21,TH54,0.7790719866752625,,,,
0,across_learners,25km,RF_25km,XGB_25km,ok,ssim_rank_21,TH55,0.6731493473052979,,,,
0,across_learners,25km,RF_25km,XGB_25km,ok,ssim_rank_21,TH56,0.8190979957580566,,,,
0,across_learners,25km,RF_25km,XGB_25km,ok,ssim_rank_21,TH57,0.8192425966262817,,,,
0,across_learners,25km,RF_25km,XGB_25km,ok,ssim_rank_21,TH58,0.601234495639801,,,,
0,across_learners,25km,RF_25km,XGB_25km,ok,jaccard_top10,TH50,0.7545230263157895,8273.0,8795.0,7340.0,9728.0
0,across_learners,25km,RF_25km,XGB_25km,ok,jaccard_top10,TH51,0.7745406824146982,3389.0,3372.0,2951.0,3810.0
0,across_learners,25km,RF_25km,XGB_25km,ok,jaccard_top10,TH52,0.7165007112375533,6041.0,6026.0,5037.0,7030.0
0,across_learners,25km,RF_25km,XGB_25km,ok,jaccard_top10,TH53,0.557281116362818,3638.0,3281.0,2476.0,4443.0
0,across_learners,25km,RF_25km,XGB_25km,ok,jaccard_top10,TH54,0.6350184956843403,2162.0,1816.0,1545.0,2433.0
0,across_learners,25km,RF_25km,XGB_25km,ok,jaccard_top10,TH55,0.6005716327259736,2316.0,2164.0,1681.0,2799.0
0,across_learners,25km,RF_25km,XGB_25km,ok,jaccard_top10,TH56,0.6343625802506878,2951.0,2395.0,2075.0,3271.0
0,across_learners,25km,RF_25km,XGB_25km,ok,jaccard_top10,TH57,0.7004377165785154,8930.0,9717.0,7681.0,10966.0
0,across_learners,25km,RF_25km,XGB_25km,ok,jaccard_top10,TH58,0.437892095357591,506.0,640.0,349.0,797.0
0,across_learners,25km,RF_25km,LR_25km,ok,ssim_raw_7,TH50,0.6035598516464233,,,,
0,across_learners,25km,RF_25km,LR_25km,ok,ssim_raw_7,TH51,0.6228036880493164,,,,
0,across_learners,25km,RF_25km,LR_25km,ok,ssim_raw_7,TH52,0.6390915513038635,,,,
0,across_learners,25km,RF_25km,LR_25km,ok,ssim_raw_7,TH53,0.6673539876937866,,,,
0,across_learners,25km,RF_25km,LR_25km,ok,ssim_raw_7,TH54,0.673067033290863,,,,
0,across_learners,25km,RF_25km,LR_25km,ok,ssim_raw_7,TH55,0.6384941339492798,,,,
0,across_learners,25km,RF_25km,LR_25km,ok,ssim_raw_7,TH56,0.6448405385017395,,,,
0,across_learners,25km,RF_25km,LR_25km,ok,ssim_raw_7,TH57,0.6316486597061157,,,,
0,across_learners,25km,RF_25km,LR_25km,ok,ssim_raw_7,TH58,0.6464425921440125,,,,
0,across_learners,25km,RF_25km,LR_25km,ok,ssim_rank_7,TH50,0.29649412631988525,,,,
0,across_learners,25km,RF_25km,LR_25km,ok,ssim_rank_7,TH51,0.5353580117225647,,,,
0,across_learners,25km,RF_25km,LR_25km,ok,ssim_rank_7,TH52,0.4528014361858368,,,,
0,across_learners,25km,RF_25km,LR_25km,ok,ssim_rank_7,TH53,0.5004615783691406,,,,
0,across_learners,25km,RF_25km,LR_25km,ok,ssim_rank_7,TH54,0.42470964789390564,,,,
0,across_learners,25km,RF_25km,LR_25km,ok,ssim_rank_7,TH55,0.2732320725917816,,,,
0,across_learners,25km,RF_25km,LR_25km,ok,ssim_rank_7,TH56,0.4950195848941803,,,,
0,across_learners,25km,RF_25km,LR_25km,ok,ssim_rank_7,TH57,0.5144227743148804,,,,
0,across_learners,25km,RF_25km,LR_25km,ok,ssim_rank_7,TH58,0.11949942260980606,,,,
0,across_learners,25km,RF_25km,LR_25km,ok,ssim_raw_21,TH50,0.6182820200920105,,,,
0,across_learners,25km,RF_25km,LR_25km,ok,ssim_raw_21,TH51,0.700558066368103,,,,
0,across_learners,25km,RF_25km,LR_25km,ok,ssim_raw_21,TH52,0.6991626024246216,,,,
0,across_learners,25km,RF_25km,LR_25km,ok,ssim_raw_21,TH53,0.7647626399993896,,,,
0,across_learners,25km,RF_25km,LR_25km,ok,ssim_raw_21,TH54,0.720372200012207,,,,
0,across_learners,25km,RF_25km,LR_25km,ok,ssim_raw_21,TH55,0.6514521241188049,,,,
0,across_learners,25km,RF_25km,LR_25km,ok,ssim_raw_21,TH56,0.716991126537323,,,,
0,across_learners,25km,RF_25km,LR_25km,ok,ssim_raw_21,TH57,0.7278504371643066,,,,
0,across_learners,25km,RF_25km,LR_25km,ok,ssim_raw_21,TH58,0.6094861030578613,,,,
0,across_learners,25km,RF_25km,LR_25km,ok,ssim_rank_21,TH50,0.4411413371562958,,,,
0,across_learners,25km,RF_25km,LR_25km,ok,ssim_rank_21,TH51,0.7266677618026733,,,,
0,across_learners,25km,RF_25km,LR_25km,ok,ssim_rank_21,TH52,0.6189610362052917,,,,
0,across_learners,25km,RF_25km,LR_25km,ok,ssim_rank_21,TH53,0.6954064965248108,,,,
0,across_learners,25km,RF_25km,LR_25km,ok,ssim_rank_21,TH54,0.6147974133491516,,,,
0,across_learners,25km,RF_25km,LR_25km,ok,ssim_rank_21,TH55,0.44859957695007324,,,,
0,across_learners,25km,RF_25km,LR_25km,ok,ssim_rank_21,TH56,0.6324566602706909,,,,
0,across_learners,25km,RF_25km,LR_25km,ok,ssim_rank_21,TH57,0.6377525925636292,,,,
0,across_learners,25km,RF_25km,LR_25km,ok,ssim_rank_21,TH58,0.2831761837005615,,,,
0,across_learners,25km,RF_25km,LR_25km,ok,jaccard_top10,TH50,0.7538689845240619,8273.0,8273.0,7112.0,9434.0
0,across_learners,25km,RF_25km,LR_25km,ok,jaccard_top10,TH51,0.71725,3389.0,3480.0,2869.0,4000.0
0,across_learners,25km,RF_25km,LR_25km,ok,jaccard_top10,TH52,0.5994220448603275,6041.0,5582.0,4356.0,7267.0
0,across_learners,25km,RF_25km,LR_25km,ok,jaccard_top10,TH53,0.6051606621226875,3638.0,2956.0,2486.0,4108.0
0,across_learners,25km,RF_25km,LR_25km,ok,jaccard_top10,TH54,0.6256684491978609,2162.0,2094.0,1638.0,2618.0
0,across_learners,25km,RF_25km,LR_25km,ok,jaccard_top10,TH55,0.6426321316065803,2316.0,2377.0,1836.0,2857.0
0,across_learners,25km,RF_25km,LR_25km,ok,jaccard_top10,TH56,0.5274018193920568,2951.0,3933.0,2377.0,4507.0
0,across_learners,25km,RF_25km,LR_25km,ok,jaccard_top10,TH57,0.6809312847582242,8930.0,8903.0,7224.0,10609.0
0,across_learners,25km,RF_25km,LR_25km,ok,jaccard_top10,TH58,0.4430051813471503,506.0,608.0,342.0,772.0
0,across_learners,25km,XGB_25km,LR_25km,ok,ssim_raw_7,TH50,0.6183938980102539,,,,
0,across_learners,25km,XGB_25km,LR_25km,ok,ssim_raw_7,TH51,0.5496618747711182,,,,
0,across_learners,25km,XGB_25km,LR_25km,ok,ssim_raw_7,TH52,0.5822012424468994,,,,
0,across_learners,25km,XGB_25km,LR_25km,ok,ssim_raw_7,TH53,0.5953479409217834,,,,
0,across_learners,25km,XGB_25km,LR_25km,ok,ssim_raw_7,TH54,0.5873046517372131,,,,
0,across_learners,25km,XGB_25km,LR_25km,ok,ssim_raw_7,TH55,0.6682522892951965,,,,
0,across_learners,25km,XGB_25km,LR_25km,ok,ssim_raw_7,TH56,0.5331194996833801,,,,
0,across_learners,25km,XGB_25km,LR_25km,ok,ssim_raw_7,TH57,0.6604129076004028,,,,
0,across_learners,25km,XGB_25km,LR_25km,ok,ssim_raw_7,TH58,0.7245529890060425,,,,
0,across_learners,25km,XGB_25km,LR_25km,ok,ssim_rank_7,TH50,0.3509786128997803,,,,
0,across_learners,25km,XGB_25km,LR_25km,ok,ssim_rank_7,TH51,0.570426881313324,,,,
0,across_learners,25km,XGB_25km,LR_25km,ok,ssim_rank_7,TH52,0.5038830637931824,,,,
0,across_learners,25km,XGB_25km,LR_25km,ok,ssim_rank_7,TH53,0.5069741010665894,,,,
0,across_learners,25km,XGB_25km,LR_25km,ok,ssim_rank_7,TH54,0.48708757758140564,,,,
0,across_learners,25km,XGB_25km,LR_25km,ok,ssim_rank_7,TH55,0.3405475318431854,,,,
0,across_learners,25km,XGB_25km,LR_25km,ok,ssim_rank_7,TH56,0.5858387351036072,,,,
0,across_learners,25km,XGB_25km,LR_25km,ok,ssim_rank_7,TH57,0.5499052405357361,,,,
0,across_learners,25km,XGB_25km,LR_25km,ok,ssim_rank_7,TH58,0.09084545820951462,,,,
0,across_learners,25km,XGB_25km,LR_25km,ok,ssim_raw_21,TH50,0.6085283756256104,,,,
0,across_learners,25km,XGB_25km,LR_25km,ok,ssim_raw_21,TH51,0.6123549938201904,,,,
0,across_learners,25km,XGB_25km,LR_25km,ok,ssim_raw_21,TH52,0.5969409346580505,,,,
0,across_learners,25km,XGB_25km,LR_25km,ok,ssim_raw_21,TH53,0.6650331616401672,,,,
0,across_learners,25km,XGB_25km,LR_25km,ok,ssim_raw_21,TH54,0.5974249243736267,,,,
0,across_learners,25km,XGB_25km,LR_25km,ok,ssim_raw_21,TH55,0.6245986223220825,,,,
0,across_learners,25km,XGB_25km,LR_25km,ok,ssim_raw_21,TH56,0.5555680990219116,,,,
0,across_learners,25km,XGB_25km,LR_25km,ok,ssim_raw_21,TH57,0.7578566670417786,,,,
0,across_learners,25km,XGB_25km,LR_25km,ok,ssim_raw_21,TH58,0.6372622847557068,,,,
0,across_learners,25km,XGB_25km,LR_25km,ok,ssim_rank_21,TH50,0.5287110805511475,,,,
0,across_learners,25km,XGB_25km,LR_25km,ok,ssim_rank_21,TH51,0.7429621815681458,,,,
0,across_learners,25km,XGB_25km,LR_25km,ok,ssim_rank_21,TH52,0.6849944591522217,,,,
0,across_learners,25km,XGB_25km,LR_25km,ok,ssim_rank_21,TH53,0.701767086982727,,,,
0,across_learners,25km,XGB_25km,LR_25km,ok,ssim_rank_21,TH54,0.6679093241691589,,,,
0,across_learners,25km,XGB_25km,LR_25km,ok,ssim_rank_21,TH55,0.5422394871711731,,,,
0,across_learners,25km,XGB_25km,LR_25km,ok,ssim_rank_21,TH56,0.7472237348556519,,,,
0,across_learners,25km,XGB_25km,LR_25km,ok,ssim_rank_21,TH57,0.680904746055603,,,,
0,across_learners,25km,XGB_25km,LR_25km,ok,ssim_rank_21,TH58,0.29758691787719727,,,,
0,across_learners,25km,XGB_25km,LR_25km,ok,jaccard_top10,TH50,0.6837328598204597,8795.0,8273.0,6931.0,10137.0
0,across_learners,25km,XGB_25km,LR_25km,ok,jaccard_top10,TH51,0.702360248447205,3372.0,3480.0,2827.0,4025.0
0,across_learners,25km,XGB_25km,LR_25km,ok,jaccard_top10,TH52,0.5535331905781584,6026.0,5582.0,4136.0,7472.0
0,across_learners,25km,XGB_25km,LR_25km,ok,jaccard_top10,TH53,0.44375,3281.0,2956.0,1917.0,4320.0
0,across_learners,25km,XGB_25km,LR_25km,ok,jaccard_top10,TH54,0.5785224061364553,1816.0,2094.0,1433.0,2477.0
0,across_learners,25km,XGB_25km,LR_25km,ok,jaccard_top10,TH55,0.5707367692839848,2164.0,2377.0,1650.0,2891.0
0,across_learners,25km,XGB_25km,LR_25km,ok,jaccard_top10,TH56,0.46109443546525053,2395.0,3933.0,1997.0,4331.0
0,across_learners,25km,XGB_25km,LR_25km,ok,jaccard_top10,TH57,0.6409623689080814,9717.0,8903.0,7273.0,11347.0
0,across_learners,25km,XGB_25km,LR_25km,ok,jaccard_top10,TH58,0.31784582893347413,640.0,608.0,301.0,947.0
0,across_learners,Rinf,RF_Rinf,XGB_Rinf,ok,ssim_raw_7,TH50,0.706343948841095,,,,
0,across_learners,Rinf,RF_Rinf,XGB_Rinf,ok,ssim_raw_7,TH51,0.7092932462692261,,,,
0,across_learners,Rinf,RF_Rinf,XGB_Rinf,ok,ssim_raw_7,TH52,0.6912039518356323,,,,
0,across_learners,Rinf,RF_Rinf,XGB_Rinf,ok,ssim_raw_7,TH53,0.6647178530693054,,,,
0,across_learners,Rinf,RF_Rinf,XGB_Rinf,ok,ssim_raw_7,TH54,0.632095992565155,,,,
0,across_learners,Rinf,RF_Rinf,XGB_Rinf,ok,ssim_raw_7,TH55,0.6900138854980469,,,,
0,across_learners,Rinf,RF_Rinf,XGB_Rinf,ok,ssim_raw_7,TH56,0.6833797693252563,,,,
0,across_learners,Rinf,RF_Rinf,XGB_Rinf,ok,ssim_raw_7,TH57,0.6905423402786255,,,,
0,across_learners,Rinf,RF_Rinf,XGB_Rinf,ok,ssim_raw_7,TH58,0.7428857684135437,,,,
0,across_learners,Rinf,RF_Rinf,XGB_Rinf,ok,ssim_rank_7,TH50,0.5826536417007446,,,,
0,across_learners,Rinf,RF_Rinf,XGB_Rinf,ok,ssim_rank_7,TH51,0.7111809253692627,,,,
0,across_learners,Rinf,RF_Rinf,XGB_Rinf,ok,ssim_rank_7,TH52,0.6639723777770996,,,,
0,across_learners,Rinf,RF_Rinf,XGB_Rinf,ok,ssim_rank_7,TH53,0.6597036719322205,,,,
0,across_learners,Rinf,RF_Rinf,XGB_Rinf,ok,ssim_rank_7,TH54,0.6682907342910767,,,,
0,across_learners,Rinf,RF_Rinf,XGB_Rinf,ok,ssim_rank_7,TH55,0.528697669506073,,,,
0,across_learners,Rinf,RF_Rinf,XGB_Rinf,ok,ssim_rank_7,TH56,0.6858400106430054,,,,
0,across_learners,Rinf,RF_Rinf,XGB_Rinf,ok,ssim_rank_7,TH57,0.6991761922836304,,,,
0,across_learners,Rinf,RF_Rinf,XGB_Rinf,ok,ssim_rank_7,TH58,0.4201981723308563,,,,
0,across_learners,Rinf,RF_Rinf,XGB_Rinf,ok,ssim_raw_21,TH50,0.6677370071411133,,,,
0,across_learners,Rinf,RF_Rinf,XGB_Rinf,ok,ssim_raw_21,TH51,0.7416624426841736,,,,
0,across_learners,Rinf,RF_Rinf,XGB_Rinf,ok,ssim_raw_21,TH52,0.6889379024505615,,,,
0,across_learners,Rinf,RF_Rinf,XGB_Rinf,ok,ssim_raw_21,TH53,0.6758739352226257,,,,
0,across_learners,Rinf,RF_Rinf,XGB_Rinf,ok,ssim_raw_21,TH54,0.5838350057601929,,,,
0,across_learners,Rinf,RF_Rinf,XGB_Rinf,ok,ssim_raw_21,TH55,0.6334826350212097,,,,
0,across_learners,Rinf,RF_Rinf,XGB_Rinf,ok,ssim_raw_21,TH56,0.6770978569984436,,,,
0,across_learners,Rinf,RF_Rinf,XGB_Rinf,ok,ssim_raw_21,TH57,0.7769877314567566,,,,
0,across_learners,Rinf,RF_Rinf,XGB_Rinf,ok,ssim_raw_21,TH58,0.6822760701179504,,,,
0,across_learners,Rinf,RF_Rinf,XGB_Rinf,ok,ssim_rank_21,TH50,0.6916449069976807,,,,
0,across_learners,Rinf,RF_Rinf,XGB_Rinf,ok,ssim_rank_21,TH51,0.8166292905807495,,,,
0,across_learners,Rinf,RF_Rinf,XGB_Rinf,ok,ssim_rank_21,TH52,0.77302086353302,,,,
0,across_learners,Rinf,RF_Rinf,XGB_Rinf,ok,ssim_rank_21,TH53,0.7871687412261963,,,,
0,across_learners,Rinf,RF_Rinf,XGB_Rinf,ok,ssim_rank_21,TH54,0.7870573401451111,,,,
0,across_learners,Rinf,RF_Rinf,XGB_Rinf,ok,ssim_rank_21,TH55,0.6734136939048767,,,,
0,across_learners,Rinf,RF_Rinf,XGB_Rinf,ok,ssim_rank_21,TH56,0.8085665702819824,,,,
0,across_learners,Rinf,RF_Rinf,XGB_Rinf,ok,ssim_rank_21,TH57,0.8089507222175598,,,,
0,across_learners,Rinf,RF_Rinf,XGB_Rinf,ok,ssim_rank_21,TH58,0.591866672039032,,,,
0,across_learners,Rinf,RF_Rinf,XGB_Rinf,ok,jaccard_top10,TH50,0.7637779143618111,8304.0,8914.0,7456.0,9762.0
0,across_learners,Rinf,RF_Rinf,XGB_Rinf,ok,jaccard_top10,TH51,0.7863225119744545,3381.0,3332.0,2955.0,3758.0
0,across_learners,Rinf,RF_Rinf,XGB_Rinf,ok,jaccard_top10,TH52,0.739727968262964,6192.0,6087.0,5221.0,7058.0
0,across_learners,Rinf,RF_Rinf,XGB_Rinf,ok,jaccard_top10,TH53,0.5945256321039202,3608.0,3266.0,2563.0,4311.0
0,across_learners,Rinf,RF_Rinf,XGB_Rinf,ok,jaccard_top10,TH54,0.6670682730923695,2247.0,1904.0,1661.0,2490.0
0,across_learners,Rinf,RF_Rinf,XGB_Rinf,ok,jaccard_top10,TH55,0.5938553765455227,2267.0,1987.0,1585.0,2669.0
0,across_learners,Rinf,RF_Rinf,XGB_Rinf,ok,jaccard_top10,TH56,0.6094327990135635,2913.0,2308.0,1977.0,3244.0
0,across_learners,Rinf,RF_Rinf,XGB_Rinf,ok,jaccard_top10,TH57,0.6829555757026292,8813.0,9750.0,7533.0,11030.0
0,across_learners,Rinf,RF_Rinf,XGB_Rinf,ok,jaccard_top10,TH58,0.4166666666666667,481.0,658.0,335.0,804.0
0,across_learners,Rinf,RF_Rinf,LR_Rinf,ok,ssim_raw_7,TH50,0.6105136871337891,,,,
0,across_learners,Rinf,RF_Rinf,LR_Rinf,ok,ssim_raw_7,TH51,0.6262744665145874,,,,
0,across_learners,Rinf,RF_Rinf,LR_Rinf,ok,ssim_raw_7,TH52,0.6363369822502136,,,,
0,across_learners,Rinf,RF_Rinf,LR_Rinf,ok,ssim_raw_7,TH53,0.6713199019432068,,,,
0,across_learners,Rinf,RF_Rinf,LR_Rinf,ok,ssim_raw_7,TH54,0.6741121411323547,,,,
0,across_learners,Rinf,RF_Rinf,LR_Rinf,ok,ssim_raw_7,TH55,0.6334198117256165,,,,
0,across_learners,Rinf,RF_Rinf,LR_Rinf,ok,ssim_raw_7,TH56,0.6440901756286621,,,,
0,across_learners,Rinf,RF_Rinf,LR_Rinf,ok,ssim_raw_7,TH57,0.6341192722320557,,,,
0,across_learners,Rinf,RF_Rinf,LR_Rinf,ok,ssim_raw_7,TH58,0.6519650816917419,,,,
0,across_learners,Rinf,RF_Rinf,LR_Rinf,ok,ssim_rank_7,TH50,0.3063271939754486,,,,
0,across_learners,Rinf,RF_Rinf,LR_Rinf,ok,ssim_rank_7,TH51,0.5455411076545715,,,,
0,across_learners,Rinf,RF_Rinf,LR_Rinf,ok,ssim_rank_7,TH52,0.4635120630264282,,,,
0,across_learners,Rinf,RF_Rinf,LR_Rinf,ok,ssim_rank_7,TH53,0.5149166584014893,,,,
0,across_learners,Rinf,RF_Rinf,LR_Rinf,ok,ssim_rank_7,TH54,0.4420233964920044,,,,
0,across_learners,Rinf,RF_Rinf,LR_Rinf,ok,ssim_rank_7,TH55,0.28406858444213867,,,,
0,across_learners,Rinf,RF_Rinf,LR_Rinf,ok,ssim_rank_7,TH56,0.5127869844436646,,,,
0,across_learners,Rinf,RF_Rinf,LR_Rinf,ok,ssim_rank_7,TH57,0.5268303751945496,,,,
0,across_learners,Rinf,RF_Rinf,LR_Rinf,ok,ssim_rank_7,TH58,0.12874194979667664,,,,
0,across_learners,Rinf,RF_Rinf,LR_Rinf,ok,ssim_raw_21,TH50,0.6266887187957764,,,,
0,across_learners,Rinf,RF_Rinf,LR_Rinf,ok,ssim_raw_21,TH51,0.7054293155670166,,,,
0,across_learners,Rinf,RF_Rinf,LR_Rinf,ok,ssim_raw_21,TH52,0.7004601359367371,,,,
0,across_learners,Rinf,RF_Rinf,LR_Rinf,ok,ssim_raw_21,TH53,0.7683192491531372,,,,
0,across_learners,Rinf,RF_Rinf,LR_Rinf,ok,ssim_raw_21,TH54,0.7220504283905029,,,,
0,across_learners,Rinf,RF_Rinf,LR_Rinf,ok,ssim_raw_21,TH55,0.647542417049408,,,,
0,across_learners,Rinf,RF_Rinf,LR_Rinf,ok,ssim_raw_21,TH56,0.7206670641899109,,,,
0,across_learners,Rinf,RF_Rinf,LR_Rinf,ok,ssim_raw_21,TH57,0.7310006618499756,,,,
0,across_learners,Rinf,RF_Rinf,LR_Rinf,ok,ssim_raw_21,TH58,0.6184569001197815,,,,
0,across_learners,Rinf,RF_Rinf,LR_Rinf,ok,ssim_rank_21,TH50,0.44949036836624146,,,,
0,across_learners,Rinf,RF_Rinf,LR_Rinf,ok,ssim_rank_21,TH51,0.7326756715774536,,,,
0,across_learners,Rinf,RF_Rinf,LR_Rinf,ok,ssim_rank_21,TH52,0.624314546585083,,,,
0,across_learners,Rinf,RF_Rinf,LR_Rinf,ok,ssim_rank_21,TH53,0.7114154696464539,,,,
0,across_learners,Rinf,RF_Rinf,LR_Rinf,ok,ssim_rank_21,TH54,0.6323696970939636,,,,
0,across_learners,Rinf,RF_Rinf,LR_Rinf,ok,ssim_rank_21,TH55,0.4568997621536255,,,,
0,across_learners,Rinf,RF_Rinf,LR_Rinf,ok,ssim_rank_21,TH56,0.6505950093269348,,,,
0,across_learners,Rinf,RF_Rinf,LR_Rinf,ok,ssim_rank_21,TH57,0.6451964974403381,,,,
0,across_learners,Rinf,RF_Rinf,LR_Rinf,ok,ssim_rank_21,TH58,0.28752145171165466,,,,
0,across_learners,Rinf,RF_Rinf,LR_Rinf,ok,jaccard_top10,TH50,0.7643733333333333,8304.0,8237.0,7166.0,9375.0
0,across_learners,Rinf,RF_Rinf,LR_Rinf,ok,jaccard_top10,TH51,0.7320030310684517,3381.0,3476.0,2898.0,3959.0
0,across_learners,Rinf,RF_Rinf,LR_Rinf,ok,jaccard_top10,TH52,0.6148991631225134,6192.0,5579.0,4482.0,7289.0
0,across_learners,Rinf,RF_Rinf,LR_Rinf,ok,jaccard_top10,TH53,0.6206306526521633,3608.0,3022.0,2539.0,4091.0
0,across_learners,Rinf,RF_Rinf,LR_Rinf,ok,jaccard_top10,TH54,0.6282664703717336,2247.0,2177.0,1707.0,2717.0
0,across_learners,Rinf,RF_Rinf,LR_Rinf,ok,jaccard_top10,TH55,0.6438108985925659,2267.0,2288.0,1784.0,2771.0
0,across_learners,Rinf,RF_Rinf,LR_Rinf,ok,jaccard_top10,TH56,0.5126179504059688,2913.0,3980.0,2336.0,4557.0
0,across_learners,Rinf,RF_Rinf,LR_Rinf,ok,jaccard_top10,TH57,0.686798554308541,8813.0,8922.0,7221.0,10514.0
0,across_learners,Rinf,RF_Rinf,LR_Rinf,ok,jaccard_top10,TH58,0.46647230320699706,481.0,525.0,320.0,686.0
0,across_learners,Rinf,XGB_Rinf,LR_Rinf,ok,ssim_raw_7,TH50,0.6080714464187622,,,,
0,across_learners,Rinf,XGB_Rinf,LR_Rinf,ok,ssim_raw_7,TH51,0.5315165519714355,,,,
0,across_learners,Rinf,XGB_Rinf,LR_Rinf,ok,ssim_raw_7,TH52,0.5747767090797424,,,,
0,across_learners,Rinf,XGB_Rinf,LR_Rinf,ok,ssim_raw_7,TH53,0.5798010230064392,,,,
0,across_learners,Rinf,XGB_Rinf,LR_Rinf,ok,ssim_raw_7,TH54,0.5763872861862183,,,,
0,across_learners,Rinf,XGB_Rinf,LR_Rinf,ok,ssim_raw_7,TH55,0.6736475229263306,,,,
0,across_learners,Rinf,XGB_Rinf,LR_Rinf,ok,ssim_raw_7,TH56,0.5301317572593689,,,,
0,across_learners,Rinf,XGB_Rinf,LR_Rinf,ok,ssim_raw_7,TH57,0.6663467288017273,,,,
0,across_learners,Rinf,XGB_Rinf,LR_Rinf,ok,ssim_raw_7,TH58,0.7277035117149353,,,,
0,across_learners,Rinf,XGB_Rinf,LR_Rinf,ok,ssim_rank_7,TH50,0.3807532787322998,,,,
0,across_learners,Rinf,XGB_Rinf,LR_Rinf,ok,ssim_rank_7,TH51,0.584247887134552,,,,
0,across_learners,Rinf,XGB_Rinf,LR_Rinf,ok,ssim_rank_7,TH52,0.5210064649581909,,,,
0,across_learners,Rinf,XGB_Rinf,LR_Rinf,ok,ssim_rank_7,TH53,0.5238695740699768,,,,
0,across_learners,Rinf,XGB_Rinf,LR_Rinf,ok,ssim_rank_7,TH54,0.5062531232833862,,,,
0,across_learners,Rinf,XGB_Rinf,LR_Rinf,ok,ssim_rank_7,TH55,0.37451016902923584,,,,
0,across_learners,Rinf,XGB_Rinf,LR_Rinf,ok,ssim_rank_7,TH56,0.5988582372665405,,,,
0,across_learners,Rinf,XGB_Rinf,LR_Rinf,ok,ssim_rank_7,TH57,0.555333137512207,,,,
0,across_learners,Rinf,XGB_Rinf,LR_Rinf,ok,ssim_rank_7,TH58,0.1254022866487503,,,,
0,across_learners,Rinf,XGB_Rinf,LR_Rinf,ok,ssim_raw_21,TH50,0.5972101092338562,,,,
0,across_learners,Rinf,XGB_Rinf,LR_Rinf,ok,ssim_raw_21,TH51,0.5945072174072266,,,,
0,across_learners,Rinf,XGB_Rinf,LR_Rinf,ok,ssim_raw_21,TH52,0.5872372388839722,,,,
0,across_learners,Rinf,XGB_Rinf,LR_Rinf,ok,ssim_raw_21,TH53,0.6497969627380371,,,,
0,across_learners,Rinf,XGB_Rinf,LR_Rinf,ok,ssim_raw_21,TH54,0.5859942436218262,,,,
0,across_learners,Rinf,XGB_Rinf,LR_Rinf,ok,ssim_raw_21,TH55,0.6245303153991699,,,,
0,across_learners,Rinf,XGB_Rinf,LR_Rinf,ok,ssim_raw_21,TH56,0.5415174961090088,,,,
0,across_learners,Rinf,XGB_Rinf,LR_Rinf,ok,ssim_raw_21,TH57,0.7690502405166626,,,,
0,across_learners,Rinf,XGB_Rinf,LR_Rinf,ok,ssim_raw_21,TH58,0.6376343369483948,,,,
0,across_learners,Rinf,XGB_Rinf,LR_Rinf,ok,ssim_rank_21,TH50,0.5507156848907471,,,,
0,across_learners,Rinf,XGB_Rinf,LR_Rinf,ok,ssim_rank_21,TH51,0.7511096000671387,,,,
0,across_learners,Rinf,XGB_Rinf,LR_Rinf,ok,ssim_rank_21,TH52,0.6972050070762634,,,,
0,across_learners,Rinf,XGB_Rinf,LR_Rinf,ok,ssim_rank_21,TH53,0.7089101076126099,,,,
0,across_learners,Rinf,XGB_Rinf,LR_Rinf,ok,ssim_rank_21,TH54,0.684400737285614,,,,
0,across_learners,Rinf,XGB_Rinf,LR_Rinf,ok,ssim_rank_21,TH55,0.5716046690940857,,,,
0,across_learners,Rinf,XGB_Rinf,LR_Rinf,ok,ssim_rank_21,TH56,0.746433436870575,,,,
0,across_learners,Rinf,XGB_Rinf,LR_Rinf,ok,ssim_rank_21,TH57,0.6857304573059082,,,,
0,across_learners,Rinf,XGB_Rinf,LR_Rinf,ok,ssim_rank_21,TH58,0.32848334312438965,,,,
0,across_learners,Rinf,XGB_Rinf,LR_Rinf,ok,jaccard_top10,TH50,0.6914201183431953,8914.0,8237.0,7011.0,10140.0
0,across_learners,Rinf,XGB_Rinf,LR_Rinf,ok,jaccard_top10,TH51,0.7024256064016005,3332.0,3476.0,2809.0,3999.0
0,across_learners,Rinf,XGB_Rinf,LR_Rinf,ok,jaccard_top10,TH52,0.5709668731483976,6087.0,5579.0,4240.0,7426.0
0,across_learners,Rinf,XGB_Rinf,LR_Rinf,ok,jaccard_top10,TH53,0.45488199907450255,3266.0,3022.0,1966.0,4322.0
0,across_learners,Rinf,XGB_Rinf,LR_Rinf,ok,jaccard_top10,TH54,0.5648006134969326,1904.0,2177.0,1473.0,2608.0
0,across_learners,Rinf,XGB_Rinf,LR_Rinf,ok,jaccard_top10,TH55,0.5688073394495413,1987.0,2288.0,1550.0,2725.0
0,across_learners,Rinf,XGB_Rinf,LR_Rinf,ok,jaccard_top10,TH56,0.42326844726120416,2308.0,3980.0,1870.0,4418.0
0,across_learners,Rinf,XGB_Rinf,LR_Rinf,ok,jaccard_top10,TH57,0.6461253636604073,9750.0,8922.0,7329.0,11343.0
0,across_learners,Rinf,XGB_Rinf,LR_Rinf,ok,jaccard_top10,TH58,0.30143014301430143,658.0,525.0,274.0,909.0
1,across_radii,RF,RF_1km,RF_10km,ok,ssim_raw_7,TH50,0.20474281907081604,,,,
1,across_radii,RF,RF_1km,RF_10km,ok,ssim_raw_7,TH51,0.2976330816745758,,,,
1,across_radii,RF,RF_1km,RF_10km,ok,ssim_raw_7,TH52,0.2403310388326645,,,,
1,across_radii,RF,RF_1km,RF_10km,ok,ssim_raw_7,TH53,0.27404871582984924,,,,
1,across_radii,RF,RF_1km,RF_10km,ok,ssim_raw_7,TH54,0.2802242636680603,,,,
1,across_radii,RF,RF_1km,RF_10km,ok,ssim_raw_7,TH55,0.1788475066423416,,,,
1,across_radii,RF,RF_1km,RF_10km,ok,ssim_raw_7,TH56,0.2338545322418213,,,,
1,across_radii,RF,RF_1km,RF_10km,ok,ssim_raw_7,TH57,0.29152268171310425,,,,
1,across_radii,RF,RF_1km,RF_10km,ok,ssim_raw_7,TH58,0.15219663083553314,,,,
1,across_radii,RF,RF_1km,RF_10km,ok,ssim_rank_7,TH50,0.35451656579971313,,,,
1,across_radii,RF,RF_1km,RF_10km,ok,ssim_rank_7,TH51,0.2846906781196594,,,,
1,across_radii,RF,RF_1km,RF_10km,ok,ssim_rank_7,TH52,0.30713045597076416,,,,
1,across_radii,RF,RF_1km,RF_10km,ok,ssim_rank_7,TH53,0.2701907753944397,,,,
1,across_radii,RF,RF_1km,RF_10km,ok,ssim_rank_7,TH54,0.32693177461624146,,,,
1,across_radii,RF,RF_1km,RF_10km,ok,ssim_rank_7,TH55,0.2714989185333252,,,,
1,across_radii,RF,RF_1km,RF_10km,ok,ssim_rank_7,TH56,0.18564338982105255,,,,
1,across_radii,RF,RF_1km,RF_10km,ok,ssim_rank_7,TH57,0.1646401733160019,,,,
1,across_radii,RF,RF_1km,RF_10km,ok,ssim_rank_7,TH58,0.37744563817977905,,,,
1,across_radii,RF,RF_1km,RF_10km,ok,ssim_raw_21,TH50,0.20513984560966492,,,,
1,across_radii,RF,RF_1km,RF_10km,ok,ssim_raw_21,TH51,0.32214227318763733,,,,
1,across_radii,RF,RF_1km,RF_10km,ok,ssim_raw_21,TH52,0.24743476510047913,,,,
1,across_radii,RF,RF_1km,RF_10km,ok,ssim_raw_21,TH53,0.29189422726631165,,,,
1,across_radii,RF,RF_1km,RF_10km,ok,ssim_raw_21,TH54,0.30910056829452515,,,,
1,across_radii,RF,RF_1km,RF_10km,ok,ssim_raw_21,TH55,0.1846761554479599,,,,
1,across_radii,RF,RF_1km,RF_10km,ok,ssim_raw_21,TH56,0.22660315036773682,,,,
1,across_radii,RF,RF_1km,RF_10km,ok,ssim_raw_21,TH57,0.2990378141403198,,,,
1,across_radii,RF,RF_1km,RF_10km,ok,ssim_raw_21,TH58,0.15282896161079407,,,,
1,across_radii,RF,RF_1km,RF_10km,ok,ssim_rank_21,TH50,0.2886752486228943,,,,
1,across_radii,RF,RF_1km,RF_10km,ok,ssim_rank_21,TH51,0.21249449253082275,,,,
1,across_radii,RF,RF_1km,RF_10km,ok,ssim_rank_21,TH52,0.2706003785133362,,,,
1,across_radii,RF,RF_1km,RF_10km,ok,ssim_rank_21,TH53,0.18764381110668182,,,,
1,across_radii,RF,RF_1km,RF_10km,ok,ssim_rank_21,TH54,0.31430160999298096,,,,
1,across_radii,RF,RF_1km,RF_10km,ok,ssim_rank_21,TH55,0.22641783952713013,,,,
1,across_radii,RF,RF_1km,RF_10km,ok,ssim_rank_21,TH56,0.14010868966579437,,,,
1,across_radii,RF,RF_1km,RF_10km,ok,ssim_rank_21,TH57,0.12310098111629486,,,,
1,across_radii,RF,RF_1km,RF_10km,ok,ssim_rank_21,TH58,0.2693426311016083,,,,
1,across_radii,RF,RF_1km,RF_10km,ok,jaccard_top10,TH50,0.16051819864281308,10309.0,8503.0,2602.0,16210.0
1,across_radii,RF,RF_1km,RF_10km,ok,jaccard_top10,TH51,0.2249585602652143,1959.0,3214.0,950.0,4223.0
1,across_radii,RF,RF_1km,RF_10km,ok,jaccard_top10,TH52,0.20687386942937017,8495.0,6183.0,2516.0,12162.0
1,across_radii,RF,RF_1km,RF_10km,ok,jaccard_top10,TH53,0.1579497907949791,2022.0,3513.0,755.0,4780.0
1,across_radii,RF,RF_1km,RF_10km,ok,jaccard_top10,TH54,0.21512551636479185,1960.0,1864.0,677.0,3147.0
1,across_radii,RF,RF_1km,RF_10km,ok,jaccard_top10,TH55,0.1466731423020884,2002.0,2720.0,604.0,4118.0
1,across_radii,RF,RF_1km,RF_10km,ok,jaccard_top10,TH56,0.167709057215659,2427.0,2614.0,724.0,4317.0
1,across_radii,RF,RF_1km,RF_10km,ok,jaccard_top10,TH57,0.23707615341856586,4689.0,8664.0,2559.0,10794.0
1,across_radii,RF,RF_1km,RF_10km,ok,jaccard_top10,TH58,0.09714998959850218,4343.0,931.0,467.0,4807.0
1,across_radii,RF,RF_5km,RF_10km,ok,ssim_raw_7,TH50,0.7173072695732117,,,,
1,across_radii,RF,RF_5km,RF_10km,ok,ssim_raw_7,TH51,0.8415085077285767,,,,
1,across_radii,RF,RF_5km,RF_10km,ok,ssim_raw_7,TH52,0.7655863165855408,,,,
1,across_radii,RF,RF_5km,RF_10km,ok,ssim_raw_7,TH53,0.8172647953033447,,,,
1,across_radii,RF,RF_5km,RF_10km,ok,ssim_raw_7,TH54,0.8042900562286377,,,,
1,across_radii,RF,RF_5km,RF_10km,ok,ssim_raw_7,TH55,0.7423573732376099,,,,
1,across_radii,RF,RF_5km,RF_10km,ok,ssim_raw_7,TH56,0.8023102879524231,,,,
1,across_radii,RF,RF_5km,RF_10km,ok,ssim_raw_7,TH57,0.8379430174827576,,,,
1,across_radii,RF,RF_5km,RF_10km,ok,ssim_raw_7,TH58,0.6561524271965027,,,,
1,across_radii,RF,RF_5km,RF_10km,ok,ssim_rank_7,TH50,0.7783581018447876,,,,
1,across_radii,RF,RF_5km,RF_10km,ok,ssim_rank_7,TH51,0.8009859323501587,,,,
1,across_radii,RF,RF_5km,RF_10km,ok,ssim_rank_7,TH52,0.7605159878730774,,,,
1,across_radii,RF,RF_5km,RF_10km,ok,ssim_rank_7,TH53,0.7471790313720703,,,,
1,across_radii,RF,RF_5km,RF_10km,ok,ssim_rank_7,TH54,0.7402759790420532,,,,
1,across_radii,RF,RF_5km,RF_10km,ok,ssim_rank_7,TH55,0.722565233707428,,,,
1,across_radii,RF,RF_5km,RF_10km,ok,ssim_rank_7,TH56,0.7109577655792236,,,,
1,across_radii,RF,RF_5km,RF_10km,ok,ssim_rank_7,TH57,0.7802883982658386,,,,
1,across_radii,RF,RF_5km,RF_10km,ok,ssim_rank_7,TH58,0.7044373750686646,,,,
1,across_radii,RF,RF_5km,RF_10km,ok,ssim_raw_21,TH50,0.7762324810028076,,,,
1,across_radii,RF,RF_5km,RF_10km,ok,ssim_raw_21,TH51,0.9099233150482178,,,,
1,across_radii,RF,RF_5km,RF_10km,ok,ssim_raw_21,TH52,0.8205687999725342,,,,
1,across_radii,RF,RF_5km,RF_10km,ok,ssim_raw_21,TH53,0.8729947805404663,,,,
1,across_radii,RF,RF_5km,RF_10km,ok,ssim_raw_21,TH54,0.847290575504303,,,,
1,across_radii,RF,RF_5km,RF_10km,ok,ssim_raw_21,TH55,0.8072510361671448,,,,
1,across_radii,RF,RF_5km,RF_10km,ok,ssim_raw_21,TH56,0.8298667669296265,,,,
1,across_radii,RF,RF_5km,RF_10km,ok,ssim_raw_21,TH57,0.8581411242485046,,,,
1,across_radii,RF,RF_5km,RF_10km,ok,ssim_raw_21,TH58,0.7038898468017578,,,,
1,across_radii,RF,RF_5km,RF_10km,ok,ssim_rank_21,TH50,0.8346379995346069,,,,
1,across_radii,RF,RF_5km,RF_10km,ok,ssim_rank_21,TH51,0.8735059499740601,,,,
1,across_radii,RF,RF_5km,RF_10km,ok,ssim_rank_21,TH52,0.8447368144989014,,,,
1,across_radii,RF,RF_5km,RF_10km,ok,ssim_rank_21,TH53,0.8397125005722046,,,,
1,across_radii,RF,RF_5km,RF_10km,ok,ssim_rank_21,TH54,0.8207790851593018,,,,
1,across_radii,RF,RF_5km,RF_10km,ok,ssim_rank_21,TH55,0.8363478779792786,,,,
1,across_radii,RF,RF_5km,RF_10km,ok,ssim_rank_21,TH56,0.8223682045936584,,,,
1,across_radii,RF,RF_5km,RF_10km,ok,ssim_rank_21,TH57,0.8539046049118042,,,,
1,across_radii,RF,RF_5km,RF_10km,ok,ssim_rank_21,TH58,0.773527204990387,,,,
1,across_radii,RF,RF_5km,RF_10km,ok,jaccard_top10,TH50,0.803390901432182,8622.0,8503.0,7629.0,9496.0
1,across_radii,RF,RF_5km,RF_10km,ok,jaccard_top10,TH51,0.8228060368921185,3308.0,3214.0,2944.0,3578.0
1,across_radii,RF,RF_5km,RF_10km,ok,jaccard_top10,TH52,0.7934285714285715,6371.0,6183.0,5554.0,7000.0
1,across_radii,RF,RF_5km,RF_10km,ok,jaccard_top10,TH53,0.7512752003886325,3697.0,3513.0,3093.0,4117.0
1,across_radii,RF,RF_5km,RF_10km,ok,jaccard_top10,TH54,0.7069917203311867,1847.0,1864.0,1537.0,2174.0
1,across_radii,RF,RF_5km,RF_10km,ok,jaccard_top10,TH55,0.7838456507521255,2735.0,2720.0,2397.0,3058.0
1,across_radii,RF,RF_5km,RF_10km,ok,jaccard_top10,TH56,0.7068903962870403,2167.0,2614.0,1980.0,2801.0
1,across_radii,RF,RF_5km,RF_10km,ok,jaccard_top10,TH57,0.8081344902386117,8007.0,8664.0,7451.0,9220.0
1,across_radii,RF,RF_5km,RF_10km,ok,jaccard_top10,TH58,0.6079622132253711,1452.0,931.0,901.0,1482.0
1,across_radii,RF,RF_20km,RF_10km,ok,ssim_raw_7,TH50,0.9054254293441772,,,,
1,across_radii,RF,RF_20km,RF_10km,ok,ssim_raw_7,TH51,0.9472970366477966,,,,
1,across_radii,RF,RF_20km,RF_10km,ok,ssim_raw_7,TH52,0.9168645739555359,,,,
1,across_radii,RF,RF_20km,RF_10km,ok,ssim_raw_7,TH53,0.9343751072883606,,,,
1,across_radii,RF,RF_20km,RF_10km,ok,ssim_raw_7,TH54,0.9294973611831665,,,,
1,across_radii,RF,RF_20km,RF_10km,ok,ssim_raw_7,TH55,0.894024133682251,,,,
1,across_radii,RF,RF_20km,RF_10km,ok,ssim_raw_7,TH56,0.9135207533836365,,,,
1,across_radii,RF,RF_20km,RF_10km,ok,ssim_raw_7,TH57,0.9287574887275696,,,,
1,across_radii,RF,RF_20km,RF_10km,ok,ssim_raw_7,TH58,0.8212571740150452,,,,
1,across_radii,RF,RF_20km,RF_10km,ok,ssim_rank_7,TH50,0.8421577215194702,,,,
1,across_radii,RF,RF_20km,RF_10km,ok,ssim_rank_7,TH51,0.8881950974464417,,,,
1,across_radii,RF,RF_20km,RF_10km,ok,ssim_rank_7,TH52,0.8194380402565002,,,,
1,across_radii,RF,RF_20km,RF_10km,ok,ssim_rank_7,TH53,0.841975748538971,,,,
1,across_radii,RF,RF_20km,RF_10km,ok,ssim_rank_7,TH54,0.8246517777442932,,,,
1,across_radii,RF,RF_20km,RF_10km,ok,ssim_rank_7,TH55,0.7708263397216797,,,,
1,across_radii,RF,RF_20km,RF_10km,ok,ssim_rank_7,TH56,0.8124105930328369,,,,
1,across_radii,RF,RF_20km,RF_10km,ok,ssim_rank_7,TH57,0.8634394407272339,,,,
1,across_radii,RF,RF_20km,RF_10km,ok,ssim_rank_7,TH58,0.7161246538162231,,,,
1,across_radii,RF,RF_20km,RF_10km,ok,ssim_raw_21,TH50,0.9225160479545593,,,,
1,across_radii,RF,RF_20km,RF_10km,ok,ssim_raw_21,TH51,0.9646297693252563,,,,
1,across_radii,RF,RF_20km,RF_10km,ok,ssim_raw_21,TH52,0.9283219575881958,,,,
1,across_radii,RF,RF_20km,RF_10km,ok,ssim_raw_21,TH53,0.9499090909957886,,,,
1,across_radii,RF,RF_20km,RF_10km,ok,ssim_raw_21,TH54,0.941314160823822,,,,
1,across_radii,RF,RF_20km,RF_10km,ok,ssim_raw_21,TH55,0.910034716129303,,,,
1,across_radii,RF,RF_20km,RF_10km,ok,ssim_raw_21,TH56,0.9239851236343384,,,,
1,across_radii,RF,RF_20km,RF_10km,ok,ssim_raw_21,TH57,0.9458123445510864,,,,
1,across_radii,RF,RF_20km,RF_10km,ok,ssim_raw_21,TH58,0.8505868911743164,,,,
1,across_radii,RF,RF_20km,RF_10km,ok,ssim_rank_21,TH50,0.8892405033111572,,,,
1,across_radii,RF,RF_20km,RF_10km,ok,ssim_rank_21,TH51,0.9387380480766296,,,,
1,across_radii,RF,RF_20km,RF_10km,ok,ssim_rank_21,TH52,0.8735165596008301,,,,
1,across_radii,RF,RF_20km,RF_10km,ok,ssim_rank_21,TH53,0.9214632511138916,,,,
1,across_radii,RF,RF_20km,RF_10km,ok,ssim_rank_21,TH54,0.8716325759887695,,,,
1,across_radii,RF,RF_20km,RF_10km,ok,ssim_rank_21,TH55,0.8433182835578918,,,,
1,across_radii,RF,RF_20km,RF_10km,ok,ssim_rank_21,TH56,0.8699145317077637,,,,
1,across_radii,RF,RF_20km,RF_10km,ok,ssim_rank_21,TH57,0.8995550870895386,,,,
1,across_radii,RF,RF_20km,RF_10km,ok,ssim_rank_21,TH58,0.7924118638038635,,,,
1,across_radii,RF,RF_20km,RF_10km,ok,jaccard_top10,TH50,0.8833314725912694,8366.0,8503.0,7912.0,8957.0
1,across_radii,RF,RF_20km,RF_10km,ok,jaccard_top10,TH51,0.8876140041188585,3202.0,3214.0,3017.0,3399.0
1,across_radii,RF,RF_20km,RF_10km,ok,jaccard_top10,TH52,0.8758695316123049,5952.0,6183.0,5666.0,6469.0
1,across_radii,RF,RF_20km,RF_10km,ok,jaccard_top10,TH53,0.8327176781002639,3433.0,3513.0,3156.0,3790.0
1,across_radii,RF,RF_20km,RF_10km,ok,jaccard_top10,TH54,0.7684159845931632,1809.0,1864.0,1596.0,2077.0
1,across_radii,RF,RF_20km,RF_10km,ok,jaccard_top10,TH55,0.8832293832293833,2715.0,2720.0,2549.0,2886.0
1,across_radii,RF,RF_20km,RF_10km,ok,jaccard_top10,TH56,0.8110079575596817,2848.0,2614.0,2446.0,3016.0
1,across_radii,RF,RF_20km,RF_10km,ok,jaccard_top10,TH57,0.874973623127242,9107.0,8664.0,8293.0,9478.0
1,across_radii,RF,RF_20km,RF_10km,ok,jaccard_top10,TH58,0.8099787685774947,774.0,931.0,763.0,942.0
1,across_radii,RF,RF_25km,RF_10km,ok,ssim_raw_7,TH50,0.8688135147094727,,,,
1,across_radii,RF,RF_25km,RF_10km,ok,ssim_raw_7,TH51,0.9255247116088867,,,,
1,across_radii,RF,RF_25km,RF_10km,ok,ssim_raw_7,TH52,0.8933859467506409,,,,
1,across_radii,RF,RF_25km,RF_10km,ok,ssim_raw_7,TH53,0.9208187460899353,,,,
1,across_radii,RF,RF_25km,RF_10km,ok,ssim_raw_7,TH54,0.9107760190963745,,,,
1,across_radii,RF,RF_25km,RF_10km,ok,ssim_raw_7,TH55,0.8733760118484497,,,,
1,across_radii,RF,RF_25km,RF_10km,ok,ssim_raw_7,TH56,0.8913362622261047,,,,
1,across_radii,RF,RF_25km,RF_10km,ok,ssim_raw_7,TH57,0.9116754531860352,,,,
1,across_radii,RF,RF_25km,RF_10km,ok,ssim_raw_7,TH58,0.7675697207450867,,,,
1,across_radii,RF,RF_25km,RF_10km,ok,ssim_rank_7,TH50,0.8143962621688843,,,,
1,across_radii,RF,RF_25km,RF_10km,ok,ssim_rank_7,TH51,0.8771868348121643,,,,
1,across_radii,RF,RF_25km,RF_10km,ok,ssim_rank_7,TH52,0.7981427907943726,,,,
1,across_radii,RF,RF_25km,RF_10km,ok,ssim_rank_7,TH53,0.8192002773284912,,,,
1,across_radii,RF,RF_25km,RF_10km,ok,ssim_rank_7,TH54,0.8045514822006226,,,,
1,across_radii,RF,RF_25km,RF_10km,ok,ssim_rank_7,TH55,0.7419068813323975,,,,
1,across_radii,RF,RF_25km,RF_10km,ok,ssim_rank_7,TH56,0.7861554026603699,,,,
1,across_radii,RF,RF_25km,RF_10km,ok,ssim_rank_7,TH57,0.8394794464111328,,,,
1,across_radii,RF,RF_25km,RF_10km,ok,ssim_rank_7,TH58,0.6720713973045349,,,,
1,across_radii,RF,RF_25km,RF_10km,ok,ssim_raw_21,TH50,0.8904579281806946,,,,
1,across_radii,RF,RF_25km,RF_10km,ok,ssim_raw_21,TH51,0.9475329518318176,,,,
1,across_radii,RF,RF_25km,RF_10km,ok,ssim_raw_21,TH52,0.9089085459709167,,,,
1,across_radii,RF,RF_25km,RF_10km,ok,ssim_raw_21,TH53,0.9369247555732727,,,,
1,across_radii,RF,RF_25km,RF_10km,ok,ssim_raw_21,TH54,0.9257282018661499,,,,
1,across_radii,RF,RF_25km,RF_10km,ok,ssim_raw_21,TH55,0.8893201947212219,,,,
1,across_radii,RF,RF_25km,RF_10km,ok,ssim_raw_21,TH56,0.9033960700035095,,,,
1,across_radii,RF,RF_25km,RF_10km,ok,ssim_raw_21,TH57,0.9337964057922363,,,,
1,across_radii,RF,RF_25km,RF_10km,ok,ssim_raw_21,TH58,0.8037359118461609,,,,
1,across_radii,RF,RF_25km,RF_10km,ok,ssim_rank_21,TH50,0.8663865327835083,,,,
1,across_radii,RF,RF_25km,RF_10km,ok,ssim_rank_21,TH51,0.9332164525985718,,,,
1,across_radii,RF,RF_25km,RF_10km,ok,ssim_rank_21,TH52,0.8660110831260681,,,,
1,across_radii,RF,RF_25km,RF_10km,ok,ssim_rank_21,TH53,0.9020540714263916,,,,
1,across_radii,RF,RF_25km,RF_10km,ok,ssim_rank_21,TH54,0.8567942976951599,,,,
1,across_radii,RF,RF_25km,RF_10km,ok,ssim_rank_21,TH55,0.8203170299530029,,,,
1,across_radii,RF,RF_25km,RF_10km,ok,ssim_rank_21,TH56,0.8552868366241455,,,,
1,across_radii,RF,RF_25km,RF_10km,ok,ssim_rank_21,TH57,0.8793524503707886,,,,
1,across_radii,RF,RF_25km,RF_10km,ok,ssim_rank_21,TH58,0.7522268295288086,,,,
1,across_radii,RF,RF_25km,RF_10km,ok,jaccard_top10,TH50,0.8663650408298389,8410.0,8503.0,7851.0,9062.0
1,across_radii,RF,RF_25km,RF_10km,ok,jaccard_top10,TH51,0.8826485368016553,3155.0,3214.0,2986.0,3383.0
1,across_radii,RF,RF_25km,RF_10km,ok,jaccard_top10,TH52,0.8746951219512196,6115.0,6183.0,5738.0,6560.0
1,across_radii,RF,RF_25km,RF_10km,ok,jaccard_top10,TH53,0.8307894736842105,3444.0,3513.0,3157.0,3800.0
1,across_radii,RF,RF_25km,RF_10km,ok,jaccard_top10,TH54,0.797747306562194,1807.0,1864.0,1629.0,2042.0
1,across_radii,RF,RF_25km,RF_10km,ok,jaccard_top10,TH55,0.872863978127136,2760.0,2720.0,2554.0,2926.0
1,across_radii,RF,RF_25km,RF_10km,ok,jaccard_top10,TH56,0.8281622911694511,2748.0,2614.0,2429.0,2933.0
1,across_radii,RF,RF_25km,RF_10km,ok,jaccard_top10,TH57,0.8710359408033826,9036.0,8664.0,8240.0,9460.0
1,across_radii,RF,RF_25km,RF_10km,ok,jaccard_top10,TH58,0.7718550106609808,731.0,931.0,724.0,938.0
1,across_radii,RF,RF_Rinf,RF_10km,ok,ssim_raw_7,TH50,0.8484009504318237,,,,
1,across_radii,RF,RF_Rinf,RF_10km,ok,ssim_raw_7,TH51,0.9123654961585999,,,,
1,across_radii,RF,RF_Rinf,RF_10km,ok,ssim_raw_7,TH52,0.8788589239120483,,,,
1,across_radii,RF,RF_Rinf,RF_10km,ok,ssim_raw_7,TH53,0.8979723453521729,,,,
1,across_radii,RF,RF_Rinf,RF_10km,ok,ssim_raw_7,TH54,0.8919660449028015,,,,
1,across_radii,RF,RF_Rinf,RF_10km,ok,ssim_raw_7,TH55,0.8490945100784302,,,,
1,across_radii,RF,RF_Rinf,RF_10km,ok,ssim_raw_7,TH56,0.871240496635437,,,,
1,across_radii,RF,RF_Rinf,RF_10km,ok,ssim_raw_7,TH57,0.8938575983047485,,,,
1,across_radii,RF,RF_Rinf,RF_10km,ok,ssim_raw_7,TH58,0.7341042757034302,,,,
1,across_radii,RF,RF_Rinf,RF_10km,ok,ssim_rank_7,TH50,0.7919734120368958,,,,
1,across_radii,RF,RF_Rinf,RF_10km,ok,ssim_rank_7,TH51,0.8703175783157349,,,,
1,across_radii,RF,RF_Rinf,RF_10km,ok,ssim_rank_7,TH52,0.793684184551239,,,,
1,across_radii,RF,RF_Rinf,RF_10km,ok,ssim_rank_7,TH53,0.8093066215515137,,,,
1,across_radii,RF,RF_Rinf,RF_10km,ok,ssim_rank_7,TH54,0.7943183183670044,,,,
1,across_radii,RF,RF_Rinf,RF_10km,ok,ssim_rank_7,TH55,0.7264280319213867,,,,
1,across_radii,RF,RF_Rinf,RF_10km,ok,ssim_rank_7,TH56,0.7634444832801819,,,,
1,across_radii,RF,RF_Rinf,RF_10km,ok,ssim_rank_7,TH57,0.8172762989997864,,,,
1,across_radii,RF,RF_Rinf,RF_10km,ok,ssim_rank_7,TH58,0.6296331286430359,,,,
1,across_radii,RF,RF_Rinf,RF_10km,ok,ssim_raw_21,TH50,0.8677429556846619,,,,
1,across_radii,RF,RF_Rinf,RF_10km,ok,ssim_raw_21,TH51,0.9348335266113281,,,,
1,across_radii,RF,RF_Rinf,RF_10km,ok,ssim_raw_21,TH52,0.8957986831665039,,,,
1,across_radii,RF,RF_Rinf,RF_10km,ok,ssim_raw_21,TH53,0.9144243001937866,,,,
1,across_radii,RF,RF_Rinf,RF_10km,ok,ssim_raw_21,TH54,0.907028079032898,,,,
1,across_radii,RF,RF_Rinf,RF_10km,ok,ssim_raw_21,TH55,0.8708357810974121,,,,
1,across_radii,RF,RF_Rinf,RF_10km,ok,ssim_raw_21,TH56,0.8885481357574463,,,,
1,across_radii,RF,RF_Rinf,RF_10km,ok,ssim_raw_21,TH57,0.9241630434989929,,,,
1,across_radii,RF,RF_Rinf,RF_10km,ok,ssim_raw_21,TH58,0.7698477506637573,,,,
1,across_radii,RF,RF_Rinf,RF_10km,ok,ssim_rank_21,TH50,0.843866765499115,,,,
1,across_radii,RF,RF_Rinf,RF_10km,ok,ssim_rank_21,TH51,0.9261152148246765,,,,
1,across_radii,RF,RF_Rinf,RF_10km,ok,ssim_rank_21,TH52,0.8609400987625122,,,,
1,across_radii,RF,RF_Rinf,RF_10km,ok,ssim_rank_21,TH53,0.893258810043335,,,,
1,across_radii,RF,RF_Rinf,RF_10km,ok,ssim_rank_21,TH54,0.8469573855400085,,,,
1,across_radii,RF,RF_Rinf,RF_10km,ok,ssim_rank_21,TH55,0.7973347306251526,,,,
1,across_radii,RF,RF_Rinf,RF_10km,ok,ssim_rank_21,TH56,0.8316963911056519,,,,
1,across_radii,RF,RF_Rinf,RF_10km,ok,ssim_rank_21,TH57,0.859566867351532,,,,
1,across_radii,RF,RF_Rinf,RF_10km,ok,ssim_rank_21,TH58,0.7057604789733887,,,,
1,across_radii,RF,RF_Rinf,RF_10km,ok,jaccard_top10,TH50,0.8346576684445411,8352.0,8503.0,7668.0,9187.0
1,across_radii,RF,RF_Rinf,RF_10km,ok,jaccard_top10,TH51,0.8562735439003187,3192.0,3214.0,2955.0,3451.0
1,across_radii,RF,RF_Rinf,RF_10km,ok,jaccard_top10,TH52,0.8422155688622754,6123.0,6183.0,5626.0,6680.0
1,across_radii,RF,RF_Rinf,RF_10km,ok,jaccard_top10,TH53,0.7862576064908722,3532.0,3513.0,3101.0,3944.0
1,across_radii,RF,RF_Rinf,RF_10km,ok,jaccard_top10,TH54,0.7432683379758589,1891.0,1864.0,1601.0,2154.0
1,across_radii,RF,RF_Rinf,RF_10km,ok,jaccard_top10,TH55,0.8488451086956522,2723.0,2720.0,2499.0,2944.0
1,across_radii,RF,RF_Rinf,RF_10km,ok,jaccard_top10,TH56,0.7993311036789298,2766.0,2614.0,2390.0,2990.0
1,across_radii,RF,RF_Rinf,RF_10km,ok,jaccard_top10,TH57,0.8628281117696867,8936.0,8664.0,8152.0,9448.0
1,across_radii,RF,RF_Rinf,RF_10km,ok,jaccard_top10,TH58,0.7182203389830508,691.0,931.0,678.0,944.0
1,across_radii,XGB,XGB_1km,XGB_10km,ok,ssim_raw_7,TH50,0.15694314241409302,,,,
1,across_radii,XGB,XGB_1km,XGB_10km,ok,ssim_raw_7,TH51,0.2674478590488434,,,,
1,across_radii,XGB,XGB_1km,XGB_10km,ok,ssim_raw_7,TH52,0.20970092713832855,,,,
1,across_radii,XGB,XGB_1km,XGB_10km,ok,ssim_raw_7,TH53,0.25702378153800964,,,,
1,across_radii,XGB,XGB_1km,XGB_10km,ok,ssim_raw_7,TH54,0.24609443545341492,,,,
1,across_radii,XGB,XGB_1km,XGB_10km,ok,ssim_raw_7,TH55,0.13717234134674072,,,,
1,across_radii,XGB,XGB_1km,XGB_10km,ok,ssim_raw_7,TH56,0.2196623533964157,,,,
1,across_radii,XGB,XGB_1km,XGB_10km,ok,ssim_raw_7,TH57,0.26106563210487366,,,,
1,across_radii,XGB,XGB_1km,XGB_10km,ok,ssim_raw_7,TH58,0.06644555181264877,,,,
1,across_radii,XGB,XGB_1km,XGB_10km,ok,ssim_rank_7,TH50,0.2541893720626831,,,,
1,across_radii,XGB,XGB_1km,XGB_10km,ok,ssim_rank_7,TH51,0.3243926763534546,,,,
1,across_radii,XGB,XGB_1km,XGB_10km,ok,ssim_rank_7,TH52,0.3666546046733856,,,,
1,across_radii,XGB,XGB_1km,XGB_10km,ok,ssim_rank_7,TH53,0.303122878074646,,,,
1,across_radii,XGB,XGB_1km,XGB_10km,ok,ssim_rank_7,TH54,0.3444349765777588,,,,
1,across_radii,XGB,XGB_1km,XGB_10km,ok,ssim_rank_7,TH55,0.27782878279685974,,,,
1,across_radii,XGB,XGB_1km,XGB_10km,ok,ssim_rank_7,TH56,0.27292174100875854,,,,
1,across_radii,XGB,XGB_1km,XGB_10km,ok,ssim_rank_7,TH57,0.24812400341033936,,,,
1,across_radii,XGB,XGB_1km,XGB_10km,ok,ssim_rank_7,TH58,0.20640824735164642,,,,
1,across_radii,XGB,XGB_1km,XGB_10km,ok,ssim_raw_21,TH50,0.15450051426887512,,,,
1,across_radii,XGB,XGB_1km,XGB_10km,ok,ssim_raw_21,TH51,0.30022040009498596,,,,
1,across_radii,XGB,XGB_1km,XGB_10km,ok,ssim_raw_21,TH52,0.2382332682609558,,,,
1,across_radii,XGB,XGB_1km,XGB_10km,ok,ssim_raw_21,TH53,0.3171605169773102,,,,
1,across_radii,XGB,XGB_1km,XGB_10km,ok,ssim_raw_21,TH54,0.2745155096054077,,,,
1,across_radii,XGB,XGB_1km,XGB_10km,ok,ssim_raw_21,TH55,0.14192833006381989,,,,
1,across_radii,XGB,XGB_1km,XGB_10km,ok,ssim_raw_21,TH56,0.21665100753307343,,,,
1,across_radii,XGB,XGB_1km,XGB_10km,ok,ssim_raw_21,TH57,0.2696947455406189,,,,
1,across_radii,XGB,XGB_1km,XGB_10km,ok,ssim_raw_21,TH58,0.06848277896642685,,,,
1,across_radii,XGB,XGB_1km,XGB_10km,ok,ssim_rank_21,TH50,0.13128630816936493,,,,
1,across_radii,XGB,XGB_1km,XGB_10km,ok,ssim_rank_21,TH51,0.26267266273498535,,,,
1,across_radii,XGB,XGB_1km,XGB_10km,ok,ssim_rank_21,TH52,0.3499920070171356,,,,
1,across_radii,XGB,XGB_1km,XGB_10km,ok,ssim_rank_21,TH53,0.2520788013935089,,,,
1,across_radii,XGB,XGB_1km,XGB_10km,ok,ssim_rank_21,TH54,0.2972092926502228,,,,
1,across_radii,XGB,XGB_1km,XGB_10km,ok,ssim_rank_21,TH55,0.14996613562107086,,,,
1,across_radii,XGB,XGB_1km,XGB_10km,ok,ssim_rank_21,TH56,0.17908893525600433,,,,
1,across_radii,XGB,XGB_1km,XGB_10km,ok,ssim_rank_21,TH57,0.14300309121608734,,,,
1,across_radii,XGB,XGB_1km,XGB_10km,ok,ssim_rank_21,TH58,0.02440628409385681,,,,
1,across_radii,XGB,XGB_1km,XGB_10km,ok,jaccard_top10,TH50,0.13843938957673482,10874.0,8895.0,2404.0,17365.0
1,across_radii,XGB,XGB_1km,XGB_10km,ok,jaccard_top10,TH51,0.2191194968553459,1618.0,3228.0,871.0,3975.0
1,across_radii,XGB,XGB_1km,XGB_10km,ok,jaccard_top10,TH52,0.2361241768579492,7137.0,6003.0,2510.0,10630.0
1,across_radii,XGB,XGB_1km,XGB_10km,ok,jaccard_top10,TH53,0.15182648401826485,1848.0,3197.0,665.0,4380.0
1,across_radii,XGB,XGB_1km,XGB_10km,ok,jaccard_top10,TH54,0.23727137913989124,1092.0,1411.0,480.0,2023.0
1,across_radii,XGB,XGB_1km,XGB_10km,ok,jaccard_top10,TH55,0.14952681388012617,2556.0,2910.0,711.0,4755.0
1,across_radii,XGB,XGB_1km,XGB_10km,ok,jaccard_top10,TH56,0.16529930112427835,1891.0,1944.0,544.0,3291.0
1,across_radii,XGB,XGB_1km,XGB_10km,ok,jaccard_top10,TH57,0.18894612051344944,4840.0,9702.0,2311.0,12231.0
1,across_radii,XGB,XGB_1km,XGB_10km,ok,jaccard_top10,TH58,0.056548916993749095,6352.0,916.0,389.0,6879.0
1,across_radii,XGB,XGB_5km,XGB_10km,ok,ssim_raw_7,TH50,0.7528439164161682,,,,
1,across_radii,XGB,XGB_5km,XGB_10km,ok,ssim_raw_7,TH51,0.8386479020118713,,,,
1,across_radii,XGB,XGB_5km,XGB_10km,ok,ssim_raw_7,TH52,0.7757595777511597,,,,
1,across_radii,XGB,XGB_5km,XGB_10km,ok,ssim_raw_7,TH53,0.8340255618095398,,,,
1,across_radii,XGB,XGB_5km,XGB_10km,ok,ssim_raw_7,TH54,0.8333659768104553,,,,
1,across_radii,XGB,XGB_5km,XGB_10km,ok,ssim_raw_7,TH55,0.7927627563476562,,,,
1,across_radii,XGB,XGB_5km,XGB_10km,ok,ssim_raw_7,TH56,0.8339810371398926,,,,
1,across_radii,XGB,XGB_5km,XGB_10km,ok,ssim_raw_7,TH57,0.7647430896759033,,,,
1,across_radii,XGB,XGB_5km,XGB_10km,ok,ssim_raw_7,TH58,0.6555051207542419,,,,
1,across_radii,XGB,XGB_5km,XGB_10km,ok,ssim_rank_7,TH50,0.7504338622093201,,,,
1,across_radii,XGB,XGB_5km,XGB_10km,ok,ssim_rank_7,TH51,0.8499462604522705,,,,
1,across_radii,XGB,XGB_5km,XGB_10km,ok,ssim_rank_7,TH52,0.8144219517707825,,,,
1,across_radii,XGB,XGB_5km,XGB_10km,ok,ssim_rank_7,TH53,0.7927768230438232,,,,
1,across_radii,XGB,XGB_5km,XGB_10km,ok,ssim_rank_7,TH54,0.7914465665817261,,,,
1,across_radii,XGB,XGB_5km,XGB_10km,ok,ssim_rank_7,TH55,0.7626216411590576,,,,
1,across_radii,XGB,XGB_5km,XGB_10km,ok,ssim_rank_7,TH56,0.8037937879562378,,,,
1,across_radii,XGB,XGB_5km,XGB_10km,ok,ssim_rank_7,TH57,0.8153528571128845,,,,
1,across_radii,XGB,XGB_5km,XGB_10km,ok,ssim_rank_7,TH58,0.717161238193512,,,,
1,across_radii,XGB,XGB_5km,XGB_10km,ok,ssim_raw_21,TH50,0.7704576253890991,,,,
1,across_radii,XGB,XGB_5km,XGB_10km,ok,ssim_raw_21,TH51,0.877754271030426,,,,
1,across_radii,XGB,XGB_5km,XGB_10km,ok,ssim_raw_21,TH52,0.8035591840744019,,,,
1,across_radii,XGB,XGB_5km,XGB_10km,ok,ssim_raw_21,TH53,0.8636665940284729,,,,
1,across_radii,XGB,XGB_5km,XGB_10km,ok,ssim_raw_21,TH54,0.8470979332923889,,,,
1,across_radii,XGB,XGB_5km,XGB_10km,ok,ssim_raw_21,TH55,0.8126954436302185,,,,
1,across_radii,XGB,XGB_5km,XGB_10km,ok,ssim_raw_21,TH56,0.8448590636253357,,,,
1,across_radii,XGB,XGB_5km,XGB_10km,ok,ssim_raw_21,TH57,0.7809069752693176,,,,
1,across_radii,XGB,XGB_5km,XGB_10km,ok,ssim_raw_21,TH58,0.6470203399658203,,,,
1,across_radii,XGB,XGB_5km,XGB_10km,ok,ssim_rank_21,TH50,0.7712409496307373,,,,
1,across_radii,XGB,XGB_5km,XGB_10km,ok,ssim_rank_21,TH51,0.8832111954689026,,,,
1,across_radii,XGB,XGB_5km,XGB_10km,ok,ssim_rank_21,TH52,0.8526806235313416,,,,
1,across_radii,XGB,XGB_5km,XGB_10km,ok,ssim_rank_21,TH53,0.847235918045044,,,,
1,across_radii,XGB,XGB_5km,XGB_10km,ok,ssim_rank_21,TH54,0.8278277516365051,,,,
1,across_radii,XGB,XGB_5km,XGB_10km,ok,ssim_rank_21,TH55,0.7978529334068298,,,,
1,across_radii,XGB,XGB_5km,XGB_10km,ok,ssim_rank_21,TH56,0.8593173623085022,,,,
1,across_radii,XGB,XGB_5km,XGB_10km,ok,ssim_rank_21,TH57,0.8401355743408203,,,,
1,across_radii,XGB,XGB_5km,XGB_10km,ok,ssim_rank_21,TH58,0.736980676651001,,,,
1,across_radii,XGB,XGB_5km,XGB_10km,ok,jaccard_top10,TH50,0.7648803638520862,8955.0,8895.0,7736.0,10114.0
1,across_radii,XGB,XGB_5km,XGB_10km,ok,jaccard_top10,TH51,0.825503355704698,3300.0,3228.0,2952.0,3576.0
1,across_radii,XGB,XGB_5km,XGB_10km,ok,jaccard_top10,TH52,0.7312079153497321,6595.0,6003.0,5321.0,7277.0
1,across_radii,XGB,XGB_5km,XGB_10km,ok,jaccard_top10,TH53,0.6508813470139437,3078.0,3197.0,2474.0,3801.0
1,across_radii,XGB,XGB_5km,XGB_10km,ok,jaccard_top10,TH54,0.6417647058823529,1380.0,1411.0,1091.0,1700.0
1,across_radii,XGB,XGB_5km,XGB_10km,ok,jaccard_top10,TH55,0.7414781297134239,2863.0,2910.0,2458.0,3315.0
1,across_radii,XGB,XGB_5km,XGB_10km,ok,jaccard_top10,TH56,0.6590805644060082,1701.0,1944.0,1448.0,2197.0
1,across_radii,XGB,XGB_5km,XGB_10km,ok,jaccard_top10,TH57,0.7659334461364918,9084.0,9702.0,8148.0,10638.0
1,across_radii,XGB,XGB_5km,XGB_10km,ok,jaccard_top10,TH58,0.5361702127659574,1250.0,916.0,756.0,1410.0
1,across_radii,XGB,XGB_20km,XGB_10km,ok,ssim_raw_7,TH50,0.8999643921852112,,,,
1,across_radii,XGB,XGB_20km,XGB_10km,ok,ssim_raw_7,TH51,0.8846984505653381,,,,
1,across_radii,XGB,XGB_20km,XGB_10km,ok,ssim_raw_7,TH52,0.8979062438011169,,,,
1,across_radii,XGB,XGB_20km,XGB_10km,ok,ssim_raw_7,TH53,0.8444949388504028,,,,
1,across_radii,XGB,XGB_20km,XGB_10km,ok,ssim_raw_7,TH54,0.8928908109664917,,,,
1,across_radii,XGB,XGB_20km,XGB_10km,ok,ssim_raw_7,TH55,0.9205310344696045,,,,
1,across_radii,XGB,XGB_20km,XGB_10km,ok,ssim_raw_7,TH56,0.8728858828544617,,,,
1,across_radii,XGB,XGB_20km,XGB_10km,ok,ssim_raw_7,TH57,0.8494980931282043,,,,
1,across_radii,XGB,XGB_20km,XGB_10km,ok,ssim_raw_7,TH58,0.922092080116272,,,,
1,across_radii,XGB,XGB_20km,XGB_10km,ok,ssim_rank_7,TH50,0.8247431516647339,,,,
1,across_radii,XGB,XGB_20km,XGB_10km,ok,ssim_rank_7,TH51,0.8917553424835205,,,,
1,across_radii,XGB,XGB_20km,XGB_10km,ok,ssim_rank_7,TH52,0.8605775833129883,,,,
1,across_radii,XGB,XGB_20km,XGB_10km,ok,ssim_rank_7,TH53,0.8744419813156128,,,,
1,across_radii,XGB,XGB_20km,XGB_10km,ok,ssim_rank_7,TH54,0.851327121257782,,,,
1,across_radii,XGB,XGB_20km,XGB_10km,ok,ssim_rank_7,TH55,0.8217523097991943,,,,
1,across_radii,XGB,XGB_20km,XGB_10km,ok,ssim_rank_7,TH56,0.8911852836608887,,,,
1,across_radii,XGB,XGB_20km,XGB_10km,ok,ssim_rank_7,TH57,0.8758968710899353,,,,
1,across_radii,XGB,XGB_20km,XGB_10km,ok,ssim_rank_7,TH58,0.743058979511261,,,,
1,across_radii,XGB,XGB_20km,XGB_10km,ok,ssim_raw_21,TH50,0.8873291611671448,,,,
1,across_radii,XGB,XGB_20km,XGB_10km,ok,ssim_raw_21,TH51,0.8902068734169006,,,,
1,across_radii,XGB,XGB_20km,XGB_10km,ok,ssim_raw_21,TH52,0.8949210047721863,,,,
1,across_radii,XGB,XGB_20km,XGB_10km,ok,ssim_raw_21,TH53,0.835506796836853,,,,
1,across_radii,XGB,XGB_20km,XGB_10km,ok,ssim_raw_21,TH54,0.8700915575027466,,,,
1,across_radii,XGB,XGB_20km,XGB_10km,ok,ssim_raw_21,TH55,0.9042642116546631,,,,
1,across_radii,XGB,XGB_20km,XGB_10km,ok,ssim_raw_21,TH56,0.8541595935821533,,,,
1,across_radii,XGB,XGB_20km,XGB_10km,ok,ssim_raw_21,TH57,0.8418552279472351,,,,
1,across_radii,XGB,XGB_20km,XGB_10km,ok,ssim_raw_21,TH58,0.890825629234314,,,,
1,across_radii,XGB,XGB_20km,XGB_10km,ok,ssim_rank_21,TH50,0.8891007900238037,,,,
1,across_radii,XGB,XGB_20km,XGB_10km,ok,ssim_rank_21,TH51,0.9369572401046753,,,,
1,across_radii,XGB,XGB_20km,XGB_10km,ok,ssim_rank_21,TH52,0.9140287041664124,,,,
1,across_radii,XGB,XGB_20km,XGB_10km,ok,ssim_rank_21,TH53,0.9254977107048035,,,,
1,across_radii,XGB,XGB_20km,XGB_10km,ok,ssim_rank_21,TH54,0.9090524911880493,,,,
1,across_radii,XGB,XGB_20km,XGB_10km,ok,ssim_rank_21,TH55,0.8850838541984558,,,,
1,across_radii,XGB,XGB_20km,XGB_10km,ok,ssim_rank_21,TH56,0.9350982904434204,,,,
1,across_radii,XGB,XGB_20km,XGB_10km,ok,ssim_rank_21,TH57,0.9228551983833313,,,,
1,across_radii,XGB,XGB_20km,XGB_10km,ok,ssim_rank_21,TH58,0.8247581124305725,,,,
1,across_radii,XGB,XGB_20km,XGB_10km,ok,jaccard_top10,TH50,0.7856927861944416,8903.0,8895.0,7831.0,9967.0
1,across_radii,XGB,XGB_20km,XGB_10km,ok,jaccard_top10,TH51,0.8109424233743913,3094.0,3228.0,2831.0,3491.0
1,across_radii,XGB,XGB_20km,XGB_10km,ok,jaccard_top10,TH52,0.7499254399045631,5732.0,6003.0,5029.0,6706.0
1,across_radii,XGB,XGB_20km,XGB_10km,ok,jaccard_top10,TH53,0.6502692119432207,3546.0,3197.0,2657.0,4086.0
1,across_radii,XGB,XGB_20km,XGB_10km,ok,jaccard_top10,TH54,0.6069459757442117,1504.0,1411.0,1101.0,1814.0
1,across_radii,XGB,XGB_20km,XGB_10km,ok,jaccard_top10,TH55,0.7482736974262398,2660.0,2910.0,2384.0,3186.0
1,across_radii,XGB,XGB_20km,XGB_10km,ok,jaccard_top10,TH56,0.6496529195590037,2096.0,1944.0,1591.0,2449.0
1,across_radii,XGB,XGB_20km,XGB_10km,ok,jaccard_top10,TH57,0.7977423267095811,9568.0,9702.0,8551.0,10719.0
1,across_radii,XGB,XGB_20km,XGB_10km,ok,jaccard_top10,TH58,0.6727423363711682,1103.0,916.0,812.0,1207.0
1,across_radii,XGB,XGB_25km,XGB_10km,ok,ssim_raw_7,TH50,0.9076921343803406,,,,
1,across_radii,XGB,XGB_25km,XGB_10km,ok,ssim_raw_7,TH51,0.8957884907722473,,,,
1,across_radii,XGB,XGB_25km,XGB_10km,ok,ssim_raw_7,TH52,0.9085126519203186,,,,
1,across_radii,XGB,XGB_25km,XGB_10km,ok,ssim_raw_7,TH53,0.8818907141685486,,,,
1,across_radii,XGB,XGB_25km,XGB_10km,ok,ssim_raw_7,TH54,0.9234021306037903,,,,
1,across_radii,XGB,XGB_25km,XGB_10km,ok,ssim_raw_7,TH55,0.9400773644447327,,,,
1,across_radii,XGB,XGB_25km,XGB_10km,ok,ssim_raw_7,TH56,0.8741365075111389,,,,
1,across_radii,XGB,XGB_25km,XGB_10km,ok,ssim_raw_7,TH57,0.8677839636802673,,,,
1,across_radii,XGB,XGB_25km,XGB_10km,ok,ssim_raw_7,TH58,0.9328187108039856,,,,
1,across_radii,XGB,XGB_25km,XGB_10km,ok,ssim_rank_7,TH50,0.833800196647644,,,,
1,across_radii,XGB,XGB_25km,XGB_10km,ok,ssim_rank_7,TH51,0.9031872153282166,,,,
1,across_radii,XGB,XGB_25km,XGB_10km,ok,ssim_rank_7,TH52,0.884479284286499,,,,
1,across_radii,XGB,XGB_25km,XGB_10km,ok,ssim_rank_7,TH53,0.8862557411193848,,,,
1,across_radii,XGB,XGB_25km,XGB_10km,ok,ssim_rank_7,TH54,0.8707311749458313,,,,
1,across_radii,XGB,XGB_25km,XGB_10km,ok,ssim_rank_7,TH55,0.8581080436706543,,,,
1,across_radii,XGB,XGB_25km,XGB_10km,ok,ssim_rank_7,TH56,0.8760825395584106,,,,
1,across_radii,XGB,XGB_25km,XGB_10km,ok,ssim_rank_7,TH57,0.8659564852714539,,,,
1,across_radii,XGB,XGB_25km,XGB_10km,ok,ssim_rank_7,TH58,0.7615969777107239,,,,
1,across_radii,XGB,XGB_25km,XGB_10km,ok,ssim_raw_21,TH50,0.8919389843940735,,,,
1,across_radii,XGB,XGB_25km,XGB_10km,ok,ssim_raw_21,TH51,0.9074745774269104,,,,
1,across_radii,XGB,XGB_25km,XGB_10km,ok,ssim_raw_21,TH52,0.9170753359794617,,,,
1,across_radii,XGB,XGB_25km,XGB_10km,ok,ssim_raw_21,TH53,0.890080988407135,,,,
1,across_radii,XGB,XGB_25km,XGB_10km,ok,ssim_raw_21,TH54,0.9204621911048889,,,,
1,across_radii,XGB,XGB_25km,XGB_10km,ok,ssim_raw_21,TH55,0.935636043548584,,,,
1,across_radii,XGB,XGB_25km,XGB_10km,ok,ssim_raw_21,TH56,0.8728914260864258,,,,
1,across_radii,XGB,XGB_25km,XGB_10km,ok,ssim_raw_21,TH57,0.8722326159477234,,,,
1,across_radii,XGB,XGB_25km,XGB_10km,ok,ssim_raw_21,TH58,0.9138650298118591,,,,
1,across_radii,XGB,XGB_25km,XGB_10km,ok,ssim_rank_21,TH50,0.888322651386261,,,,
1,across_radii,XGB,XGB_25km,XGB_10km,ok,ssim_rank_21,TH51,0.94175124168396,,,,
1,across_radii,XGB,XGB_25km,XGB_10km,ok,ssim_rank_21,TH52,0.9207248091697693,,,,
1,across_radii,XGB,XGB_25km,XGB_10km,ok,ssim_rank_21,TH53,0.9253526926040649,,,,
1,across_radii,XGB,XGB_25km,XGB_10km,ok,ssim_rank_21,TH54,0.9112531542778015,,,,
1,across_radii,XGB,XGB_25km,XGB_10km,ok,ssim_rank_21,TH55,0.9050982594490051,,,,
1,across_radii,XGB,XGB_25km,XGB_10km,ok,ssim_rank_21,TH56,0.917527437210083,,,,
1,across_radii,XGB,XGB_25km,XGB_10km,ok,ssim_rank_21,TH57,0.9017807841300964,,,,
1,across_radii,XGB,XGB_25km,XGB_10km,ok,ssim_rank_21,TH58,0.8245508670806885,,,,
1,across_radii,XGB,XGB_25km,XGB_10km,ok,jaccard_top10,TH50,0.8127035830618893,8913.0,8895.0,7984.0,9824.0
1,across_radii,XGB,XGB_25km,XGB_10km,ok,jaccard_top10,TH51,0.8442050087361678,3105.0,3228.0,2899.0,3434.0
1,across_radii,XGB,XGB_25km,XGB_10km,ok,jaccard_top10,TH52,0.7899439648644555,5816.0,6003.0,5216.0,6603.0
1,across_radii,XGB,XGB_25km,XGB_10km,ok,jaccard_top10,TH53,0.6538849646821393,3359.0,3197.0,2592.0,3964.0
1,across_radii,XGB,XGB_25km,XGB_10km,ok,jaccard_top10,TH54,0.6387900355871886,1352.0,1411.0,1077.0,1686.0
1,across_radii,XGB,XGB_25km,XGB_10km,ok,jaccard_top10,TH55,0.7641935483870967,2559.0,2910.0,2369.0,3100.0
1,across_radii,XGB,XGB_25km,XGB_10km,ok,jaccard_top10,TH56,0.6351568785197104,2121.0,1944.0,1579.0,2486.0
1,across_radii,XGB,XGB_25km,XGB_10km,ok,jaccard_top10,TH57,0.8139106402579457,9988.0,9702.0,8835.0,10855.0
1,across_radii,XGB,XGB_25km,XGB_10km,ok,jaccard_top10,TH58,0.7029438001784122,993.0,916.0,788.0,1121.0
1,across_radii,XGB,XGB_Rinf,XGB_10km,ok,ssim_raw_7,TH50,0.8928079009056091,,,,
1,across_radii,XGB,XGB_Rinf,XGB_10km,ok,ssim_raw_7,TH51,0.8808736801147461,,,,
1,across_radii,XGB,XGB_Rinf,XGB_10km,ok,ssim_raw_7,TH52,0.9001796245574951,,,,
1,across_radii,XGB,XGB_Rinf,XGB_10km,ok,ssim_raw_7,TH53,0.8772028684616089,,,,
1,across_radii,XGB,XGB_Rinf,XGB_10km,ok,ssim_raw_7,TH54,0.9297109842300415,,,,
1,across_radii,XGB,XGB_Rinf,XGB_10km,ok,ssim_raw_7,TH55,0.9255943298339844,,,,
1,across_radii,XGB,XGB_Rinf,XGB_10km,ok,ssim_raw_7,TH56,0.8696504831314087,,,,
1,across_radii,XGB,XGB_Rinf,XGB_10km,ok,ssim_raw_7,TH57,0.8523074388504028,,,,
1,across_radii,XGB,XGB_Rinf,XGB_10km,ok,ssim_raw_7,TH58,0.9058984518051147,,,,
1,across_radii,XGB,XGB_Rinf,XGB_10km,ok,ssim_rank_7,TH50,0.783008337020874,,,,
1,across_radii,XGB,XGB_Rinf,XGB_10km,ok,ssim_rank_7,TH51,0.8844150304794312,,,,
1,across_radii,XGB,XGB_Rinf,XGB_10km,ok,ssim_rank_7,TH52,0.8574329018592834,,,,
1,across_radii,XGB,XGB_Rinf,XGB_10km,ok,ssim_rank_7,TH53,0.8643103837966919,,,,
1,across_radii,XGB,XGB_Rinf,XGB_10km,ok,ssim_rank_7,TH54,0.8465617895126343,,,,
1,across_radii,XGB,XGB_Rinf,XGB_10km,ok,ssim_rank_7,TH55,0.8104192614555359,,,,
1,across_radii,XGB,XGB_Rinf,XGB_10km,ok,ssim_rank_7,TH56,0.846345841884613,,,,
1,across_radii,XGB,XGB_Rinf,XGB_10km,ok,ssim_rank_7,TH57,0.8217224478721619,,,,
1,across_radii,XGB,XGB_Rinf,XGB_10km,ok,ssim_rank_7,TH58,0.6283094882965088,,,,
1,across_radii,XGB,XGB_Rinf,XGB_10km,ok,ssim_raw_21,TH50,0.878215491771698,,,,
1,across_radii,XGB,XGB_Rinf,XGB_10km,ok,ssim_raw_21,TH51,0.8853775858879089,,,,
1,across_radii,XGB,XGB_Rinf,XGB_10km,ok,ssim_raw_21,TH52,0.9114487767219543,,,,
1,across_radii,XGB,XGB_Rinf,XGB_10km,ok,ssim_raw_21,TH53,0.884544849395752,,,,
1,across_radii,XGB,XGB_Rinf,XGB_10km,ok,ssim_raw_21,TH54,0.9276086091995239,,,,
1,across_radii,XGB,XGB_Rinf,XGB_10km,ok,ssim_raw_21,TH55,0.9184776544570923,,,,
1,across_radii,XGB,XGB_Rinf,XGB_10km,ok,ssim_raw_21,TH56,0.875551164150238,,,,
1,across_radii,XGB,XGB_Rinf,XGB_10km,ok,ssim_raw_21,TH57,0.8640483617782593,,,,
1,across_radii,XGB,XGB_Rinf,XGB_10km,ok,ssim_raw_21,TH58,0.8742262721061707,,,,
1,across_radii,XGB,XGB_Rinf,XGB_10km,ok,ssim_rank_21,TH50,0.8493234515190125,,,,
1,across_radii,XGB,XGB_Rinf,XGB_10km,ok,ssim_rank_21,TH51,0.9326412081718445,,,,
1,across_radii,XGB,XGB_Rinf,XGB_10km,ok,ssim_rank_21,TH52,0.9028581380844116,,,,
1,across_radii,XGB,XGB_Rinf,XGB_10km,ok,ssim_rank_21,TH53,0.9117262959480286,,,,
1,across_radii,XGB,XGB_Rinf,XGB_10km,ok,ssim_rank_21,TH54,0.8951953053474426,,,,
1,across_radii,XGB,XGB_Rinf,XGB_10km,ok,ssim_rank_21,TH55,0.8680943846702576,,,,
1,across_radii,XGB,XGB_Rinf,XGB_10km,ok,ssim_rank_21,TH56,0.893893301486969,,,,
1,across_radii,XGB,XGB_Rinf,XGB_10km,ok,ssim_rank_21,TH57,0.8592338562011719,,,,
1,across_radii,XGB,XGB_Rinf,XGB_10km,ok,ssim_rank_21,TH58,0.723855197429657,,,,
1,across_radii,XGB,XGB_Rinf,XGB_10km,ok,jaccard_top10,TH50,0.8112502524742476,9040.0,8895.0,8033.0,9902.0
1,across_radii,XGB,XGB_Rinf,XGB_10km,ok,jaccard_top10,TH51,0.8300634737449509,3115.0,3228.0,2877.0,3466.0
1,across_radii,XGB,XGB_Rinf,XGB_10km,ok,jaccard_top10,TH52,0.786296408089345,5833.0,6003.0,5210.0,6626.0
1,across_radii,XGB,XGB_Rinf,XGB_10km,ok,jaccard_top10,TH53,0.6175270108043217,3540.0,3197.0,2572.0,4165.0
1,across_radii,XGB,XGB_Rinf,XGB_10km,ok,jaccard_top10,TH54,0.6503623188405797,1322.0,1411.0,1077.0,1656.0
1,across_radii,XGB,XGB_Rinf,XGB_10km,ok,jaccard_top10,TH55,0.7513411170716314,2640.0,2910.0,2381.0,3169.0
1,across_radii,XGB,XGB_Rinf,XGB_10km,ok,jaccard_top10,TH56,0.6404166666666666,1993.0,1944.0,1537.0,2400.0
1,across_radii,XGB,XGB_Rinf,XGB_10km,ok,jaccard_top10,TH57,0.803886925795053,9697.0,9702.0,8645.0,10754.0
1,across_radii,XGB,XGB_Rinf,XGB_10km,ok,jaccard_top10,TH58,0.682842287694974,1026.0,916.0,788.0,1154.0
1,across_radii,LR,LR_1km,LR_10km,ok,ssim_raw_7,TH50,0.18206433951854706,,,,
1,across_radii,LR,LR_1km,LR_10km,ok,ssim_raw_7,TH51,0.27506008744239807,,,,
1,across_radii,LR,LR_1km,LR_10km,ok,ssim_raw_7,TH52,0.22043728828430176,,,,
1,across_radii,LR,LR_1km,LR_10km,ok,ssim_raw_7,TH53,0.22831736505031586,,,,
1,across_radii,LR,LR_1km,LR_10km,ok,ssim_raw_7,TH54,0.20294982194900513,,,,
1,across_radii,LR,LR_1km,LR_10km,ok,ssim_raw_7,TH55,0.16320431232452393,,,,
1,across_radii,LR,LR_1km,LR_10km,ok,ssim_raw_7,TH56,0.26916900277137756,,,,
1,across_radii,LR,LR_1km,LR_10km,ok,ssim_raw_7,TH57,0.30472609400749207,,,,
1,across_radii,LR,LR_1km,LR_10km,ok,ssim_raw_7,TH58,0.10714367777109146,,,,
1,across_radii,LR,LR_1km,LR_10km,ok,ssim_rank_7,TH50,0.48896220326423645,,,,
1,across_radii,LR,LR_1km,LR_10km,ok,ssim_rank_7,TH51,0.4412394165992737,,,,
1,across_radii,LR,LR_1km,LR_10km,ok,ssim_rank_7,TH52,0.46002310514450073,,,,
1,across_radii,LR,LR_1km,LR_10km,ok,ssim_rank_7,TH53,0.43610286712646484,,,,
1,across_radii,LR,LR_1km,LR_10km,ok,ssim_rank_7,TH54,0.43999987840652466,,,,
1,across_radii,LR,LR_1km,LR_10km,ok,ssim_rank_7,TH55,0.4247528910636902,,,,
1,across_radii,LR,LR_1km,LR_10km,ok,ssim_rank_7,TH56,0.45862966775894165,,,,
1,across_radii,LR,LR_1km,LR_10km,ok,ssim_rank_7,TH57,0.4473045766353607,,,,
1,across_radii,LR,LR_1km,LR_10km,ok,ssim_rank_7,TH58,0.4633409380912781,,,,
1,across_radii,LR,LR_1km,LR_10km,ok,ssim_raw_21,TH50,0.2037775069475174,,,,
1,across_radii,LR,LR_1km,LR_10km,ok,ssim_raw_21,TH51,0.2956236004829407,,,,
1,across_radii,LR,LR_1km,LR_10km,ok,ssim_raw_21,TH52,0.21711775660514832,,,,
1,across_radii,LR,LR_1km,LR_10km,ok,ssim_raw_21,TH53,0.24875999987125397,,,,
1,across_radii,LR,LR_1km,LR_10km,ok,ssim_raw_21,TH54,0.1936296969652176,,,,
1,across_radii,LR,LR_1km,LR_10km,ok,ssim_raw_21,TH55,0.1934855729341507,,,,
1,across_radii,LR,LR_1km,LR_10km,ok,ssim_raw_21,TH56,0.23335514962673187,,,,
1,across_radii,LR,LR_1km,LR_10km,ok,ssim_raw_21,TH57,0.31861427426338196,,,,
1,across_radii,LR,LR_1km,LR_10km,ok,ssim_raw_21,TH58,0.15517762303352356,,,,
1,across_radii,LR,LR_1km,LR_10km,ok,ssim_rank_21,TH50,0.5160951614379883,,,,
1,across_radii,LR,LR_1km,LR_10km,ok,ssim_rank_21,TH51,0.43824559450149536,,,,
1,across_radii,LR,LR_1km,LR_10km,ok,ssim_rank_21,TH52,0.45595961809158325,,,,
1,across_radii,LR,LR_1km,LR_10km,ok,ssim_rank_21,TH53,0.43086546659469604,,,,
1,across_radii,LR,LR_1km,LR_10km,ok,ssim_rank_21,TH54,0.3925316333770752,,,,
1,across_radii,LR,LR_1km,LR_10km,ok,ssim_rank_21,TH55,0.42122548818588257,,,,
1,across_radii,LR,LR_1km,LR_10km,ok,ssim_rank_21,TH56,0.4022698998451233,,,,
1,across_radii,LR,LR_1km,LR_10km,ok,ssim_rank_21,TH57,0.45848768949508667,,,,
1,across_radii,LR,LR_1km,LR_10km,ok,ssim_rank_21,TH58,0.5201426148414612,,,,
1,across_radii,LR,LR_1km,LR_10km,ok,jaccard_top10,TH50,0.19519262430029635,9245.0,8904.0,2964.0,15185.0
1,across_radii,LR,LR_1km,LR_10km,ok,jaccard_top10,TH51,0.1763979537837361,3009.0,3660.0,1000.0,5669.0
1,across_radii,LR,LR_1km,LR_10km,ok,jaccard_top10,TH52,0.22540250447227192,10441.0,5999.0,3024.0,13416.0
1,across_radii,LR,LR_1km,LR_10km,ok,jaccard_top10,TH53,0.12075625127058345,2640.0,2873.0,594.0,4919.0
1,across_radii,LR,LR_1km,LR_10km,ok,jaccard_top10,TH54,0.19077013521457967,2545.0,1506.0,649.0,3402.0
1,across_radii,LR,LR_1km,LR_10km,ok,jaccard_top10,TH55,0.1946564885496183,2248.0,2760.0,816.0,4192.0
1,across_radii,LR,LR_1km,LR_10km,ok,jaccard_top10,TH56,0.12920718025430067,3039.0,3000.0,691.0,5348.0
1,across_radii,LR,LR_1km,LR_10km,ok,jaccard_top10,TH57,0.15378947368421053,2662.0,8299.0,1461.0,9500.0
1,across_radii,LR,LR_1km,LR_10km,ok,jaccard_top10,TH58,0.2797427652733119,2377.0,1205.0,783.0,2799.0
1,across_radii,LR,LR_5km,LR_10km,ok,ssim_raw_7,TH50,0.9660256505012512,,,,
1,across_radii,LR,LR_5km,LR_10km,ok,ssim_raw_7,TH51,0.9557695388793945,,,,
1,across_radii,LR,LR_5km,LR_10km,ok,ssim_raw_7,TH52,0.96749347448349,,,,
1,across_radii,LR,LR_5km,LR_10km,ok,ssim_raw_7,TH53,0.9561759233474731,,,,
1,across_radii,LR,LR_5km,LR_10km,ok,ssim_raw_7,TH54,0.9690029621124268,,,,
1,across_radii,LR,LR_5km,LR_10km,ok,ssim_raw_7,TH55,0.9734117388725281,,,,
1,across_radii,LR,LR_5km,LR_10km,ok,ssim_raw_7,TH56,0.9600429534912109,,,,
1,across_radii,LR,LR_5km,LR_10km,ok,ssim_raw_7,TH57,0.9588637948036194,,,,
1,across_radii,LR,LR_5km,LR_10km,ok,ssim_raw_7,TH58,0.9734967947006226,,,,
1,across_radii,LR,LR_5km,LR_10km,ok,ssim_rank_7,TH50,0.9841866493225098,,,,
1,across_radii,LR,LR_5km,LR_10km,ok,ssim_rank_7,TH51,0.9852997064590454,,,,
1,across_radii,LR,LR_5km,LR_10km,ok,ssim_rank_7,TH52,0.9823426008224487,,,,
1,across_radii,LR,LR_5km,LR_10km,ok,ssim_rank_7,TH53,0.9860965609550476,,,,
1,across_radii,LR,LR_5km,LR_10km,ok,ssim_rank_7,TH54,0.9840238690376282,,,,
1,across_radii,LR,LR_5km,LR_10km,ok,ssim_rank_7,TH55,0.9815418124198914,,,,
1,across_radii,LR,LR_5km,LR_10km,ok,ssim_rank_7,TH56,0.9852476716041565,,,,
1,across_radii,LR,LR_5km,LR_10km,ok,ssim_rank_7,TH57,0.984125018119812,,,,
1,across_radii,LR,LR_5km,LR_10km,ok,ssim_rank_7,TH58,0.9852818846702576,,,,
1,across_radii,LR,LR_5km,LR_10km,ok,ssim_raw_21,TH50,0.9711976647377014,,,,
1,across_radii,LR,LR_5km,LR_10km,ok,ssim_raw_21,TH51,0.9629849195480347,,,,
1,across_radii,LR,LR_5km,LR_10km,ok,ssim_raw_21,TH52,0.9697577357292175,,,,
1,across_radii,LR,LR_5km,LR_10km,ok,ssim_raw_21,TH53,0.9599153995513916,,,,
1,across_radii,LR,LR_5km,LR_10km,ok,ssim_raw_21,TH54,0.970236599445343,,,,
1,across_radii,LR,LR_5km,LR_10km,ok,ssim_raw_21,TH55,0.9724791049957275,,,,
1,across_radii,LR,LR_5km,LR_10km,ok,ssim_raw_21,TH56,0.9609589576721191,,,,
1,across_radii,LR,LR_5km,LR_10km,ok,ssim_raw_21,TH57,0.9569494724273682,,,,
1,across_radii,LR,LR_5km,LR_10km,ok,ssim_raw_21,TH58,0.9782108664512634,,,,
1,across_radii,LR,LR_5km,LR_10km,ok,ssim_rank_21,TH50,0.9911628365516663,,,,
1,across_radii,LR,LR_5km,LR_10km,ok,ssim_rank_21,TH51,0.9927254915237427,,,,
1,across_radii,LR,LR_5km,LR_10km,ok,ssim_rank_21,TH52,0.9916484951972961,,,,
1,across_radii,LR,LR_5km,LR_10km,ok,ssim_rank_21,TH53,0.9937257170677185,,,,
1,across_radii,LR,LR_5km,LR_10km,ok,ssim_rank_21,TH54,0.9922459125518799,,,,
1,across_radii,LR,LR_5km,LR_10km,ok,ssim_rank_21,TH55,0.9892619252204895,,,,
1,across_radii,LR,LR_5km,LR_10km,ok,ssim_rank_21,TH56,0.9923208355903625,,,,
1,across_radii,LR,LR_5km,LR_10km,ok,ssim_rank_21,TH57,0.9910142421722412,,,,
1,across_radii,LR,LR_5km,LR_10km,ok,ssim_rank_21,TH58,0.9913182854652405,,,,
1,across_radii,LR,LR_5km,LR_10km,ok,jaccard_top10,TH50,0.8546370967741935,9494.0,8904.0,8478.0,9920.0
1,across_radii,LR,LR_5km,LR_10km,ok,jaccard_top10,TH51,0.8840251572327044,3829.0,3660.0,3514.0,3975.0
1,across_radii,LR,LR_5km,LR_10km,ok,jaccard_top10,TH52,0.7689806305669448,6513.0,5999.0,5439.0,7073.0
1,across_radii,LR,LR_5km,LR_10km,ok,jaccard_top10,TH53,0.7115446114486729,2479.0,2873.0,2225.0,3127.0
1,across_radii,LR,LR_5km,LR_10km,ok,jaccard_top10,TH54,0.7257109004739336,1407.0,1506.0,1225.0,1688.0
1,across_radii,LR,LR_5km,LR_10km,ok,jaccard_top10,TH55,0.8405845234141481,2782.0,2760.0,2531.0,3011.0
1,across_radii,LR,LR_5km,LR_10km,ok,jaccard_top10,TH56,0.777016505761445,2706.0,3000.0,2495.0,3211.0
1,across_radii,LR,LR_5km,LR_10km,ok,jaccard_top10,TH57,0.8431511710432931,7283.0,8299.0,7128.0,8454.0
1,across_radii,LR,LR_5km,LR_10km,ok,jaccard_top10,TH58,0.6886574074074074,1713.0,1205.0,1190.0,1728.0
1,across_radii,LR,LR_20km,LR_10km,ok,ssim_raw_7,TH50,0.9809598922729492,,,,
1,across_radii,LR,LR_20km,LR_10km,ok,ssim_raw_7,TH51,0.9750322103500366,,,,
1,across_radii,LR,LR_20km,LR_10km,ok,ssim_raw_7,TH52,0.9798441529273987,,,,
1,across_radii,LR,LR_20km,LR_10km,ok,ssim_raw_7,TH53,0.9780060052871704,,,,
1,across_radii,LR,LR_20km,LR_10km,ok,ssim_raw_7,TH54,0.9779112935066223,,,,
1,across_radii,LR,LR_20km,LR_10km,ok,ssim_raw_7,TH55,0.9855220317840576,,,,
1,across_radii,LR,LR_20km,LR_10km,ok,ssim_raw_7,TH56,0.9744413495063782,,,,
1,across_radii,LR,LR_20km,LR_10km,ok,ssim_raw_7,TH57,0.971545398235321,,,,
1,across_radii,LR,LR_20km,LR_10km,ok,ssim_raw_7,TH58,0.9936302304267883,,,,
1,across_radii,LR,LR_20km,LR_10km,ok,ssim_rank_7,TH50,0.9901918172836304,,,,
1,across_radii,LR,LR_20km,LR_10km,ok,ssim_rank_7,TH51,0.9911770224571228,,,,
1,across_radii,LR,LR_20km,LR_10km,ok,ssim_rank_7,TH52,0.9878580570220947,,,,
1,across_radii,LR,LR_20km,LR_10km,ok,ssim_rank_7,TH53,0.9906374216079712,,,,
1,across_radii,LR,LR_20km,LR_10km,ok,ssim_rank_7,TH54,0.9890501499176025,,,,
1,across_radii,LR,LR_20km,LR_10km,ok,ssim_rank_7,TH55,0.9880789518356323,,,,
1,across_radii,LR,LR_20km,LR_10km,ok,ssim_rank_7,TH56,0.9899712204933167,,,,
1,across_radii,LR,LR_20km,LR_10km,ok,ssim_rank_7,TH57,0.9886446595191956,,,,
1,across_radii,LR,LR_20km,LR_10km,ok,ssim_rank_7,TH58,0.9918634295463562,,,,
1,across_radii,LR,LR_20km,LR_10km,ok,ssim_raw_21,TH50,0.9822583794593811,,,,
1,across_radii,LR,LR_20km,LR_10km,ok,ssim_raw_21,TH51,0.9787584543228149,,,,
1,across_radii,LR,LR_20km,LR_10km,ok,ssim_raw_21,TH52,0.9809213876724243,,,,
1,across_radii,LR,LR_20km,LR_10km,ok,ssim_raw_21,TH53,0.9800953269004822,,,,
1,across_radii,LR,LR_20km,LR_10km,ok,ssim_raw_21,TH54,0.9755038619041443,,,,
1,across_radii,LR,LR_20km,LR_10km,ok,ssim_raw_21,TH55,0.9841319918632507,,,,
1,across_radii,LR,LR_20km,LR_10km,ok,ssim_raw_21,TH56,0.9736977815628052,,,,
1,across_radii,LR,LR_20km,LR_10km,ok,ssim_raw_21,TH57,0.9732232093811035,,,,
1,across_radii,LR,LR_20km,LR_10km,ok,ssim_raw_21,TH58,0.9930442571640015,,,,
1,across_radii,LR,LR_20km,LR_10km,ok,ssim_rank_21,TH50,0.9938822984695435,,,,
1,across_radii,LR,LR_20km,LR_10km,ok,ssim_rank_21,TH51,0.9953204393386841,,,,
1,across_radii,LR,LR_20km,LR_10km,ok,ssim_rank_21,TH52,0.9938458204269409,,,,
1,across_radii,LR,LR_20km,LR_10km,ok,ssim_rank_21,TH53,0.9952961802482605,,,,
1,across_radii,LR,LR_20km,LR_10km,ok,ssim_rank_21,TH54,0.9939672350883484,,,,
1,across_radii,LR,LR_20km,LR_10km,ok,ssim_rank_21,TH55,0.992514431476593,,,,
1,across_radii,LR,LR_20km,LR_10km,ok,ssim_rank_21,TH56,0.9949578642845154,,,,
1,across_radii,LR,LR_20km,LR_10km,ok,ssim_rank_21,TH57,0.9933087229728699,,,,
1,across_radii,LR,LR_20km,LR_10km,ok,ssim_rank_21,TH58,0.9944653511047363,,,,
1,across_radii,LR,LR_20km,LR_10km,ok,jaccard_top10,TH50,0.8958912903916114,8815.0,8904.0,8373.0,9346.0
1,across_radii,LR,LR_20km,LR_10km,ok,jaccard_top10,TH51,0.9237310656391178,3579.0,3660.0,3476.0,3763.0
1,across_radii,LR,LR_20km,LR_10km,ok,jaccard_top10,TH52,0.8263141228625712,5536.0,5999.0,5219.0,6316.0
1,across_radii,LR,LR_20km,LR_10km,ok,jaccard_top10,TH53,0.8638589618021547,2836.0,2873.0,2646.0,3063.0
1,across_radii,LR,LR_20km,LR_10km,ok,jaccard_top10,TH54,0.765625,1658.0,1506.0,1372.0,1792.0
1,across_radii,LR,LR_20km,LR_10km,ok,jaccard_top10,TH55,0.9006599513720042,2712.0,2760.0,2593.0,2879.0
1,across_radii,LR,LR_20km,LR_10km,ok,jaccard_top10,TH56,0.8740831295843521,3132.0,3000.0,2860.0,3272.0
1,across_radii,LR,LR_20km,LR_10km,ok,jaccard_top10,TH57,0.8979993440472286,9062.0,8299.0,8214.0,9147.0
1,across_radii,LR,LR_20km,LR_10km,ok,jaccard_top10,TH58,0.7099424815119145,876.0,1205.0,864.0,1217.0
1,across_radii,LR,LR_25km,LR_10km,ok,ssim_raw_7,TH50,0.9761642813682556,,,,
1,across_radii,LR,LR_25km,LR_10km,ok,ssim_raw_7,TH51,0.965390682220459,,,,
1,across_radii,LR,LR_25km,LR_10km,ok,ssim_raw_7,TH52,0.9706566333770752,,,,
1,across_radii,LR,LR_25km,LR_10km,ok,ssim_raw_7,TH53,0.9725679159164429,,,,
1,across_radii,LR,LR_25km,LR_10km,ok,ssim_raw_7,TH54,0.9696860909461975,,,,
1,across_radii,LR,LR_25km,LR_10km,ok,ssim_raw_7,TH55,0.980787992477417,,,,
1,across_radii,LR,LR_25km,LR_10km,ok,ssim_raw_7,TH56,0.9600810408592224,,,,
1,across_radii,LR,LR_25km,LR_10km,ok,ssim_raw_7,TH57,0.9596511125564575,,,,
1,across_radii,LR,LR_25km,LR_10km,ok,ssim_raw_7,TH58,0.9940159916877747,,,,
1,across_radii,LR,LR_25km,LR_10km,ok,ssim_rank_7,TH50,0.9898373484611511,,,,
1,across_radii,LR,LR_25km,LR_10km,ok,ssim_rank_7,TH51,0.9908448457717896,,,,
1,across_radii,LR,LR_25km,LR_10km,ok,ssim_rank_7,TH52,0.9869577288627625,,,,
1,across_radii,LR,LR_25km,LR_10km,ok,ssim_rank_7,TH53,0.9902867078781128,,,,
1,across_radii,LR,LR_25km,LR_10km,ok,ssim_rank_7,TH54,0.9886316061019897,,,,
1,across_radii,LR,LR_25km,LR_10km,ok,ssim_rank_7,TH55,0.9867616295814514,,,,
1,across_radii,LR,LR_25km,LR_10km,ok,ssim_rank_7,TH56,0.9894838929176331,,,,
1,across_radii,LR,LR_25km,LR_10km,ok,ssim_rank_7,TH57,0.9882599115371704,,,,
1,across_radii,LR,LR_25km,LR_10km,ok,ssim_rank_7,TH58,0.9906608462333679,,,,
1,across_radii,LR,LR_25km,LR_10km,ok,ssim_raw_21,TH50,0.9770172834396362,,,,
1,across_radii,LR,LR_25km,LR_10km,ok,ssim_raw_21,TH51,0.9687033295631409,,,,
1,across_radii,LR,LR_25km,LR_10km,ok,ssim_raw_21,TH52,0.969943106174469,,,,
1,across_radii,LR,LR_25km,LR_10km,ok,ssim_raw_21,TH53,0.9740814566612244,,,,
1,across_radii,LR,LR_25km,LR_10km,ok,ssim_raw_21,TH54,0.9649227261543274,,,,
1,across_radii,LR,LR_25km,LR_10km,ok,ssim_raw_21,TH55,0.9777361154556274,,,,
1,across_radii,LR,LR_25km,LR_10km,ok,ssim_raw_21,TH56,0.9580249786376953,,,,
1,across_radii,LR,LR_25km,LR_10km,ok,ssim_raw_21,TH57,0.9609321355819702,,,,
1,across_radii,LR,LR_25km,LR_10km,ok,ssim_raw_21,TH58,0.9938425421714783,,,,
1,across_radii,LR,LR_25km,LR_10km,ok,ssim_rank_21,TH50,0.9934602975845337,,,,
1,across_radii,LR,LR_25km,LR_10km,ok,ssim_rank_21,TH51,0.9949893951416016,,,,
1,across_radii,LR,LR_25km,LR_10km,ok,ssim_rank_21,TH52,0.9929682016372681,,,,
1,across_radii,LR,LR_25km,LR_10km,ok,ssim_rank_21,TH53,0.9948352575302124,,,,
1,across_radii,LR,LR_25km,LR_10km,ok,ssim_rank_21,TH54,0.9934666752815247,,,,
1,across_radii,LR,LR_25km,LR_10km,ok,ssim_rank_21,TH55,0.9912995100021362,,,,
1,across_radii,LR,LR_25km,LR_10km,ok,ssim_rank_21,TH56,0.9944151043891907,,,,
1,across_radii,LR,LR_25km,LR_10km,ok,ssim_rank_21,TH57,0.9928216338157654,,,,
1,across_radii,LR,LR_25km,LR_10km,ok,ssim_rank_21,TH58,0.9935081005096436,,,,
1,across_radii,LR,LR_25km,LR_10km,ok,jaccard_top10,TH50,0.8969690478740495,8808.0,8904.0,8375.0,9337.0
1,across_radii,LR,LR_25km,LR_10km,ok,jaccard_top10,TH51,0.926712692511949,3596.0,3660.0,3490.0,3766.0
1,across_radii,LR,LR_25km,LR_10km,ok,jaccard_top10,TH52,0.828300395256917,5565.0,5999.0,5239.0,6325.0
1,across_radii,LR,LR_25km,LR_10km,ok,jaccard_top10,TH53,0.8751232336510023,2833.0,2873.0,2663.0,3043.0
1,across_radii,LR,LR_25km,LR_10km,ok,jaccard_top10,TH54,0.7816222348269994,1635.0,1506.0,1378.0,1763.0
1,across_radii,LR,LR_25km,LR_10km,ok,jaccard_top10,TH55,0.9078809106830122,2687.0,2760.0,2592.0,2855.0
1,across_radii,LR,LR_25km,LR_10km,ok,jaccard_top10,TH56,0.873030303030303,3181.0,3000.0,2881.0,3300.0
1,across_radii,LR,LR_25km,LR_10km,ok,jaccard_top10,TH57,0.8993215145546072,9057.0,8299.0,8218.0,9138.0
1,across_radii,LR,LR_25km,LR_10km,ok,jaccard_top10,TH58,0.6892003297609234,844.0,1205.0,836.0,1213.0
1,across_radii,LR,LR_Rinf,LR_10km,ok,ssim_raw_7,TH50,0.9694849848747253,,,,
1,across_radii,LR,LR_Rinf,LR_10km,ok,ssim_raw_7,TH51,0.9519497156143188,,,,
1,across_radii,LR,LR_Rinf,LR_10km,ok,ssim_raw_7,TH52,0.9590896368026733,,,,
1,across_radii,LR,LR_Rinf,LR_10km,ok,ssim_raw_7,TH53,0.9577865600585938,,,,
1,across_radii,LR,LR_Rinf,LR_10km,ok,ssim_raw_7,TH54,0.9543699026107788,,,,
1,across_radii,LR,LR_Rinf,LR_10km,ok,ssim_raw_7,TH55,0.9718782305717468,,,,
1,across_radii,LR,LR_Rinf,LR_10km,ok,ssim_raw_7,TH56,0.9420727491378784,,,,
1,across_radii,LR,LR_Rinf,LR_10km,ok,ssim_raw_7,TH57,0.9432289600372314,,,,
1,across_radii,LR,LR_Rinf,LR_10km,ok,ssim_raw_7,TH58,0.9916841387748718,,,,
1,across_radii,LR,LR_Rinf,LR_10km,ok,ssim_rank_7,TH50,0.985566258430481,,,,
1,across_radii,LR,LR_Rinf,LR_10km,ok,ssim_rank_7,TH51,0.9871270060539246,,,,
1,across_radii,LR,LR_Rinf,LR_10km,ok,ssim_rank_7,TH52,0.9814519286155701,,,,
1,across_radii,LR,LR_Rinf,LR_10km,ok,ssim_rank_7,TH53,0.9863313436508179,,,,
1,across_radii,LR,LR_Rinf,LR_10km,ok,ssim_rank_7,TH54,0.9837629199028015,,,,
1,across_radii,LR,LR_Rinf,LR_10km,ok,ssim_rank_7,TH55,0.9808818697929382,,,,
1,across_radii,LR,LR_Rinf,LR_10km,ok,ssim_rank_7,TH56,0.9851959943771362,,,,
1,across_radii,LR,LR_Rinf,LR_10km,ok,ssim_rank_7,TH57,0.9835649132728577,,,,
1,across_radii,LR,LR_Rinf,LR_10km,ok,ssim_rank_7,TH58,0.9868173599243164,,,,
1,across_radii,LR,LR_Rinf,LR_10km,ok,ssim_raw_21,TH50,0.970716655254364,,,,
1,across_radii,LR,LR_Rinf,LR_10km,ok,ssim_raw_21,TH51,0.9560365676879883,,,,
1,across_radii,LR,LR_Rinf,LR_10km,ok,ssim_raw_21,TH52,0.9573293328285217,,,,
1,across_radii,LR,LR_Rinf,LR_10km,ok,ssim_raw_21,TH53,0.9585152268409729,,,,
1,across_radii,LR,LR_Rinf,LR_10km,ok,ssim_raw_21,TH54,0.9471414685249329,,,,
1,across_radii,LR,LR_Rinf,LR_10km,ok,ssim_raw_21,TH55,0.9671140313148499,,,,
1,across_radii,LR,LR_Rinf,LR_10km,ok,ssim_raw_21,TH56,0.9391971826553345,,,,
1,across_radii,LR,LR_Rinf,LR_10km,ok,ssim_raw_21,TH57,0.9448022842407227,,,,
1,across_radii,LR,LR_Rinf,LR_10km,ok,ssim_raw_21,TH58,0.9914915561676025,,,,
1,across_radii,LR,LR_Rinf,LR_10km,ok,ssim_rank_21,TH50,0.9909534454345703,,,,
1,across_radii,LR,LR_Rinf,LR_10km,ok,ssim_rank_21,TH51,0.9932488203048706,,,,
1,across_radii,LR,LR_Rinf,LR_10km,ok,ssim_rank_21,TH52,0.9903549551963806,,,,
1,across_radii,LR,LR_Rinf,LR_10km,ok,ssim_rank_21,TH53,0.9929050207138062,,,,
1,across_radii,LR,LR_Rinf,LR_10km,ok,ssim_rank_21,TH54,0.9909257292747498,,,,
1,across_radii,LR,LR_Rinf,LR_10km,ok,ssim_rank_21,TH55,0.9877017736434937,,,,
1,across_radii,LR,LR_Rinf,LR_10km,ok,ssim_rank_21,TH56,0.9922940731048584,,,,
1,across_radii,LR,LR_Rinf,LR_10km,ok,ssim_rank_21,TH57,0.9899622797966003,,,,
1,across_radii,LR,LR_Rinf,LR_10km,ok,ssim_rank_21,TH58,0.9910119771957397,,,,
1,across_radii,LR,LR_Rinf,LR_10km,ok,jaccard_top10,TH50,0.8854379365932294,8640.0,8904.0,8239.0,9305.0
1,across_radii,LR,LR_Rinf,LR_10km,ok,jaccard_top10,TH51,0.9174190122145512,3561.0,3660.0,3455.0,3766.0
1,across_radii,LR,LR_Rinf,LR_10km,ok,jaccard_top10,TH52,0.8031446540880504,5469.0,5999.0,5108.0,6360.0
1,across_radii,LR,LR_Rinf,LR_10km,ok,jaccard_top10,TH53,0.8681424446583254,2950.0,2873.0,2706.0,3117.0
1,across_radii,LR,LR_Rinf,LR_10km,ok,jaccard_top10,TH54,0.7453450164293538,1681.0,1506.0,1361.0,1826.0
1,across_radii,LR,LR_Rinf,LR_10km,ok,jaccard_top10,TH55,0.8939288206559665,2668.0,2760.0,2562.0,2866.0
1,across_radii,LR,LR_Rinf,LR_10km,ok,jaccard_top10,TH56,0.836835960303561,3293.0,3000.0,2867.0,3426.0
1,across_radii,LR,LR_Rinf,LR_10km,ok,jaccard_top10,TH57,0.8856371490280778,9162.0,8299.0,8201.0,9260.0
1,across_radii,LR,LR_Rinf,LR_10km,ok,jaccard_top10,TH58,0.6407927332782825,782.0,1205.0,776.0,1211.0
1,across_learners,1km,RF_1km,XGB_1km,ok,ssim_raw_7,TH50,0.6130716800689697,,,,
1,across_learners,1km,RF_1km,XGB_1km,ok,ssim_raw_7,TH51,0.6927832365036011,,,,
1,across_learners,1km,RF_1km,XGB_1km,ok,ssim_raw_7,TH52,0.7001874446868896,,,,
1,across_learners,1km,RF_1km,XGB_1km,ok,ssim_raw_7,TH53,0.6491484045982361,,,,
1,across_learners,1km,RF_1km,XGB_1km,ok,ssim_raw_7,TH54,0.6526473164558411,,,,
1,across_learners,1km,RF_1km,XGB_1km,ok,ssim_raw_7,TH55,0.6258509755134583,,,,
1,across_learners,1km,RF_1km,XGB_1km,ok,ssim_raw_7,TH56,0.6991885304450989,,,,
1,across_learners,1km,RF_1km,XGB_1km,ok,ssim_raw_7,TH57,0.6426615715026855,,,,
1,across_learners,1km,RF_1km,XGB_1km,ok,ssim_raw_7,TH58,0.6076444983482361,,,,
1,across_learners,1km,RF_1km,XGB_1km,ok,ssim_rank_7,TH50,0.5492472648620605,,,,
1,across_learners,1km,RF_1km,XGB_1km,ok,ssim_rank_7,TH51,0.6403239369392395,,,,
1,across_learners,1km,RF_1km,XGB_1km,ok,ssim_rank_7,TH52,0.6131852269172668,,,,
1,across_learners,1km,RF_1km,XGB_1km,ok,ssim_rank_7,TH53,0.5957866907119751,,,,
1,across_learners,1km,RF_1km,XGB_1km,ok,ssim_rank_7,TH54,0.6162053346633911,,,,
1,across_learners,1km,RF_1km,XGB_1km,ok,ssim_rank_7,TH55,0.5583431124687195,,,,
1,across_learners,1km,RF_1km,XGB_1km,ok,ssim_rank_7,TH56,0.571025550365448,,,,
1,across_learners,1km,RF_1km,XGB_1km,ok,ssim_rank_7,TH57,0.4412385821342468,,,,
1,across_learners,1km,RF_1km,XGB_1km,ok,ssim_rank_7,TH58,0.5431665778160095,,,,
1,across_learners,1km,RF_1km,XGB_1km,ok,ssim_raw_21,TH50,0.6510974764823914,,,,
1,across_learners,1km,RF_1km,XGB_1km,ok,ssim_raw_21,TH51,0.7341779470443726,,,,
1,across_learners,1km,RF_1km,XGB_1km,ok,ssim_raw_21,TH52,0.7250184416770935,,,,
1,across_learners,1km,RF_1km,XGB_1km,ok,ssim_raw_21,TH53,0.6820988655090332,,,,
1,across_learners,1km,RF_1km,XGB_1km,ok,ssim_raw_21,TH54,0.6684548258781433,,,,
1,across_learners,1km,RF_1km,XGB_1km,ok,ssim_raw_21,TH55,0.6660762429237366,,,,
1,across_learners,1km,RF_1km,XGB_1km,ok,ssim_raw_21,TH56,0.7435813546180725,,,,
1,across_learners,1km,RF_1km,XGB_1km,ok,ssim_raw_21,TH57,0.6910374164581299,,,,
1,across_learners,1km,RF_1km,XGB_1km,ok,ssim_raw_21,TH58,0.6207205057144165,,,,
1,across_learners,1km,RF_1km,XGB_1km,ok,ssim_rank_21,TH50,0.621117353439331,,,,
1,across_learners,1km,RF_1km,XGB_1km,ok,ssim_rank_21,TH51,0.7006720900535583,,,,
1,across_learners,1km,RF_1km,XGB_1km,ok,ssim_rank_21,TH52,0.6704050302505493,,,,
1,across_learners,1km,RF_1km,XGB_1km,ok,ssim_rank_21,TH53,0.6458520889282227,,,,
1,across_learners,1km,RF_1km,XGB_1km,ok,ssim_rank_21,TH54,0.6612374186515808,,,,
1,across_learners,1km,RF_1km,XGB_1km,ok,ssim_rank_21,TH55,0.6465671062469482,,,,
1,across_learners,1km,RF_1km,XGB_1km,ok,ssim_rank_21,TH56,0.6312022805213928,,,,
1,across_learners,1km,RF_1km,XGB_1km,ok,ssim_rank_21,TH57,0.4839279055595398,,,,
1,across_learners,1km,RF_1km,XGB_1km,ok,ssim_rank_21,TH58,0.5930149555206299,,,,
1,across_learners,1km,RF_1km,XGB_1km,ok,jaccard_top10,TH50,0.3692954104718811,10309.0,10874.0,5713.0,15470.0
1,across_learners,1km,RF_1km,XGB_1km,ok,jaccard_top10,TH51,0.6004474272930649,1959.0,1618.0,1342.0,2235.0
1,across_learners,1km,RF_1km,XGB_1km,ok,jaccard_top10,TH52,0.5913671994299095,8495.0,7137.0,5809.0,9823.0
1,across_learners,1km,RF_1km,XGB_1km,ok,jaccard_top10,TH53,0.43812709030100333,2022.0,1848.0,1179.0,2691.0
1,across_learners,1km,RF_1km,XGB_1km,ok,jaccard_top10,TH54,0.5131383242439266,1960.0,1092.0,1035.0,2017.0
1,across_learners,1km,RF_1km,XGB_1km,ok,jaccard_top10,TH55,0.3998771498771499,2002.0,2556.0,1302.0,3256.0
1,across_learners,1km,RF_1km,XGB_1km,ok,jaccard_top10,TH56,0.5690406976744186,2427.0,1891.0,1566.0,2752.0
1,across_learners,1km,RF_1km,XGB_1km,ok,jaccard_top10,TH57,0.4262834904954348,4689.0,4840.0,2848.0,6681.0
1,across_learners,1km,RF_1km,XGB_1km,ok,jaccard_top10,TH58,0.28468468468468466,4343.0,6352.0,2370.0,8325.0
1,across_learners,1km,RF_1km,LR_1km,ok,ssim_raw_7,TH50,0.10701875388622284,,,,
1,across_learners,1km,RF_1km,LR_1km,ok,ssim_raw_7,TH51,0.2819145619869232,,,,
1,across_learners,1km,RF_1km,LR_1km,ok,ssim_raw_7,TH52,0.34077805280685425,,,,
1,across_learners,1km,RF_1km,LR_1km,ok,ssim_raw_7,TH53,0.23540101945400238,,,,
1,across_learners,1km,RF_1km,LR_1km,ok,ssim_raw_7,TH54,0.2951352000236511,,,,
1,across_learners,1km,RF_1km,LR_1km,ok,ssim_raw_7,TH55,0.12660957872867584,,,,
1,across_learners,1km,RF_1km,LR_1km,ok,ssim_raw_7,TH56,0.41511237621307373,,,,
1,across_learners,1km,RF_1km,LR_1km,ok,ssim_raw_7,TH57,0.4342281222343445,,,,
1,across_learners,1km,RF_1km,LR_1km,ok,ssim_raw_7,TH58,-0.08616148680448532,,,,
1,across_learners,1km,RF_1km,LR_1km,ok,ssim_rank_7,TH50,-0.06455815583467484,,,,
1,across_learners,1km,RF_1km,LR_1km,ok,ssim_rank_7,TH51,0.06449609249830246,,,,
1,across_learners,1km,RF_1km,LR_1km,ok,ssim_rank_7,TH52,0.20838426053524017,,,,
1,across_learners,1km,RF_1km,LR_1km,ok,ssim_rank_7,TH53,0.020923754200339317,,,,
1,across_learners,1km,RF_1km,LR_1km,ok,ssim_rank_7,TH54,0.13077154755592346,,,,
1,across_learners,1km,RF_1km,LR_1km,ok,ssim_rank_7,TH55,-0.016459397971630096,,,,
1,across_learners,1km,RF_1km,LR_1km,ok,ssim_rank_7,TH56,0.23147812485694885,,,,
1,across_learners,1km,RF_1km,LR_1km,ok,ssim_rank_7,TH57,0.2955876886844635,,,,
1,across_learners,1km,RF_1km,LR_1km,ok,ssim_rank_7,TH58,-0.25756680965423584,,,,
1,across_learners,1km,RF_1km,LR_1km,ok,ssim_raw_21,TH50,0.11670002341270447,,,,
1,across_learners,1km,RF_1km,LR_1km,ok,ssim_raw_21,TH51,0.35950803756713867,,,,
1,across_learners,1km,RF_1km,LR_1km,ok,ssim_raw_21,TH52,0.38162001967430115,,,,
1,across_learners,1km,RF_1km,LR_1km,ok,ssim_raw_21,TH53,0.301430881023407,,,,
1,across_learners,1km,RF_1km,LR_1km,ok,ssim_raw_21,TH54,0.3453614413738251,,,,
1,across_learners,1km,RF_1km,LR_1km,ok,ssim_raw_21,TH55,0.1565680205821991,,,,
1,across_learners,1km,RF_1km,LR_1km,ok,ssim_raw_21,TH56,0.44040051102638245,,,,
1,across_learners,1km,RF_1km,LR_1km,ok,ssim_raw_21,TH57,0.4582161605358124,,,,
1,across_learners,1km,RF_1km,LR_1km,ok,ssim_raw_21,TH58,-0.10495144128799438,,,,
1,across_learners,1km,RF_1km,LR_1km,ok,ssim_rank_21,TH50,-0.10185178369283676,,,,
1,across_learners,1km,RF_1km,LR_1km,ok,ssim_rank_21,TH51,0.09000248461961746,,,,
1,across_learners,1km,RF_1km,LR_1km,ok,ssim_rank_21,TH52,0.2148035317659378,,,,
1,across_learners,1km,RF_1km,LR_1km,ok,ssim_rank_21,TH53,0.011842502281069756,,,,
1,across_learners,1km,RF_1km,LR_1km,ok,ssim_rank_21,TH54,0.14205585420131683,,,,
1,across_learners,1km,RF_1km,LR_1km,ok,ssim_rank_21,TH55,-0.03270399197936058,,,,
1,across_learners,1km,RF_1km,LR_1km,ok,ssim_rank_21,TH56,0.2136419117450714,,,,
1,across_learners,1km,RF_1km,LR_1km,ok,ssim_rank_21,TH57,0.25025734305381775,,,,
1,across_learners,1km,RF_1km,LR_1km,ok,ssim_rank_21,TH58,-0.3002339005470276,,,,
1,across_learners,1km,RF_1km,LR_1km,ok,jaccard_top10,TH50,0.21884934239232065,10309.0,9245.0,3511.0,16043.0
1,across_learners,1km,RF_1km,LR_1km,ok,jaccard_top10,TH51,0.4089619965967102,1959.0,3009.0,1442.0,3526.0
1,across_learners,1km,RF_1km,LR_1km,ok,jaccard_top10,TH52,0.543779553236589,8495.0,10441.0,6670.0,12266.0
1,across_learners,1km,RF_1km,LR_1km,ok,jaccard_top10,TH53,0.30223463687150837,2022.0,2640.0,1082.0,3580.0
1,across_learners,1km,RF_1km,LR_1km,ok,jaccard_top10,TH54,0.5513085399449036,1960.0,2545.0,1601.0,2904.0
1,across_learners,1km,RF_1km,LR_1km,ok,jaccard_top10,TH55,0.3231631382316314,2002.0,2248.0,1038.0,3212.0
1,across_learners,1km,RF_1km,LR_1km,ok,jaccard_top10,TH56,0.582971329278888,2427.0,3039.0,2013.0,3453.0
1,across_learners,1km,RF_1km,LR_1km,ok,jaccard_top10,TH57,0.4232333010648596,4689.0,2662.0,2186.0,5165.0
1,across_learners,1km,RF_1km,LR_1km,ok,jaccard_top10,TH58,0.0637961057463986,4343.0,2377.0,403.0,6317.0
1,across_learners,1km,XGB_1km,LR_1km,ok,ssim_raw_7,TH50,0.05445848032832146,,,,
1,across_learners,1km,XGB_1km,LR_1km,ok,ssim_raw_7,TH51,0.23341448605060577,,,,
1,across_learners,1km,XGB_1km,LR_1km,ok,ssim_raw_7,TH52,0.27629199624061584,,,,
1,across_learners,1km,XGB_1km,LR_1km,ok,ssim_raw_7,TH53,0.18429963290691376,,,,
1,across_learners,1km,XGB_1km,LR_1km,ok,ssim_raw_7,TH54,0.19643789529800415,,,,
1,across_learners,1km,XGB_1km,LR_1km,ok,ssim_raw_7,TH55,0.0891457125544548,,,,
1,across_learners,1km,XGB_1km,LR_1km,ok,ssim_raw_7,TH56,0.2989965081214905,,,,
1,across_learners,1km,XGB_1km,LR_1km,ok,ssim_raw_7,TH57,0.32986629009246826,,,,
1,across_learners,1km,XGB_1km,LR_1km,ok,ssim_raw_7,TH58,-0.09076950699090958,,,,
1,across_learners,1km,XGB_1km,LR_1km,ok,ssim_rank_7,TH50,-0.04592388495802879,,,,
1,across_learners,1km,XGB_1km,LR_1km,ok,ssim_rank_7,TH51,0.0924641489982605,,,,
1,across_learners,1km,XGB_1km,LR_1km,ok,ssim_rank_7,TH52,0.16009119153022766,,,,
1,across_learners,1km,XGB_1km,LR_1km,ok,ssim_rank_7,TH53,0.02802048809826374,,,,
1,across_learners,1km,XGB_1km,LR_1km,ok,ssim_rank_7,TH54,0.08977210521697998,,,,
1,across_learners,1km,XGB_1km,LR_1km,ok,ssim_rank_7,TH55,-0.03232543542981148,,,,
1,across_learners,1km,XGB_1km,LR_1km,ok,ssim_rank_7,TH56,0.18382440507411957,,,,
1,across_learners,1km,XGB_1km,LR_1km,ok,ssim_rank_7,TH57,0.1865001618862152,,,,
1,across_learners,1km,XGB_1km,LR_1km,ok,ssim_rank_7,TH58,-0.15227749943733215,,,,
1,across_learners,1km,XGB_1km,LR_1km,ok,ssim_raw_21,TH50,0.061473358422517776,,,,
1,across_learners,1km,XGB_1km,LR_1km,ok,ssim_raw_21,TH51,0.2916097342967987,,,,
1,across_learners,1km,XGB_1km,LR_1km,ok,ssim_raw_21,TH52,0.3123583197593689,,,,
1,across_learners,1km,XGB_1km,LR_1km,ok,ssim_raw_21,TH53,0.23346130549907684,,,,
1,across_learners,1km,XGB_1km,LR_1km,ok,ssim_raw_21,TH54,0.22546769678592682,,,,
1,across_learners,1km,XGB_1km,LR_1km,ok,ssim_raw_21,TH55,0.1145395040512085,,,,
1,across_learners,1km,XGB_1km,LR_1km,ok,ssim_raw_21,TH56,0.3256147503852844,,,,
1,across_learners,1km,XGB_1km,LR_1km,ok,ssim_raw_21,TH57,0.3578806221485138,,,,
1,across_learners,1km,XGB_1km,LR_1km,ok,ssim_raw_21,TH58,-0.10789818316698074,,,,
1,across_learners,1km,XGB_1km,LR_1km,ok,ssim_rank_21,TH50,-0.06478418409824371,,,,
1,across_learners,1km,XGB_1km,LR_1km,ok,ssim_rank_21,TH51,0.1114647313952446,,,,
1,across_learners,1km,XGB_1km,LR_1km,ok,ssim_rank_21,TH52,0.17617055773735046,,,,
1,across_learners,1km,XGB_1km,LR_1km,ok,ssim_rank_21,TH53,0.013755731284618378,,,,
1,across_learners,1km,XGB_1km,LR_1km,ok,ssim_rank_21,TH54,0.09823346883058548,,,,
1,across_learners,1km,XGB_1km,LR_1km,ok,ssim_rank_21,TH55,-0.04935509338974953,,,,
1,across_learners,1km,XGB_1km,LR_1km,ok,ssim_rank_21,TH56,0.17006367444992065,,,,
1,across_learners,1km,XGB_1km,LR_1km,ok,ssim_rank_21,TH57,0.16368165612220764,,,,
1,across_learners,1km,XGB_1km,LR_1km,ok,ssim_rank_21,TH58,-0.17883086204528809,,,,
1,across_learners,1km,XGB_1km,LR_1km,ok,jaccard_top10,TH50,0.17572463768115942,10874.0,9245.0,3007.0,17112.0
1,across_learners,1km,XGB_1km,LR_1km,ok,jaccard_top10,TH51,0.3560961313012896,1618.0,3009.0,1215.0,3412.0
1,across_learners,1km,XGB_1km,LR_1km,ok,jaccard_top10,TH52,0.4568208188297696,7137.0,10441.0,5512.0,12066.0
1,across_learners,1km,XGB_1km,LR_1km,ok,jaccard_top10,TH53,0.21593064210241128,1848.0,2640.0,797.0,3691.0
1,across_learners,1km,XGB_1km,LR_1km,ok,jaccard_top10,TH54,0.35962616822429905,1092.0,2545.0,962.0,2675.0
1,across_learners,1km,XGB_1km,LR_1km,ok,jaccard_top10,TH55,0.24359306238674605,2556.0,2248.0,941.0,3863.0
1,across_learners,1km,XGB_1km,LR_1km,ok,jaccard_top10,TH56,0.4525633470830878,1891.0,3039.0,1536.0,3394.0
1,across_learners,1km,XGB_1km,LR_1km,ok,jaccard_top10,TH57,0.32007742389582966,4840.0,2662.0,1819.0,5683.0
1,across_learners,1km,XGB_1km,LR_1km,ok,jaccard_top10,TH58,0.05054759898904802,6352.0,2377.0,420.0,8309.0
1,across_learners,5km,RF_5km,XGB_5km,ok,ssim_raw_7,TH50,0.5350274443626404,,,,
1,across_learners,5km,RF_5km,XGB_5km,ok,ssim_raw_7,TH51,0.6556497812271118,,,,
1,across_learners,5km,RF_5km,XGB_5km,ok,ssim_raw_7,TH52,0.6426602602005005,,,,
1,across_learners,5km,RF_5km,XGB_5km,ok,ssim_raw_7,TH53,0.662899911403656,,,,
1,across_learners,5km,RF_5km,XGB_5km,ok,ssim_raw_7,TH54,0.6018928289413452,,,,
1,across_learners,5km,RF_5km,XGB_5km,ok,ssim_raw_7,TH55,0.5821634531021118,,,,
1,across_learners,5km,RF_5km,XGB_5km,ok,ssim_raw_7,TH56,0.6397680640220642,,,,
1,across_learners,5km,RF_5km,XGB_5km,ok,ssim_raw_7,TH57,0.7113344073295593,,,,
1,across_learners,5km,RF_5km,XGB_5km,ok,ssim_raw_7,TH58,0.5077624917030334,,,,
1,across_learners,5km,RF_5km,XGB_5km,ok,ssim_rank_7,TH50,0.5605573058128357,,,,
1,across_learners,5km,RF_5km,XGB_5km,ok,ssim_rank_7,TH51,0.6486507058143616,,,,
1,across_learners,5km,RF_5km,XGB_5km,ok,ssim_rank_7,TH52,0.6088017821311951,,,,
1,across_learners,5km,RF_5km,XGB_5km,ok,ssim_rank_7,TH53,0.6107500791549683,,,,
1,across_learners,5km,RF_5km,XGB_5km,ok,ssim_rank_7,TH54,0.603391170501709,,,,
1,across_learners,5km,RF_5km,XGB_5km,ok,ssim_rank_7,TH55,0.49608930945396423,,,,
1,across_learners,5km,RF_5km,XGB_5km,ok,ssim_rank_7,TH56,0.5806196928024292,,,,
1,across_learners,5km,RF_5km,XGB_5km,ok,ssim_rank_7,TH57,0.6628692150115967,,,,
1,across_learners,5km,RF_5km,XGB_5km,ok,ssim_rank_7,TH58,0.47989070415496826,,,,
1,across_learners,5km,RF_5km,XGB_5km,ok,ssim_raw_21,TH50,0.5486642122268677,,,,
1,across_learners,5km,RF_5km,XGB_5km,ok,ssim_raw_21,TH51,0.6918656229972839,,,,
1,across_learners,5km,RF_5km,XGB_5km,ok,ssim_raw_21,TH52,0.6502445936203003,,,,
1,across_learners,5km,RF_5km,XGB_5km,ok,ssim_raw_21,TH53,0.6634533405303955,,,,
1,across_learners,5km,RF_5km,XGB_5km,ok,ssim_raw_21,TH54,0.5634846687316895,,,,
1,across_learners,5km,RF_5km,XGB_5km,ok,ssim_raw_21,TH55,0.5868314504623413,,,,
1,across_learners,5km,RF_5km,XGB_5km,ok,ssim_raw_21,TH56,0.6076022982597351,,,,
1,across_learners,5km,RF_5km,XGB_5km,ok,ssim_raw_21,TH57,0.7421984076499939,,,,
1,across_learners,5km,RF_5km,XGB_5km,ok,ssim_raw_21,TH58,0.5182338356971741,,,,
1,across_learners,5km,RF_5km,XGB_5km,ok,ssim_rank_21,TH50,0.648045003414154,,,,
1,across_learners,5km,RF_5km,XGB_5km,ok,ssim_rank_21,TH51,0.7601292729377747,,,,
1,across_learners,5km,RF_5km,XGB_5km,ok,ssim_rank_21,TH52,0.7098180055618286,,,,
1,across_learners,5km,RF_5km,XGB_5km,ok,ssim_rank_21,TH53,0.7459048628807068,,,,
1,across_learners,5km,RF_5km,XGB_5km,ok,ssim_rank_21,TH54,0.717327356338501,,,,
1,across_learners,5km,RF_5km,XGB_5km,ok,ssim_rank_21,TH55,0.6175192594528198,,,,
1,across_learners,5km,RF_5km,XGB_5km,ok,ssim_rank_21,TH56,0.7131374478340149,,,,
1,across_learners,5km,RF_5km,XGB_5km,ok,ssim_rank_21,TH57,0.7915129065513611,,,,
1,across_learners,5km,RF_5km,XGB_5km,ok,ssim_rank_21,TH58,0.5957679748535156,,,,
1,across_learners,5km,RF_5km,XGB_5km,ok,jaccard_top10,TH50,0.6137532133676092,8622.0,8955.0,6685.0,10892.0
1,across_learners,5km,RF_5km,XGB_5km,ok,jaccard_top10,TH51,0.6528264132066033,3308.0,3300.0,2610.0,3998.0
1,across_learners,5km,RF_5km,XGB_5km,ok,jaccard_top10,TH52,0.6381554011370815,6371.0,6595.0,5051.0,7915.0
1,across_learners,5km,RF_5km,XGB_5km,ok,jaccard_top10,TH53,0.5234989880818529,3697.0,3078.0,2328.0,4447.0
1,across_learners,5km,RF_5km,XGB_5km,ok,jaccard_top10,TH54,0.4995353159851301,1847.0,1380.0,1075.0,2152.0
1,across_learners,5km,RF_5km,XGB_5km,ok,jaccard_top10,TH55,0.584489102745542,2735.0,2863.0,2065.0,3533.0
1,across_learners,5km,RF_5km,XGB_5km,ok,jaccard_top10,TH56,0.5198428290766208,2167.0,1701.0,1323.0,2545.0
1,across_learners,5km,RF_5km,XGB_5km,ok,jaccard_top10,TH57,0.6212293682413205,8007.0,9084.0,6549.0,10542.0
1,across_learners,5km,RF_5km,XGB_5km,ok,jaccard_top10,TH58,0.5431182181610509,1452.0,1250.0,951.0,1751.0
1,across_learners,5km,RF_5km,LR_5km,ok,ssim_raw_7,TH50,0.3411444425582886,,,,
1,across_learners,5km,RF_5km,LR_5km,ok,ssim_raw_7,TH51,0.49467405676841736,,,,
1,across_learners,5km,RF_5km,LR_5km,ok,ssim_raw_7,TH52,0.4197825789451599,,,,
1,across_learners,5km,RF_5km,LR_5km,ok,ssim_raw_7,TH53,0.4995462894439697,,,,
1,across_learners,5km,RF_5km,LR_5km,ok,ssim_raw_7,TH54,0.4818720519542694,,,,
1,across_learners,5km,RF_5km,LR_5km,ok,ssim_raw_7,TH55,0.35040244460105896,,,,
1,across_learners,5km,RF_5km,LR_5km,ok,ssim_raw_7,TH56,0.48204442858695984,,,,
1,across_learners,5km,RF_5km,LR_5km,ok,ssim_raw_7,TH57,0.5278286337852478,,,,
1,across_learners,5km,RF_5km,LR_5km,ok,ssim_raw_7,TH58,0.21067091822624207,,,,
1,across_learners,5km,RF_5km,LR_5km,ok,ssim_rank_7,TH50,0.14558371901512146,,,,
1,across_learners,5km,RF_5km,LR_5km,ok,ssim_rank_7,TH51,0.36330464482307434,,,,
1,across_learners,5km,RF_5km,LR_5km,ok,ssim_rank_7,TH52,0.2676990032196045,,,,
1,across_learners,5km,RF_5km,LR_5km,ok,ssim_rank_7,TH53,0.2609987258911133,,,,
1,across_learners,5km,RF_5km,LR_5km,ok,ssim_rank_7,TH54,0.2161197066307068,,,,
1,across_learners,5km,RF_5km,LR_5km,ok,ssim_rank_7,TH55,0.09571599960327148,,,,
1,across_learners,5km,RF_5km,LR_5km,ok,ssim_rank_7,TH56,0.22969068586826324,,,,
1,across_learners,5km,RF_5km,LR_5km,ok,ssim_rank_7,TH57,0.33180487155914307,,,,
1,across_learners,5km,RF_5km,LR_5km,ok,ssim_rank_7,TH58,-0.04616476222872734,,,,
1,across_learners,5km,RF_5km,LR_5km,ok,ssim_raw_21,TH50,0.3913826048374176,,,,
1,across_learners,5km,RF_5km,LR_5km,ok,ssim_raw_21,TH51,0.6059849262237549,,,,
1,across_learners,5km,RF_5km,LR_5km,ok,ssim_raw_21,TH52,0.4831499457359314,,,,
1,across_learners,5km,RF_5km,LR_5km,ok,ssim_raw_21,TH53,0.6004065871238708,,,,
1,across_learners,5km,RF_5km,LR_5km,ok,ssim_raw_21,TH54,0.5353441834449768,,,,
1,across_learners,5km,RF_5km,LR_5km,ok,ssim_raw_21,TH55,0.4283694922924042,,,,
1,across_learners,5km,RF_5km,LR_5km,ok,ssim_raw_21,TH56,0.5542624592781067,,,,
1,across_learners,5km,RF_5km,LR_5km,ok,ssim_raw_21,TH57,0.6104514598846436,,,,
1,across_learners,5km,RF_5km,LR_5km,ok,ssim_raw_21,TH58,0.2451406717300415,,,,
1,across_learners,5km,RF_5km,LR_5km,ok,ssim_rank_21,TH50,0.1870211362838745,,,,
1,across_learners,5km,RF_5km,LR_5km,ok,ssim_rank_21,TH51,0.5178905129432678,,,,
1,across_learners,5km,RF_5km,LR_5km,ok,ssim_rank_21,TH52,0.3407309949398041,,,,
1,across_learners,5km,RF_5km,LR_5km,ok,ssim_rank_21,TH53,0.4236922562122345,,,,
1,across_learners,5km,RF_5km,LR_5km,ok,ssim_rank_21,TH54,0.3128584325313568,,,,
1,across_learners,5km,RF_5km,LR_5km,ok,ssim_rank_21,TH55,0.1874367743730545,,,,
1,across_learners,5km,RF_5km,LR_5km,ok,ssim_rank_21,TH56,0.31300726532936096,,,,
1,across_learners,5km,RF_5km,LR_5km,ok,ssim_rank_21,TH57,0.4218921363353729,,,,
1,across_learners,5km,RF_5km,LR_5km,ok,ssim_rank_21,TH58,0.0011768988333642483,,,,
1,across_learners,5km,RF_5km,LR_5km,ok,jaccard_top10,TH50,0.5056515957446809,8622.0,9494.0,6084.0,12032.0
1,across_learners,5km,RF_5km,LR_5km,ok,jaccard_top10,TH51,0.5289203084832905,3308.0,3829.0,2469.0,4668.0
1,across_learners,5km,RF_5km,LR_5km,ok,jaccard_top10,TH52,0.4134942402633022,6371.0,6513.0,3769.0,9115.0
1,across_learners,5km,RF_5km,LR_5km,ok,jaccard_top10,TH53,0.4210768522779567,3697.0,2479.0,1830.0,4346.0
1,across_learners,5km,RF_5km,LR_5km,ok,jaccard_top10,TH54,0.3995698924731183,1847.0,1407.0,929.0,2325.0
1,across_learners,5km,RF_5km,LR_5km,ok,jaccard_top10,TH55,0.4672872340425532,2735.0,2782.0,1757.0,3760.0
1,across_learners,5km,RF_5km,LR_5km,ok,jaccard_top10,TH56,0.38831908831908835,2167.0,2706.0,1363.0,3510.0
1,across_learners,5km,RF_5km,LR_5km,ok,jaccard_top10,TH57,0.5598857376045705,8007.0,7283.0,5488.0,9802.0
1,across_learners,5km,RF_5km,LR_5km,ok,jaccard_top10,TH58,0.266,1452.0,1713.0,665.0,2500.0
1,across_learners,5km,XGB_5km,LR_5km,ok,ssim_raw_7,TH50,0.4885490834712982,,,,
1,across_learners,5km,XGB_5km,LR_5km,ok,ssim_raw_7,TH51,0.5015522837638855,,,,
1,across_learners,5km,XGB_5km,LR_5km,ok,ssim_raw_7,TH52,0.5297761559486389,,,,
1,across_learners,5km,XGB_5km,LR_5km,ok,ssim_raw_7,TH53,0.5469297170639038,,,,
1,across_learners,5km,XGB_5km,LR_5km,ok,ssim_raw_7,TH54,0.5704637169837952,,,,
1,across_learners,5km,XGB_5km,LR_5km,ok,ssim_raw_7,TH55,0.5403289198875427,,,,
1,across_learners,5km,XGB_5km,LR_5km,ok,ssim_raw_7,TH56,0.4988108277320862,,,,
1,across_learners,5km,XGB_5km,LR_5km,ok,ssim_raw_7,TH57,0.5574703812599182,,,,
1,across_learners,5km,XGB_5km,LR_5km,ok,ssim_raw_7,TH58,0.45872485637664795,,,,
1,across_learners,5km,XGB_5km,LR_5km,ok,ssim_rank_7,TH50,0.1995488852262497,,,,
1,across_learners,5km,XGB_5km,LR_5km,ok,ssim_rank_7,TH51,0.39473074674606323,,,,
1,across_learners,5km,XGB_5km,LR_5km,ok,ssim_rank_7,TH52,0.34752416610717773,,,,
1,across_learners,5km,XGB_5km,LR_5km,ok,ssim_rank_7,TH53,0.3330092430114746,,,,
1,across_learners,5km,XGB_5km,LR_5km,ok,ssim_rank_7,TH54,0.3063303828239441,,,,
1,across_learners,5km,XGB_5km,LR_5km,ok,ssim_rank_7,TH55,0.2104877531528473,,,,
1,across_learners,5km,XGB_5km,LR_5km,ok,ssim_rank_7,TH56,0.3862956464290619,,,,
1,across_learners,5km,XGB_5km,LR_5km,ok,ssim_rank_7,TH57,0.41483286023139954,,,,
1,across_learners,5km,XGB_5km,LR_5km,ok,ssim_rank_7,TH58,0.017529401928186417,,,,
1,across_learners,5km,XGB_5km,LR_5km,ok,ssim_raw_21,TH50,0.4815993309020996,,,,
1,across_learners,5km,XGB_5km,LR_5km,ok,ssim_raw_21,TH51,0.5175184607505798,,,,
1,across_learners,5km,XGB_5km,LR_5km,ok,ssim_raw_21,TH52,0.5393324494361877,,,,
1,across_learners,5km,XGB_5km,LR_5km,ok,ssim_raw_21,TH53,0.6197881102561951,,,,
1,across_learners,5km,XGB_5km,LR_5km,ok,ssim_raw_21,TH54,0.5765703916549683,,,,
1,across_learners,5km,XGB_5km,LR_5km,ok,ssim_raw_21,TH55,0.5432592034339905,,,,
1,across_learners,5km,XGB_5km,LR_5km,ok,ssim_raw_21,TH56,0.5114433765411377,,,,
1,across_learners,5km,XGB_5km,LR_5km,ok,ssim_raw_21,TH57,0.6126343607902527,,,,
1,across_learners,5km,XGB_5km,LR_5km,ok,ssim_raw_21,TH58,0.4162050485610962,,,,
1,across_learners,5km,XGB_5km,LR_5km,ok,ssim_rank_21,TH50,0.28982317447662354,,,,
1,across_learners,5km,XGB_5km,LR_5km,ok,ssim_rank_21,TH51,0.5607669353485107,,,,
1,across_learners,5km,XGB_5km,LR_5km,ok,ssim_rank_21,TH52,0.4550037682056427,,,,
1,across_learners,5km,XGB_5km,LR_5km,ok,ssim_rank_21,TH53,0.4718783497810364,,,,
1,across_learners,5km,XGB_5km,LR_5km,ok,ssim_rank_21,TH54,0.38729533553123474,,,,
1,across_learners,5km,XGB_5km,LR_5km,ok,ssim_rank_21,TH55,0.30951356887817383,,,,
1,across_learners,5km,XGB_5km,LR_5km,ok,ssim_rank_21,TH56,0.4919704496860504,,,,
1,across_learners,5km,XGB_5km,LR_5km,ok,ssim_rank_21,TH57,0.47838160395622253,,,,
1,across_learners,5km,XGB_5km,LR_5km,ok,ssim_rank_21,TH58,0.10406168550252914,,,,
1,across_learners,5km,XGB_5km,LR_5km,ok,jaccard_top10,TH50,0.4933624736927311,8955.0,9494.0,6095.0,12354.0
1,across_learners,5km,XGB_5km,LR_5km,ok,jaccard_top10,TH51,0.5450801907238838,3300.0,3829.0,2515.0,4614.0
1,across_learners,5km,XGB_5km,LR_5km,ok,jaccard_top10,TH52,0.43225524475524474,6595.0,6513.0,3956.0,9152.0
1,across_learners,5km,XGB_5km,LR_5km,ok,jaccard_top10,TH53,0.34194638976092734,3078.0,2479.0,1416.0,4141.0
1,across_learners,5km,XGB_5km,LR_5km,ok,jaccard_top10,TH54,0.38656716417910447,1380.0,1407.0,777.0,2010.0
1,across_learners,5km,XGB_5km,LR_5km,ok,jaccard_top10,TH55,0.4804615788093365,2863.0,2782.0,1832.0,3813.0
1,across_learners,5km,XGB_5km,LR_5km,ok,jaccard_top10,TH56,0.3871576959395656,1701.0,2706.0,1230.0,3177.0
1,across_learners,5km,XGB_5km,LR_5km,ok,jaccard_top10,TH57,0.5562422744128553,9084.0,7283.0,5850.0,10517.0
1,across_learners,5km,XGB_5km,LR_5km,ok,jaccard_top10,TH58,0.2694944301628106,1250.0,1713.0,629.0,2334.0
1,across_learners,10km,RF_10km,XGB_10km,ok,ssim_raw_7,TH50,0.5944481492042542,,,,
1,across_learners,10km,RF_10km,XGB_10km,ok,ssim_raw_7,TH51,0.6806849837303162,,,,
1,across_learners,10km,RF_10km,XGB_10km,ok,ssim_raw_7,TH52,0.6746988296508789,,,,
1,across_learners,10km,RF_10km,XGB_10km,ok,ssim_raw_7,TH53,0.6998934149742126,,,,
1,across_learners,10km,RF_10km,XGB_10km,ok,ssim_raw_7,TH54,0.6332883834838867,,,,
1,across_learners,10km,RF_10km,XGB_10km,ok,ssim_raw_7,TH55,0.6481475234031677,,,,
1,across_learners,10km,RF_10km,XGB_10km,ok,ssim_raw_7,TH56,0.6880338788032532,,,,
1,across_learners,10km,RF_10km,XGB_10km,ok,ssim_raw_7,TH57,0.6947580575942993,,,,
1,across_learners,10km,RF_10km,XGB_10km,ok,ssim_raw_7,TH58,0.5249315500259399,,,,
1,across_learners,10km,RF_10km,XGB_10km,ok,ssim_rank_7,TH50,0.5121940970420837,,,,
1,across_learners,10km,RF_10km,XGB_10km,ok,ssim_rank_7,TH51,0.702233076095581,,,,
1,across_learners,10km,RF_10km,XGB_10km,ok,ssim_rank_7,TH52,0.623527467250824,,,,
1,across_learners,10km,RF_10km,XGB_10km,ok,ssim_rank_7,TH53,0.6267046928405762,,,,
1,across_learners,10km,RF_10km,XGB_10km,ok,ssim_rank_7,TH54,0.6480317711830139,,,,
1,across_learners,10km,RF_10km,XGB_10km,ok,ssim_rank_7,TH55,0.46704429388046265,,,,
1,across_learners,10km,RF_10km,XGB_10km,ok,ssim_rank_7,TH56,0.6278090476989746,,,,
1,across_learners,10km,RF_10km,XGB_10km,ok,ssim_rank_7,TH57,0.6748648285865784,,,,
1,across_learners,10km,RF_10km,XGB_10km,ok,ssim_rank_7,TH58,0.38859596848487854,,,,
1,across_learners,10km,RF_10km,XGB_10km,ok,ssim_raw_21,TH50,0.576352059841156,,,,
1,across_learners,10km,RF_10km,XGB_10km,ok,ssim_raw_21,TH51,0.6943351030349731,,,,
1,across_learners,10km,RF_10km,XGB_10km,ok,ssim_raw_21,TH52,0.6708442568778992,,,,
1,across_learners,10km,RF_10km,XGB_10km,ok,ssim_raw_21,TH53,0.7116809487342834,,,,
1,across_learners,10km,RF_10km,XGB_10km,ok,ssim_raw_21,TH54,0.5786651372909546,,,,
1,across_learners,10km,RF_10km,XGB_10km,ok,ssim_raw_21,TH55,0.6418001055717468,,,,
1,across_learners,10km,RF_10km,XGB_10km,ok,ssim_raw_21,TH56,0.6804304718971252,,,,
1,across_learners,10km,RF_10km,XGB_10km,ok,ssim_raw_21,TH57,0.7318348288536072,,,,
1,across_learners,10km,RF_10km,XGB_10km,ok,ssim_raw_21,TH58,0.5018138885498047,,,,
1,across_learners,10km,RF_10km,XGB_10km,ok,ssim_rank_21,TH50,0.6171988248825073,,,,
1,across_learners,10km,RF_10km,XGB_10km,ok,ssim_rank_21,TH51,0.8175427317619324,,,,
1,across_learners,10km,RF_10km,XGB_10km,ok,ssim_rank_21,TH52,0.7352299094200134,,,,
1,across_learners,10km,RF_10km,XGB_10km,ok,ssim_rank_21,TH53,0.7641756534576416,,,,
1,across_learners,10km,RF_10km,XGB_10km,ok,ssim_rank_21,TH54,0.7651339173316956,,,,
1,across_learners,10km,RF_10km,XGB_10km,ok,ssim_rank_21,TH55,0.6102839708328247,,,,
1,across_learners,10km,RF_10km,XGB_10km,ok,ssim_rank_21,TH56,0.7419067621231079,,,,
1,across_learners,10km,RF_10km,XGB_10km,ok,ssim_rank_21,TH57,0.7877413630485535,,,,
1,across_learners,10km,RF_10km,XGB_10km,ok,ssim_rank_21,TH58,0.5226551294326782,,,,
1,across_learners,10km,RF_10km,XGB_10km,ok,jaccard_top10,TH50,0.6669541055858963,8503.0,8895.0,6961.0,10437.0
1,across_learners,10km,RF_10km,XGB_10km,ok,jaccard_top10,TH51,0.7233814874264313,3214.0,3228.0,2704.0,3738.0
1,across_learners,10km,RF_10km,XGB_10km,ok,jaccard_top10,TH52,0.6896838602329451,6183.0,6003.0,4974.0,7212.0
1,across_learners,10km,RF_10km,XGB_10km,ok,jaccard_top10,TH53,0.5780809031044214,3513.0,3197.0,2458.0,4252.0
1,across_learners,10km,RF_10km,XGB_10km,ok,jaccard_top10,TH54,0.5397273154677951,1864.0,1411.0,1148.0,2127.0
1,across_learners,10km,RF_10km,XGB_10km,ok,jaccard_top10,TH55,0.6906906906906907,2720.0,2910.0,2300.0,3330.0
1,across_learners,10km,RF_10km,XGB_10km,ok,jaccard_top10,TH56,0.5466576179165252,2614.0,1944.0,1611.0,2947.0
1,across_learners,10km,RF_10km,XGB_10km,ok,jaccard_top10,TH57,0.6699399890889253,8664.0,9702.0,7368.0,10998.0
1,across_learners,10km,RF_10km,XGB_10km,ok,jaccard_top10,TH58,0.6131004366812227,931.0,916.0,702.0,1145.0
1,across_learners,10km,RF_10km,LR_10km,ok,ssim_raw_7,TH50,0.48145508766174316,,,,
1,across_learners,10km,RF_10km,LR_10km,ok,ssim_raw_7,TH51,0.5763142704963684,,,,
1,across_learners,10km,RF_10km,LR_10km,ok,ssim_raw_7,TH52,0.5417852997779846,,,,
1,across_learners,10km,RF_10km,LR_10km,ok,ssim_raw_7,TH53,0.6153069734573364,,,,
1,across_learners,10km,RF_10km,LR_10km,ok,ssim_raw_7,TH54,0.5956515073776245,,,,
1,across_learners,10km,RF_10km,LR_10km,ok,ssim_raw_7,TH55,0.5068415999412537,,,,
1,across_learners,10km,RF_10km,LR_10km,ok,ssim_raw_7,TH56,0.576655924320221,,,,
1,across_learners,10km,RF_10km,LR_10km,ok,ssim_raw_7,TH57,0.6116604804992676,,,,
1,across_learners,10km,RF_10km,LR_10km,ok,ssim_raw_7,TH58,0.3924417197704315,,,,
1,across_learners,10km,RF_10km,LR_10km,ok,ssim_rank_7,TH50,0.2223176807165146,,,,
1,across_learners,10km,RF_10km,LR_10km,ok,ssim_rank_7,TH51,0.4804486632347107,,,,
1,across_learners,10km,RF_10km,LR_10km,ok,ssim_rank_7,TH52,0.3725329041481018,,,,
1,across_learners,10km,RF_10km,LR_10km,ok,ssim_rank_7,TH53,0.41687917709350586,,,,
1,across_learners,10km,RF_10km,LR_10km,ok,ssim_rank_7,TH54,0.33211013674736023,,,,
1,across_learners,10km,RF_10km,LR_10km,ok,ssim_rank_7,TH55,0.1896488070487976,,,,
1,across_learners,10km,RF_10km,LR_10km,ok,ssim_rank_7,TH56,0.39353442192077637,,,,
1,across_learners,10km,RF_10km,LR_10km,ok,ssim_rank_7,TH57,0.4444226622581482,,,,
1,across_learners,10km,RF_10km,LR_10km,ok,ssim_rank_7,TH58,0.03898739442229271,,,,
1,across_learners,10km,RF_10km,LR_10km,ok,ssim_raw_21,TH50,0.5061020851135254,,,,
1,across_learners,10km,RF_10km,LR_10km,ok,ssim_raw_21,TH51,0.6557440161705017,,,,
1,across_learners,10km,RF_10km,LR_10km,ok,ssim_raw_21,TH52,0.5909947752952576,,,,
1,across_learners,10km,RF_10km,LR_10km,ok,ssim_raw_21,TH53,0.7004991769790649,,,,
1,across_learners,10km,RF_10km,LR_10km,ok,ssim_raw_21,TH54,0.6296164393424988,,,,
1,across_learners,10km,RF_10km,LR_10km,ok,ssim_raw_21,TH55,0.5375251173973083,,,,
1,across_learners,10km,RF_10km,LR_10km,ok,ssim_raw_21,TH56,0.6492563486099243,,,,
1,across_learners,10km,RF_10km,LR_10km,ok,ssim_raw_21,TH57,0.6907905340194702,,,,
1,across_learners,10km,RF_10km,LR_10km,ok,ssim_raw_21,TH58,0.39398491382598877,,,,
1,across_learners,10km,RF_10km,LR_10km,ok,ssim_rank_21,TH50,0.33579638600349426,,,,
1,across_learners,10km,RF_10km,LR_10km,ok,ssim_rank_21,TH51,0.6636359095573425,,,,
1,across_learners,10km,RF_10km,LR_10km,ok,ssim_rank_21,TH52,0.49944210052490234,,,,
1,across_learners,10km,RF_10km,LR_10km,ok,ssim_rank_21,TH53,0.605197012424469,,,,
1,across_learners,10km,RF_10km,LR_10km,ok,ssim_rank_21,TH54,0.4853668808937073,,,,
1,across_learners,10km,RF_10km,LR_10km,ok,ssim_rank_21,TH55,0.33664119243621826,,,,
1,across_learners,10km,RF_10km,LR_10km,ok,ssim_rank_21,TH56,0.5131279230117798,,,,
1,across_learners,10km,RF_10km,LR_10km,ok,ssim_rank_21,TH57,0.5658851265907288,,,,
1,across_learners,10km,RF_10km,LR_10km,ok,ssim_rank_21,TH58,0.1424635946750641,,,,
1,across_learners,10km,RF_10km,LR_10km,ok,jaccard_top10,TH50,0.6209144240618307,8503.0,8904.0,6668.0,10739.0
1,across_learners,10km,RF_10km,LR_10km,ok,jaccard_top10,TH51,0.6308422301304863,3214.0,3660.0,2659.0,4215.0
1,across_learners,10km,RF_10km,LR_10km,ok,jaccard_top10,TH52,0.5019109850819874,6183.0,5999.0,4071.0,8111.0
1,across_learners,10km,RF_10km,LR_10km,ok,jaccard_top10,TH53,0.521563021205623,3513.0,2873.0,2189.0,4197.0
1,across_learners,10km,RF_10km,LR_10km,ok,jaccard_top10,TH54,0.48131868131868133,1864.0,1506.0,1095.0,2275.0
1,across_learners,10km,RF_10km,LR_10km,ok,jaccard_top10,TH55,0.5568181818181818,2720.0,2760.0,1960.0,3520.0
1,across_learners,10km,RF_10km,LR_10km,ok,jaccard_top10,TH56,0.4934823091247672,2614.0,3000.0,1855.0,3759.0
1,across_learners,10km,RF_10km,LR_10km,ok,jaccard_top10,TH57,0.630587330577718,8664.0,8299.0,6560.0,10403.0
1,across_learners,10km,RF_10km,LR_10km,ok,jaccard_top10,TH58,0.3631142310146777,931.0,1205.0,569.0,1567.0
1,across_learners,10km,XGB_10km,LR_10km,ok,ssim_raw_7,TH50,0.5878540277481079,,,,
1,across_learners,10km,XGB_10km,LR_10km,ok,ssim_raw_7,TH51,0.49802741408348083,,,,
1,across_learners,10km,XGB_10km,LR_10km,ok,ssim_raw_7,TH52,0.5896655917167664,,,,
1,across_learners,10km,XGB_10km,LR_10km,ok,ssim_raw_7,TH53,0.6029711365699768,,,,
1,across_learners,10km,XGB_10km,LR_10km,ok,ssim_raw_7,TH54,0.6216808557510376,,,,
1,across_learners,10km,XGB_10km,LR_10km,ok,ssim_raw_7,TH55,0.6661101579666138,,,,
1,across_learners,10km,XGB_10km,LR_10km,ok,ssim_raw_7,TH56,0.5371583700180054,,,,
1,across_learners,10km,XGB_10km,LR_10km,ok,ssim_raw_7,TH57,0.6395569443702698,,,,
1,across_learners,10km,XGB_10km,LR_10km,ok,ssim_raw_7,TH58,0.6861344575881958,,,,
1,across_learners,10km,XGB_10km,LR_10km,ok,ssim_rank_7,TH50,0.27929961681365967,,,,
1,across_learners,10km,XGB_10km,LR_10km,ok,ssim_rank_7,TH51,0.5075486302375793,,,,
1,across_learners,10km,XGB_10km,LR_10km,ok,ssim_rank_7,TH52,0.44935405254364014,,,,
1,across_learners,10km,XGB_10km,LR_10km,ok,ssim_rank_7,TH53,0.47393134236335754,,,,
1,across_learners,10km,XGB_10km,LR_10km,ok,ssim_rank_7,TH54,0.43772968649864197,,,,
1,across_learners,10km,XGB_10km,LR_10km,ok,ssim_rank_7,TH55,0.273104727268219,,,,
1,across_learners,10km,XGB_10km,LR_10km,ok,ssim_rank_7,TH56,0.5008578300476074,,,,
1,across_learners,10km,XGB_10km,LR_10km,ok,ssim_rank_7,TH57,0.4909661114215851,,,,
1,across_learners,10km,XGB_10km,LR_10km,ok,ssim_rank_7,TH58,0.05248255655169487,,,,
1,across_learners,10km,XGB_10km,LR_10km,ok,ssim_raw_21,TH50,0.5666244029998779,,,,
1,across_learners,10km,XGB_10km,LR_10km,ok,ssim_raw_21,TH51,0.5075018405914307,,,,
1,across_learners,10km,XGB_10km,LR_10km,ok,ssim_raw_21,TH52,0.5929011106491089,,,,
1,across_learners,10km,XGB_10km,LR_10km,ok,ssim_raw_21,TH53,0.6537480354309082,,,,
1,across_learners,10km,XGB_10km,LR_10km,ok,ssim_raw_21,TH54,0.6195791959762573,,,,
1,across_learners,10km,XGB_10km,LR_10km,ok,ssim_raw_21,TH55,0.6484752893447876,,,,
1,across_learners,10km,XGB_10km,LR_10km,ok,ssim_raw_21,TH56,0.5543597340583801,,,,
1,across_learners,10km,XGB_10km,LR_10km,ok,ssim_raw_21,TH57,0.706355094909668,,,,
1,across_learners,10km,XGB_10km,LR_10km,ok,ssim_raw_21,TH58,0.6088044047355652,,,,
1,across_learners,10km,XGB_10km,LR_10km,ok,ssim_rank_21,TH50,0.4691956639289856,,,,
1,across_learners,10km,XGB_10km,LR_10km,ok,ssim_rank_21,TH51,0.7041268348693848,,,,
1,across_learners,10km,XGB_10km,LR_10km,ok,ssim_rank_21,TH52,0.6192672252655029,,,,
1,across_learners,10km,XGB_10km,LR_10km,ok,ssim_rank_21,TH53,0.655043363571167,,,,
1,across_learners,10km,XGB_10km,LR_10km,ok,ssim_rank_21,TH54,0.5947693586349487,,,,
1,across_learners,10km,XGB_10km,LR_10km,ok,ssim_rank_21,TH55,0.4610830247402191,,,,
1,across_learners,10km,XGB_10km,LR_10km,ok,ssim_rank_21,TH56,0.6575135588645935,,,,
1,across_learners,10km,XGB_10km,LR_10km,ok,ssim_rank_21,TH57,0.622531533241272,,,,
1,across_learners,10km,XGB_10km,LR_10km,ok,ssim_rank_21,TH58,0.25213518738746643,,,,
1,across_learners,10km,XGB_10km,LR_10km,ok,jaccard_top10,TH50,0.5901902975073707,8895.0,8904.0,6606.0,11193.0
1,across_learners,10km,XGB_10km,LR_10km,ok,jaccard_top10,TH51,0.6134926212227688,3228.0,3660.0,2619.0,4269.0
1,across_learners,10km,XGB_10km,LR_10km,ok,jaccard_top10,TH52,0.4898212512413108,6003.0,5999.0,3946.0,8056.0
1,across_learners,10km,XGB_10km,LR_10km,ok,jaccard_top10,TH53,0.40120036934441367,3197.0,2873.0,1738.0,4332.0
1,across_learners,10km,XGB_10km,LR_10km,ok,jaccard_top10,TH54,0.45196615231458437,1411.0,1506.0,908.0,2009.0
1,across_learners,10km,XGB_10km,LR_10km,ok,jaccard_top10,TH55,0.5650013800717637,2910.0,2760.0,2047.0,3623.0
1,across_learners,10km,XGB_10km,LR_10km,ok,jaccard_top10,TH56,0.46272189349112425,1944.0,3000.0,1564.0,3380.0
1,across_learners,10km,XGB_10km,LR_10km,ok,jaccard_top10,TH57,0.6089560243117627,9702.0,8299.0,6813.0,11188.0
1,across_learners,10km,XGB_10km,LR_10km,ok,jaccard_top10,TH58,0.3596153846153846,916.0,1205.0,561.0,1560.0
1,across_learners,20km,RF_20km,XGB_20km,ok,ssim_raw_7,TH50,0.696958601474762,,,,
1,across_learners,20km,RF_20km,XGB_20km,ok,ssim_raw_7,TH51,0.6936829090118408,,,,
1,across_learners,20km,RF_20km,XGB_20km,ok,ssim_raw_7,TH52,0.7264846563339233,,,,
1,across_learners,20km,RF_20km,XGB_20km,ok,ssim_raw_7,TH53,0.7552892565727234,,,,
1,across_learners,20km,RF_20km,XGB_20km,ok,ssim_raw_7,TH54,0.6799390316009521,,,,
1,across_learners,20km,RF_20km,XGB_20km,ok,ssim_raw_7,TH55,0.7472529411315918,,,,
1,across_learners,20km,RF_20km,XGB_20km,ok,ssim_raw_7,TH56,0.7563447952270508,,,,
1,across_learners,20km,RF_20km,XGB_20km,ok,ssim_raw_7,TH57,0.7490796446800232,,,,
1,across_learners,20km,RF_20km,XGB_20km,ok,ssim_raw_7,TH58,0.7196677327156067,,,,
1,across_learners,20km,RF_20km,XGB_20km,ok,ssim_rank_7,TH50,0.6030410528182983,,,,
1,across_learners,20km,RF_20km,XGB_20km,ok,ssim_rank_7,TH51,0.739799439907074,,,,
1,across_learners,20km,RF_20km,XGB_20km,ok,ssim_rank_7,TH52,0.6989195942878723,,,,
1,across_learners,20km,RF_20km,XGB_20km,ok,ssim_rank_7,TH53,0.7035365700721741,,,,
1,across_learners,20km,RF_20km,XGB_20km,ok,ssim_rank_7,TH54,0.7232344746589661,,,,
1,across_learners,20km,RF_20km,XGB_20km,ok,ssim_rank_7,TH55,0.592151403427124,,,,
1,across_learners,20km,RF_20km,XGB_20km,ok,ssim_rank_7,TH56,0.7388017177581787,,,,
1,across_learners,20km,RF_20km,XGB_20km,ok,ssim_rank_7,TH57,0.7548748254776001,,,,
1,across_learners,20km,RF_20km,XGB_20km,ok,ssim_rank_7,TH58,0.49950432777404785,,,,
1,across_learners,20km,RF_20km,XGB_20km,ok,ssim_raw_21,TH50,0.6710403561592102,,,,
1,across_learners,20km,RF_20km,XGB_20km,ok,ssim_raw_21,TH51,0.7015010714530945,,,,
1,across_learners,20km,RF_20km,XGB_20km,ok,ssim_raw_21,TH52,0.7435922026634216,,,,
1,across_learners,20km,RF_20km,XGB_20km,ok,ssim_raw_21,TH53,0.7953117489814758,,,,
1,across_learners,20km,RF_20km,XGB_20km,ok,ssim_raw_21,TH54,0.6464218497276306,,,,
1,across_learners,20km,RF_20km,XGB_20km,ok,ssim_raw_21,TH55,0.7471312284469604,,,,
1,across_learners,20km,RF_20km,XGB_20km,ok,ssim_raw_21,TH56,0.7952685952186584,,,,
1,across_learners,20km,RF_20km,XGB_20km,ok,ssim_raw_21,TH57,0.8183733224868774,,,,
1,across_learners,20km,RF_20km,XGB_20km,ok,ssim_raw_21,TH58,0.6969099640846252,,,,
1,across_learners,20km,RF_20km,XGB_20km,ok,ssim_rank_21,TH50,0.7009323835372925,,,,
1,across_learners,20km,RF_20km,XGB_20km,ok,ssim_rank_21,TH51,0.8315655589103699,,,,
1,across_learners,20km,RF_20km,XGB_20km,ok,ssim_rank_21,TH52,0.7995032072067261,,,,
1,across_learners,20km,RF_20km,XGB_20km,ok,ssim_rank_21,TH53,0.8145195245742798,,,,
1,across_learners,20km,RF_20km,XGB_20km,ok,ssim_rank_21,TH54,0.8324408531188965,,,,
1,across_learners,20km,RF_20km,XGB_20km,ok,ssim_rank_21,TH55,0.7144712209701538,,,,
1,across_learners,20km,RF_20km,XGB_20km,ok,ssim_rank_21,TH56,0.8367583751678467,,,,
1,across_learners,20km,RF_20km,XGB_20km,ok,ssim_rank_21,TH57,0.837303876876831,,,,
1,across_learners,20km,RF_20km,XGB_20km,ok,ssim_rank_21,TH58,0.624643862247467,,,,
1,across_learners,20km,RF_20km,XGB_20km,ok,jaccard_top10,TH50,0.7450485044462409,8366.0,8903.0,7373.0,9896.0
1,across_learners,20km,RF_20km,XGB_20km,ok,jaccard_top10,TH51,0.7581681094666294,3202.0,3094.0,2715.0,3581.0
1,across_learners,20km,RF_20km,XGB_20km,ok,jaccard_top10,TH52,0.7446617888606839,5952.0,5732.0,4987.0,6697.0
1,across_learners,20km,RF_20km,XGB_20km,ok,jaccard_top10,TH53,0.6533996683250415,3433.0,3546.0,2758.0,4221.0
1,across_learners,20km,RF_20km,XGB_20km,ok,jaccard_top10,TH54,0.6565,1809.0,1504.0,1313.0,2000.0
1,across_learners,20km,RF_20km,XGB_20km,ok,jaccard_top10,TH55,0.7377950210151956,2715.0,2660.0,2282.0,3093.0
1,across_learners,20km,RF_20km,XGB_20km,ok,jaccard_top10,TH56,0.6414342629482072,2848.0,2096.0,1932.0,3012.0
1,across_learners,20km,RF_20km,XGB_20km,ok,jaccard_top10,TH57,0.74843179477577,9107.0,9568.0,7994.0,10681.0
1,across_learners,20km,RF_20km,XGB_20km,ok,jaccard_top10,TH58,0.5933786078098472,774.0,1103.0,699.0,1178.0
1,across_learners,20km,RF_20km,LR_20km,ok,ssim_raw_7,TH50,0.5742244720458984,,,,
1,across_learners,20km,RF_20km,LR_20km,ok,ssim_raw_7,TH51,0.6256552934646606,,,,
1,across_learners,20km,RF_20km,LR_20km,ok,ssim_raw_7,TH52,0.6392515897750854,,,,
1,across_learners,20km,RF_20km,LR_20km,ok,ssim_raw_7,TH53,0.679070234298706,,,,
1,across_learners,20km,RF_20km,LR_20km,ok,ssim_raw_7,TH54,0.678641140460968,,,,
1,across_learners,20km,RF_20km,LR_20km,ok,ssim_raw_7,TH55,0.6244204640388489,,,,
1,across_learners,20km,RF_20km,LR_20km,ok,ssim_raw_7,TH56,0.6565951704978943,,,,
1,across_learners,20km,RF_20km,LR_20km,ok,ssim_raw_7,TH57,0.6593634486198425,,,,
1,across_learners,20km,RF_20km,LR_20km,ok,ssim_raw_7,TH58,0.5825297832489014,,,,
1,across_learners,20km,RF_20km,LR_20km,ok,ssim_rank_7,TH50,0.29133346676826477,,,,
1,across_learners,20km,RF_20km,LR_20km,ok,ssim_rank_7,TH51,0.5369005799293518,,,,
1,across_learners,20km,RF_20km,LR_20km,ok,ssim_rank_7,TH52,0.4551548361778259,,,,
1,across_learners,20km,RF_20km,LR_20km,ok,ssim_rank_7,TH53,0.48616358637809753,,,,
1,across_learners,20km,RF_20km,LR_20km,ok,ssim_rank_7,TH54,0.42879417538642883,,,,
1,across_learners,20km,RF_20km,LR_20km,ok,ssim_rank_7,TH55,0.24628108739852905,,,,
1,across_learners,20km,RF_20km,LR_20km,ok,ssim_rank_7,TH56,0.48804399371147156,,,,
1,across_learners,20km,RF_20km,LR_20km,ok,ssim_rank_7,TH57,0.5073180794715881,,,,
1,across_learners,20km,RF_20km,LR_20km,ok,ssim_rank_7,TH58,0.09279359132051468,,,,
1,across_learners,20km,RF_20km,LR_20km,ok,ssim_raw_21,TH50,0.5905866622924805,,,,
1,across_learners,20km,RF_20km,LR_20km,ok,ssim_raw_21,TH51,0.7070671916007996,,,,
1,across_learners,20km,RF_20km,LR_20km,ok,ssim_raw_21,TH52,0.6955862641334534,,,,
1,across_learners,20km,RF_20km,LR_20km,ok,ssim_raw_21,TH53,0.757493257522583,,,,
1,across_learners,20km,RF_20km,LR_20km,ok,ssim_raw_21,TH54,0.710656464099884,,,,
1,across_learners,20km,RF_20km,LR_20km,ok,ssim_raw_21,TH55,0.64576256275177,,,,
1,across_learners,20km,RF_20km,LR_20km,ok,ssim_raw_21,TH56,0.7329862713813782,,,,
1,across_learners,20km,RF_20km,LR_20km,ok,ssim_raw_21,TH57,0.7398197054862976,,,,
1,across_learners,20km,RF_20km,LR_20km,ok,ssim_raw_21,TH58,0.5583049058914185,,,,
1,across_learners,20km,RF_20km,LR_20km,ok,ssim_rank_21,TH50,0.43014734983444214,,,,
1,across_learners,20km,RF_20km,LR_20km,ok,ssim_rank_21,TH51,0.7090657353401184,,,,
1,across_learners,20km,RF_20km,LR_20km,ok,ssim_rank_21,TH52,0.612865686416626,,,,
1,across_learners,20km,RF_20km,LR_20km,ok,ssim_rank_21,TH53,0.6805866956710815,,,,
1,across_learners,20km,RF_20km,LR_20km,ok,ssim_rank_21,TH54,0.6152605414390564,,,,
1,across_learners,20km,RF_20km,LR_20km,ok,ssim_rank_21,TH55,0.4259062111377716,,,,
1,across_learners,20km,RF_20km,LR_20km,ok,ssim_rank_21,TH56,0.6302167773246765,,,,
1,across_learners,20km,RF_20km,LR_20km,ok,ssim_rank_21,TH57,0.6282575726509094,,,,
1,across_learners,20km,RF_20km,LR_20km,ok,ssim_rank_21,TH58,0.24092230200767517,,,,
1,across_learners,20km,RF_20km,LR_20km,ok,jaccard_top10,TH50,0.7098925159235668,8366.0,8815.0,7133.0,10048.0
1,across_learners,20km,RF_20km,LR_20km,ok,jaccard_top10,TH51,0.6986472945891784,3202.0,3579.0,2789.0,3992.0
1,across_learners,20km,RF_20km,LR_20km,ok,jaccard_top10,TH52,0.5810624827965868,5952.0,5536.0,4222.0,7266.0
1,across_learners,20km,RF_20km,LR_20km,ok,jaccard_top10,TH53,0.5862854251012146,3433.0,2836.0,2317.0,3952.0
1,across_learners,20km,RF_20km,LR_20km,ok,jaccard_top10,TH54,0.6118084611808461,1809.0,1658.0,1316.0,2151.0
1,across_learners,20km,RF_20km,LR_20km,ok,jaccard_top10,TH55,0.6190334128878282,2715.0,2712.0,2075.0,3352.0
1,across_learners,20km,RF_20km,LR_20km,ok,jaccard_top10,TH56,0.5662650602409639,2848.0,3132.0,2162.0,3818.0
1,across_learners,20km,RF_20km,LR_20km,ok,jaccard_top10,TH57,0.6874709761307699,9107.0,9062.0,7402.0,10767.0
1,across_learners,20km,RF_20km,LR_20km,ok,jaccard_top10,TH58,0.45118733509234826,774.0,876.0,513.0,1137.0
1,across_learners,20km,XGB_20km,LR_20km,ok,ssim_raw_7,TH50,0.6026890873908997,,,,
1,across_learners,20km,XGB_20km,LR_20km,ok,ssim_raw_7,TH51,0.5063354969024658,,,,
1,across_learners,20km,XGB_20km,LR_20km,ok,ssim_raw_7,TH52,0.6050582528114319,,,,
1,across_learners,20km,XGB_20km,LR_20km,ok,ssim_raw_7,TH53,0.6204225420951843,,,,
1,across_learners,20km,XGB_20km,LR_20km,ok,ssim_raw_7,TH54,0.6245023608207703,,,,
1,across_learners,20km,XGB_20km,LR_20km,ok,ssim_raw_7,TH55,0.6921119093894958,,,,
1,across_learners,20km,XGB_20km,LR_20km,ok,ssim_raw_7,TH56,0.5445294976234436,,,,
1,across_learners,20km,XGB_20km,LR_20km,ok,ssim_raw_7,TH57,0.6461400389671326,,,,
1,across_learners,20km,XGB_20km,LR_20km,ok,ssim_raw_7,TH58,0.702359139919281,,,,
1,across_learners,20km,XGB_20km,LR_20km,ok,ssim_rank_7,TH50,0.38434848189353943,,,,
1,across_learners,20km,XGB_20km,LR_20km,ok,ssim_rank_7,TH51,0.593800961971283,,,,
1,across_learners,20km,XGB_20km,LR_20km,ok,ssim_rank_7,TH52,0.5175426006317139,,,,
1,across_learners,20km,XGB_20km,LR_20km,ok,ssim_rank_7,TH53,0.549210786819458,,,,
1,across_learners,20km,XGB_20km,LR_20km,ok,ssim_rank_7,TH54,0.4882487952709198,,,,
1,across_learners,20km,XGB_20km,LR_20km,ok,ssim_rank_7,TH55,0.35818952322006226,,,,
1,across_learners,20km,XGB_20km,LR_20km,ok,ssim_rank_7,TH56,0.5585666298866272,,,,
1,across_learners,20km,XGB_20km,LR_20km,ok,ssim_rank_7,TH57,0.5439581274986267,,,,
1,across_learners,20km,XGB_20km,LR_20km,ok,ssim_rank_7,TH58,0.1402077078819275,,,,
1,across_learners,20km,XGB_20km,LR_20km,ok,ssim_raw_21,TH50,0.6019454598426819,,,,
1,across_learners,20km,XGB_20km,LR_20km,ok,ssim_raw_21,TH51,0.5263006091117859,,,,
1,across_learners,20km,XGB_20km,LR_20km,ok,ssim_raw_21,TH52,0.6251949071884155,,,,
1,across_learners,20km,XGB_20km,LR_20km,ok,ssim_raw_21,TH53,0.691479504108429,,,,
1,across_learners,20km,XGB_20km,LR_20km,ok,ssim_raw_21,TH54,0.6367813944816589,,,,
1,across_learners,20km,XGB_20km,LR_20km,ok,ssim_raw_21,TH55,0.6894969940185547,,,,
1,across_learners,20km,XGB_20km,LR_20km,ok,ssim_raw_21,TH56,0.5934436917304993,,,,
1,across_learners,20km,XGB_20km,LR_20km,ok,ssim_raw_21,TH57,0.7332327961921692,,,,
1,across_learners,20km,XGB_20km,LR_20km,ok,ssim_raw_21,TH58,0.6351723670959473,,,,
1,across_learners,20km,XGB_20km,LR_20km,ok,ssim_rank_21,TH50,0.5589354038238525,,,,
1,across_learners,20km,XGB_20km,LR_20km,ok,ssim_rank_21,TH51,0.7585086822509766,,,,
1,across_learners,20km,XGB_20km,LR_20km,ok,ssim_rank_21,TH52,0.6939728856086731,,,,
1,across_learners,20km,XGB_20km,LR_20km,ok,ssim_rank_21,TH53,0.7269083857536316,,,,
1,across_learners,20km,XGB_20km,LR_20km,ok,ssim_rank_21,TH54,0.6704352498054504,,,,
1,across_learners,20km,XGB_20km,LR_20km,ok,ssim_rank_21,TH55,0.5661237239837646,,,,
1,across_learners,20km,XGB_20km,LR_20km,ok,ssim_rank_21,TH56,0.7246888875961304,,,,
1,across_learners,20km,XGB_20km,LR_20km,ok,ssim_rank_21,TH57,0.6784951090812683,,,,
1,across_learners,20km,XGB_20km,LR_20km,ok,ssim_rank_21,TH58,0.34952083230018616,,,,
1,across_learners,20km,XGB_20km,LR_20km,ok,jaccard_top10,TH50,0.6685186929089368,8903.0,8815.0,7099.0,10619.0
1,across_learners,20km,XGB_20km,LR_20km,ok,jaccard_top10,TH51,0.6343374969385256,3094.0,3579.0,2590.0,4083.0
1,across_learners,20km,XGB_20km,LR_20km,ok,jaccard_top10,TH52,0.5345226746561351,5732.0,5536.0,3925.0,7343.0
1,across_learners,20km,XGB_20km,LR_20km,ok,jaccard_top10,TH53,0.45078426915208003,3546.0,2836.0,1983.0,4399.0
1,across_learners,20km,XGB_20km,LR_20km,ok,jaccard_top10,TH54,0.5049976201808662,1504.0,1658.0,1061.0,2101.0
1,across_learners,20km,XGB_20km,LR_20km,ok,jaccard_top10,TH55,0.6098291878933173,2660.0,2712.0,2035.0,3337.0
1,across_learners,20km,XGB_20km,LR_20km,ok,jaccard_top10,TH56,0.46524663677130046,2096.0,3132.0,1660.0,3568.0
1,across_learners,20km,XGB_20km,LR_20km,ok,jaccard_top10,TH57,0.6409759534924689,9568.0,9062.0,7277.0,11353.0
1,across_learners,20km,XGB_20km,LR_20km,ok,jaccard_top10,TH58,0.3917018284106892,1103.0,876.0,557.0,1422.0
1,across_learners,25km,RF_25km,XGB_25km,ok,ssim_raw_7,TH50,0.6789718270301819,,,,
1,across_learners,25km,RF_25km,XGB_25km,ok,ssim_raw_7,TH51,0.6715586185455322,,,,
1,across_learners,25km,RF_25km,XGB_25km,ok,ssim_raw_7,TH52,0.7173942923545837,,,,
1,across_learners,25km,RF_25km,XGB_25km,ok,ssim_raw_7,TH53,0.7167364358901978,,,,
1,across_learners,25km,RF_25km,XGB_25km,ok,ssim_raw_7,TH54,0.654797375202179,,,,
1,across_learners,25km,RF_25km,XGB_25km,ok,ssim_raw_7,TH55,0.726244330406189,,,,
1,across_learners,25km,RF_25km,XGB_25km,ok,ssim_raw_7,TH56,0.7329891920089722,,,,
1,across_learners,25km,RF_25km,XGB_25km,ok,ssim_raw_7,TH57,0.7285447716712952,,,,
1,across_learners,25km,RF_25km,XGB_25km,ok,ssim_raw_7,TH58,0.7437330484390259,,,,
1,across_learners,25km,RF_25km,XGB_25km,ok,ssim_rank_7,TH50,0.5767095685005188,,,,
1,across_learners,25km,RF_25km,XGB_25km,ok,ssim_rank_7,TH51,0.7219913601875305,,,,
1,across_learners,25km,RF_25km,XGB_25km,ok,ssim_rank_7,TH52,0.688585638999939,,,,
1,across_learners,25km,RF_25km,XGB_25km,ok,ssim_rank_7,TH53,0.6892479658126831,,,,
1,across_learners,25km,RF_25km,XGB_25km,ok,ssim_rank_7,TH54,0.7036397457122803,,,,
1,across_learners,25km,RF_25km,XGB_25km,ok,ssim_rank_7,TH55,0.5465005040168762,,,,
1,across_learners,25km,RF_25km,XGB_25km,ok,ssim_rank_7,TH56,0.705742597579956,,,,
1,across_learners,25km,RF_25km,XGB_25km,ok,ssim_rank_7,TH57,0.7283421158790588,,,,
1,across_learners,25km,RF_25km,XGB_25km,ok,ssim_rank_7,TH58,0.46346455812454224,,,,
1,across_learners,25km,RF_25km,XGB_25km,ok,ssim_raw_21,TH50,0.6262190937995911,,,,
1,across_learners,25km,RF_25km,XGB_25km,ok,ssim_raw_21,TH51,0.6501357555389404,,,,
1,across_learners,25km,RF_25km,XGB_25km,ok,ssim_raw_21,TH52,0.718451201915741,,,,
1,across_learners,25km,RF_25km,XGB_25km,ok,ssim_raw_21,TH53,0.71743243932724,,,,
1,across_learners,25km,RF_25km,XGB_25km,ok,ssim_raw_21,TH54,0.5931849479675293,,,,
1,across_learners,25km,RF_25km,XGB_25km,ok,ssim_raw_21,TH55,0.6995303630828857,,,,
1,across_learners,25km,RF_25km,XGB_25km,ok,ssim_raw_21,TH56,0.7541256546974182,,,,
1,across_learners,25km,RF_25km,XGB_25km,ok,ssim_raw_21,TH57,0.7963887453079224,,,,
1,across_learners,25km,RF_25km,XGB_25km,ok,ssim_raw_21,TH58,0.7013580799102783,,,,
1,across_learners,25km,RF_25km,XGB_25km,ok,ssim_rank_21,TH50,0.6875315308570862,,,,
1,across_learners,25km,RF_25km,XGB_25km,ok,ssim_rank_21,TH51,0.8291153907775879,,,,
1,across_learners,25km,RF_25km,XGB_25km,ok,ssim_rank_21,TH52,0.8002169132232666,,,,
1,across_learners,25km,RF_25km,XGB_25km,ok,ssim_rank_21,TH53,0.8121681809425354,,,,
1,across_learners,25km,RF_25km,XGB_25km,ok,ssim_rank_21,TH54,0.8166172504425049,,,,
1,across_learners,25km,RF_25km,XGB_25km,ok,ssim_rank_21,TH55,0.6909235715866089,,,,
1,across_learners,25km,RF_25km,XGB_25km,ok,ssim_rank_21,TH56,0.8137157559394836,,,,
1,across_learners,25km,RF_25km,XGB_25km,ok,ssim_rank_21,TH57,0.8225716948509216,,,,
1,across_learners,25km,RF_25km,XGB_25km,ok,ssim_rank_21,TH58,0.6113107204437256,,,,
1,across_learners,25km,RF_25km,XGB_25km,ok,jaccard_top10,TH50,0.7107446178155243,8410.0,8913.0,7197.0,10126.0
1,across_learners,25km,RF_25km,XGB_25km,ok,jaccard_top10,TH51,0.7150684931506849,3155.0,3105.0,2610.0,3650.0
1,across_learners,25km,RF_25km,XGB_25km,ok,jaccard_top10,TH52,0.68731438268986,6115.0,5816.0,4860.0,7071.0
1,across_learners,25km,RF_25km,XGB_25km,ok,jaccard_top10,TH53,0.5722209382944303,3444.0,3359.0,2476.0,4327.0
1,across_learners,25km,RF_25km,XGB_25km,ok,jaccard_top10,TH54,0.5454990215264188,1807.0,1352.0,1115.0,2044.0
1,across_learners,25km,RF_25km,XGB_25km,ok,jaccard_top10,TH55,0.6891076532232455,2760.0,2559.0,2170.0,3149.0
1,across_learners,25km,RF_25km,XGB_25km,ok,jaccard_top10,TH56,0.6026991441737986,2748.0,2121.0,1831.0,3038.0
1,across_learners,25km,RF_25km,XGB_25km,ok,jaccard_top10,TH57,0.7095614665708123,9036.0,9988.0,7896.0,11128.0
1,across_learners,25km,RF_25km,XGB_25km,ok,jaccard_top10,TH58,0.5587703435804702,731.0,993.0,618.0,1106.0
1,across_learners,25km,RF_25km,LR_25km,ok,ssim_raw_7,TH50,0.5872626900672913,,,,
1,across_learners,25km,RF_25km,LR_25km,ok,ssim_raw_7,TH51,0.6296734809875488,,,,
1,across_learners,25km,RF_25km,LR_25km,ok,ssim_raw_7,TH52,0.6414698958396912,,,,
1,across_learners,25km,RF_25km,LR_25km,ok,ssim_raw_7,TH53,0.6820638179779053,,,,
1,across_learners,25km,RF_25km,LR_25km,ok,ssim_raw_7,TH54,0.6785117387771606,,,,
1,across_learners,25km,RF_25km,LR_25km,ok,ssim_raw_7,TH55,0.626900851726532,,,,
1,across_learners,25km,RF_25km,LR_25km,ok,ssim_raw_7,TH56,0.6458480358123779,,,,
1,across_learners,25km,RF_25km,LR_25km,ok,ssim_raw_7,TH57,0.6471961140632629,,,,
1,across_learners,25km,RF_25km,LR_25km,ok,ssim_raw_7,TH58,0.6115636229515076,,,,
1,across_learners,25km,RF_25km,LR_25km,ok,ssim_rank_7,TH50,0.29968371987342834,,,,
1,across_learners,25km,RF_25km,LR_25km,ok,ssim_rank_7,TH51,0.5587075352668762,,,,
1,across_learners,25km,RF_25km,LR_25km,ok,ssim_rank_7,TH52,0.4714900255203247,,,,
1,across_learners,25km,RF_25km,LR_25km,ok,ssim_rank_7,TH53,0.5098478198051453,,,,
1,across_learners,25km,RF_25km,LR_25km,ok,ssim_rank_7,TH54,0.4515485465526581,,,,
1,across_learners,25km,RF_25km,LR_25km,ok,ssim_rank_7,TH55,0.26761823892593384,,,,
1,across_learners,25km,RF_25km,LR_25km,ok,ssim_rank_7,TH56,0.5023695826530457,,,,
1,across_learners,25km,RF_25km,LR_25km,ok,ssim_rank_7,TH57,0.5138383507728577,,,,
1,across_learners,25km,RF_25km,LR_25km,ok,ssim_rank_7,TH58,0.11179175227880478,,,,
1,across_learners,25km,RF_25km,LR_25km,ok,ssim_raw_21,TH50,0.6045071482658386,,,,
1,across_learners,25km,RF_25km,LR_25km,ok,ssim_raw_21,TH51,0.7101372480392456,,,,
1,across_learners,25km,RF_25km,LR_25km,ok,ssim_raw_21,TH52,0.7012539505958557,,,,
1,across_learners,25km,RF_25km,LR_25km,ok,ssim_raw_21,TH53,0.7604311108589172,,,,
1,across_learners,25km,RF_25km,LR_25km,ok,ssim_raw_21,TH54,0.7070556879043579,,,,
1,across_learners,25km,RF_25km,LR_25km,ok,ssim_raw_21,TH55,0.6452547907829285,,,,
1,across_learners,25km,RF_25km,LR_25km,ok,ssim_raw_21,TH56,0.7301855683326721,,,,
1,across_learners,25km,RF_25km,LR_25km,ok,ssim_raw_21,TH57,0.7318239212036133,,,,
1,across_learners,25km,RF_25km,LR_25km,ok,ssim_raw_21,TH58,0.583838939666748,,,,
1,across_learners,25km,RF_25km,LR_25km,ok,ssim_rank_21,TH50,0.4465614855289459,,,,
1,across_learners,25km,RF_25km,LR_25km,ok,ssim_rank_21,TH51,0.7332813143730164,,,,
1,across_learners,25km,RF_25km,LR_25km,ok,ssim_rank_21,TH52,0.624366819858551,,,,
1,across_learners,25km,RF_25km,LR_25km,ok,ssim_rank_21,TH53,0.7046940326690674,,,,
1,across_learners,25km,RF_25km,LR_25km,ok,ssim_rank_21,TH54,0.6348371505737305,,,,
1,across_learners,25km,RF_25km,LR_25km,ok,ssim_rank_21,TH55,0.44787660241127014,,,,
1,across_learners,25km,RF_25km,LR_25km,ok,ssim_rank_21,TH56,0.6364972591400146,,,,
1,across_learners,25km,RF_25km,LR_25km,ok,ssim_rank_21,TH57,0.6351292133331299,,,,
1,across_learners,25km,RF_25km,LR_25km,ok,ssim_rank_21,TH58,0.26946455240249634,,,,
1,across_learners,25km,RF_25km,LR_25km,ok,jaccard_top10,TH50,0.7105106298430359,8410.0,8808.0,7152.0,10066.0
1,across_learners,25km,RF_25km,LR_25km,ok,jaccard_top10,TH51,0.6894394394394394,3155.0,3596.0,2755.0,3996.0
1,across_learners,25km,RF_25km,LR_25km,ok,jaccard_top10,TH52,0.5839435855709249,6115.0,5565.0,4306.0,7374.0
1,across_learners,25km,RF_25km,LR_25km,ok,jaccard_top10,TH53,0.5863027546120798,3444.0,2833.0,2320.0,3957.0
1,across_learners,25km,RF_25km,LR_25km,ok,jaccard_top10,TH54,0.5652569349704412,1807.0,1635.0,1243.0,2199.0
1,across_learners,25km,RF_25km,LR_25km,ok,jaccard_top10,TH55,0.6053639846743295,2760.0,2687.0,2054.0,3393.0
1,across_learners,25km,RF_25km,LR_25km,ok,jaccard_top10,TH56,0.5214267385168078,2748.0,3181.0,2032.0,3897.0
1,across_learners,25km,RF_25km,LR_25km,ok,jaccard_top10,TH57,0.671717638362746,9036.0,9057.0,7270.0,10823.0
1,across_learners,25km,RF_25km,LR_25km,ok,jaccard_top10,TH58,0.4409881061299177,731.0,844.0,482.0,1093.0
1,across_learners,25km,XGB_25km,LR_25km,ok,ssim_raw_7,TH50,0.5734172463417053,,,,
1,across_learners,25km,XGB_25km,LR_25km,ok,ssim_raw_7,TH51,0.49251237511634827,,,,
1,across_learners,25km,XGB_25km,LR_25km,ok,ssim_raw_7,TH52,0.6015140414237976,,,,
1,across_learners,25km,XGB_25km,LR_25km,ok,ssim_raw_7,TH53,0.6099855899810791,,,,
1,across_learners,25km,XGB_25km,LR_25km,ok,ssim_raw_7,TH54,0.6284024119377136,,,,
1,across_learners,25km,XGB_25km,LR_25km,ok,ssim_raw_7,TH55,0.6760057210922241,,,,
1,across_learners,25km,XGB_25km,LR_25km,ok,ssim_raw_7,TH56,0.5494458675384521,,,,
1,across_learners,25km,XGB_25km,LR_25km,ok,ssim_raw_7,TH57,0.6442999243736267,,,,
1,across_learners,25km,XGB_25km,LR_25km,ok,ssim_raw_7,TH58,0.6955268383026123,,,,
1,across_learners,25km,XGB_25km,LR_25km,ok,ssim_rank_7,TH50,0.3594190776348114,,,,
1,across_learners,25km,XGB_25km,LR_25km,ok,ssim_rank_7,TH51,0.5814875960350037,,,,
1,across_learners,25km,XGB_25km,LR_25km,ok,ssim_rank_7,TH52,0.5303954482078552,,,,
1,across_learners,25km,XGB_25km,LR_25km,ok,ssim_rank_7,TH53,0.5468579530715942,,,,
1,across_learners,25km,XGB_25km,LR_25km,ok,ssim_rank_7,TH54,0.5143133401870728,,,,
1,across_learners,25km,XGB_25km,LR_25km,ok,ssim_rank_7,TH55,0.35022860765457153,,,,
1,across_learners,25km,XGB_25km,LR_25km,ok,ssim_rank_7,TH56,0.580710768699646,,,,
1,across_learners,25km,XGB_25km,LR_25km,ok,ssim_rank_7,TH57,0.5391862392425537,,,,
1,across_learners,25km,XGB_25km,LR_25km,ok,ssim_rank_7,TH58,0.11172933131456375,,,,
1,across_learners,25km,XGB_25km,LR_25km,ok,ssim_raw_21,TH50,0.55513596534729,,,,
1,across_learners,25km,XGB_25km,LR_25km,ok,ssim_raw_21,TH51,0.5029672384262085,,,,
1,across_learners,25km,XGB_25km,LR_25km,ok,ssim_raw_21,TH52,0.6137300133705139,,,,
1,across_learners,25km,XGB_25km,LR_25km,ok,ssim_raw_21,TH53,0.6640699505805969,,,,
1,across_learners,25km,XGB_25km,LR_25km,ok,ssim_raw_21,TH54,0.6255896091461182,,,,
1,across_learners,25km,XGB_25km,LR_25km,ok,ssim_raw_21,TH55,0.6568905115127563,,,,
1,across_learners,25km,XGB_25km,LR_25km,ok,ssim_raw_21,TH56,0.5860639810562134,,,,
1,across_learners,25km,XGB_25km,LR_25km,ok,ssim_raw_21,TH57,0.7195501923561096,,,,
1,across_learners,25km,XGB_25km,LR_25km,ok,ssim_raw_21,TH58,0.6189581751823425,,,,
1,across_learners,25km,XGB_25km,LR_25km,ok,ssim_rank_21,TH50,0.5403746366500854,,,,
1,across_learners,25km,XGB_25km,LR_25km,ok,ssim_rank_21,TH51,0.7513877749443054,,,,
1,across_learners,25km,XGB_25km,LR_25km,ok,ssim_rank_21,TH52,0.7041684985160828,,,,
1,across_learners,25km,XGB_25km,LR_25km,ok,ssim_rank_21,TH53,0.7230589985847473,,,,
1,across_learners,25km,XGB_25km,LR_25km,ok,ssim_rank_21,TH54,0.6854419708251953,,,,
1,across_learners,25km,XGB_25km,LR_25km,ok,ssim_rank_21,TH55,0.5565685629844666,,,,
1,across_learners,25km,XGB_25km,LR_25km,ok,ssim_rank_21,TH56,0.7473055720329285,,,,
1,across_learners,25km,XGB_25km,LR_25km,ok,ssim_rank_21,TH57,0.6679626703262329,,,,
1,across_learners,25km,XGB_25km,LR_25km,ok,ssim_rank_21,TH58,0.3256332576274872,,,,
1,across_learners,25km,XGB_25km,LR_25km,ok,jaccard_top10,TH50,0.6501536455908371,8913.0,8808.0,6982.0,10739.0
1,across_learners,25km,XGB_25km,LR_25km,ok,jaccard_top10,TH51,0.6292244104060296,3105.0,3596.0,2588.0,4113.0
1,across_learners,25km,XGB_25km,LR_25km,ok,jaccard_top10,TH52,0.5315569909837169,5816.0,5565.0,3950.0,7431.0
1,across_learners,25km,XGB_25km,LR_25km,ok,jaccard_top10,TH53,0.42738589211618255,3359.0,2833.0,1854.0,4338.0
1,across_learners,25km,XGB_25km,LR_25km,ok,jaccard_top10,TH54,0.46637211585665195,1352.0,1635.0,950.0,2037.0
1,across_learners,25km,XGB_25km,LR_25km,ok,jaccard_top10,TH55,0.5935601458080194,2559.0,2687.0,1954.0,3292.0
1,across_learners,25km,XGB_25km,LR_25km,ok,jaccard_top10,TH56,0.45379764189745,2121.0,3181.0,1655.0,3647.0
1,across_learners,25km,XGB_25km,LR_25km,ok,jaccard_top10,TH57,0.6446459412780656,9988.0,9057.0,7465.0,11580.0
1,across_learners,25km,XGB_25km,LR_25km,ok,jaccard_top10,TH58,0.36885245901639346,993.0,844.0,495.0,1342.0
1,across_learners,Rinf,RF_Rinf,XGB_Rinf,ok,ssim_raw_7,TH50,0.6849306225776672,,,,
1,across_learners,Rinf,RF_Rinf,XGB_Rinf,ok,ssim_raw_7,TH51,0.6650030016899109,,,,
1,across_learners,Rinf,RF_Rinf,XGB_Rinf,ok,ssim_raw_7,TH52,0.7019196152687073,,,,
1,across_learners,Rinf,RF_Rinf,XGB_Rinf,ok,ssim_raw_7,TH53,0.6840813755989075,,,,
1,across_learners,Rinf,RF_Rinf,XGB_Rinf,ok,ssim_raw_7,TH54,0.6071194410324097,,,,
1,across_learners,Rinf,RF_Rinf,XGB_Rinf,ok,ssim_raw_7,TH55,0.742392361164093,,,,
1,across_learners,Rinf,RF_Rinf,XGB_Rinf,ok,ssim_raw_7,TH56,0.7261427640914917,,,,
1,across_learners,Rinf,RF_Rinf,XGB_Rinf,ok,ssim_raw_7,TH57,0.73642897605896,,,,
1,across_learners,Rinf,RF_Rinf,XGB_Rinf,ok,ssim_raw_7,TH58,0.7645952701568604,,,,
1,across_learners,Rinf,RF_Rinf,XGB_Rinf,ok,ssim_rank_7,TH50,0.5810717344284058,,,,
1,across_learners,Rinf,RF_Rinf,XGB_Rinf,ok,ssim_rank_7,TH51,0.7343151569366455,,,,
1,across_learners,Rinf,RF_Rinf,XGB_Rinf,ok,ssim_rank_7,TH52,0.6983903050422668,,,,
1,across_learners,Rinf,RF_Rinf,XGB_Rinf,ok,ssim_rank_7,TH53,0.6962602734565735,,,,
1,across_learners,Rinf,RF_Rinf,XGB_Rinf,ok,ssim_rank_7,TH54,0.7242936491966248,,,,
1,across_learners,Rinf,RF_Rinf,XGB_Rinf,ok,ssim_rank_7,TH55,0.5820398330688477,,,,
1,across_learners,Rinf,RF_Rinf,XGB_Rinf,ok,ssim_rank_7,TH56,0.7332661747932434,,,,
1,across_learners,Rinf,RF_Rinf,XGB_Rinf,ok,ssim_rank_7,TH57,0.7524203658103943,,,,
1,across_learners,Rinf,RF_Rinf,XGB_Rinf,ok,ssim_rank_7,TH58,0.48648032546043396,,,,
1,across_learners,Rinf,RF_Rinf,XGB_Rinf,ok,ssim_raw_21,TH50,0.6374547481536865,,,,
1,across_learners,Rinf,RF_Rinf,XGB_Rinf,ok,ssim_raw_21,TH51,0.656345784664154,,,,
1,across_learners,Rinf,RF_Rinf,XGB_Rinf,ok,ssim_raw_21,TH52,0.7025081515312195,,,,
1,across_learners,Rinf,RF_Rinf,XGB_Rinf,ok,ssim_raw_21,TH53,0.6833112835884094,,,,
1,across_learners,Rinf,RF_Rinf,XGB_Rinf,ok,ssim_raw_21,TH54,0.5310488939285278,,,,
1,across_learners,Rinf,RF_Rinf,XGB_Rinf,ok,ssim_raw_21,TH55,0.7178245782852173,,,,
1,across_learners,Rinf,RF_Rinf,XGB_Rinf,ok,ssim_raw_21,TH56,0.7426375150680542,,,,
1,across_learners,Rinf,RF_Rinf,XGB_Rinf,ok,ssim_raw_21,TH57,0.8027068972587585,,,,
1,across_learners,Rinf,RF_Rinf,XGB_Rinf,ok,ssim_raw_21,TH58,0.7226577997207642,,,,
1,across_learners,Rinf,RF_Rinf,XGB_Rinf,ok,ssim_rank_21,TH50,0.6938768625259399,,,,
1,across_learners,Rinf,RF_Rinf,XGB_Rinf,ok,ssim_rank_21,TH51,0.8445277810096741,,,,
1,across_learners,Rinf,RF_Rinf,XGB_Rinf,ok,ssim_rank_21,TH52,0.8078404664993286,,,,
1,across_learners,Rinf,RF_Rinf,XGB_Rinf,ok,ssim_rank_21,TH53,0.812348484992981,,,,
1,across_learners,Rinf,RF_Rinf,XGB_Rinf,ok,ssim_rank_21,TH54,0.8338911533355713,,,,
1,across_learners,Rinf,RF_Rinf,XGB_Rinf,ok,ssim_rank_21,TH55,0.7113866806030273,,,,
1,across_learners,Rinf,RF_Rinf,XGB_Rinf,ok,ssim_rank_21,TH56,0.8322187066078186,,,,
1,across_learners,Rinf,RF_Rinf,XGB_Rinf,ok,ssim_rank_21,TH57,0.8414957523345947,,,,
1,across_learners,Rinf,RF_Rinf,XGB_Rinf,ok,ssim_rank_21,TH58,0.628132700920105,,,,
1,across_learners,Rinf,RF_Rinf,XGB_Rinf,ok,jaccard_top10,TH50,0.7376361274852633,8352.0,9040.0,7383.0,10009.0
1,across_learners,Rinf,RF_Rinf,XGB_Rinf,ok,jaccard_top10,TH51,0.7194656488549618,3192.0,3115.0,2639.0,3668.0
1,across_learners,Rinf,RF_Rinf,XGB_Rinf,ok,jaccard_top10,TH52,0.6777996070726916,6123.0,5833.0,4830.0,7126.0
1,across_learners,Rinf,RF_Rinf,XGB_Rinf,ok,jaccard_top10,TH53,0.5831654354152676,3532.0,3540.0,2605.0,4467.0
1,across_learners,Rinf,RF_Rinf,XGB_Rinf,ok,jaccard_top10,TH54,0.55819592628516,1891.0,1322.0,1151.0,2062.0
1,across_learners,Rinf,RF_Rinf,XGB_Rinf,ok,jaccard_top10,TH55,0.6896660365469439,2723.0,2640.0,2189.0,3174.0
1,across_learners,Rinf,RF_Rinf,XGB_Rinf,ok,jaccard_top10,TH56,0.5742639761826,2766.0,1993.0,1736.0,3023.0
1,across_learners,Rinf,RF_Rinf,XGB_Rinf,ok,jaccard_top10,TH57,0.7113335782512858,8936.0,9697.0,7745.0,10888.0
1,across_learners,Rinf,RF_Rinf,XGB_Rinf,ok,jaccard_top10,TH58,0.5194690265486726,691.0,1026.0,587.0,1130.0
1,across_learners,Rinf,RF_Rinf,LR_Rinf,ok,ssim_raw_7,TH50,0.596444308757782,,,,
1,across_learners,Rinf,RF_Rinf,LR_Rinf,ok,ssim_raw_7,TH51,0.6292747259140015,,,,
1,across_learners,Rinf,RF_Rinf,LR_Rinf,ok,ssim_raw_7,TH52,0.6437137722969055,,,,
1,across_learners,Rinf,RF_Rinf,LR_Rinf,ok,ssim_raw_7,TH53,0.6823457479476929,,,,
1,across_learners,Rinf,RF_Rinf,LR_Rinf,ok,ssim_raw_7,TH54,0.6756756901741028,,,,
1,across_learners,Rinf,RF_Rinf,LR_Rinf,ok,ssim_raw_7,TH55,0.6355514526367188,,,,
1,across_learners,Rinf,RF_Rinf,LR_Rinf,ok,ssim_raw_7,TH56,0.6589879989624023,,,,
1,across_learners,Rinf,RF_Rinf,LR_Rinf,ok,ssim_raw_7,TH57,0.6459869742393494,,,,
1,across_learners,Rinf,RF_Rinf,LR_Rinf,ok,ssim_raw_7,TH58,0.6389015316963196,,,,
1,across_learners,Rinf,RF_Rinf,LR_Rinf,ok,ssim_rank_7,TH50,0.30714449286460876,,,,
1,across_learners,Rinf,RF_Rinf,LR_Rinf,ok,ssim_rank_7,TH51,0.5555436015129089,,,,
1,across_learners,Rinf,RF_Rinf,LR_Rinf,ok,ssim_rank_7,TH52,0.4695053696632385,,,,
1,across_learners,Rinf,RF_Rinf,LR_Rinf,ok,ssim_rank_7,TH53,0.5122941732406616,,,,
1,across_learners,Rinf,RF_Rinf,LR_Rinf,ok,ssim_rank_7,TH54,0.45855334401130676,,,,
1,across_learners,Rinf,RF_Rinf,LR_Rinf,ok,ssim_rank_7,TH55,0.27862629294395447,,,,
1,across_learners,Rinf,RF_Rinf,LR_Rinf,ok,ssim_rank_7,TH56,0.5215456485748291,,,,
1,across_learners,Rinf,RF_Rinf,LR_Rinf,ok,ssim_rank_7,TH57,0.5282925367355347,,,,
1,across_learners,Rinf,RF_Rinf,LR_Rinf,ok,ssim_rank_7,TH58,0.12451239675283432,,,,
1,across_learners,Rinf,RF_Rinf,LR_Rinf,ok,ssim_raw_21,TH50,0.6132672429084778,,,,
1,across_learners,Rinf,RF_Rinf,LR_Rinf,ok,ssim_raw_21,TH51,0.70755934715271,,,,
1,across_learners,Rinf,RF_Rinf,LR_Rinf,ok,ssim_raw_21,TH52,0.7055208683013916,,,,
1,across_learners,Rinf,RF_Rinf,LR_Rinf,ok,ssim_raw_21,TH53,0.7586913108825684,,,,
1,across_learners,Rinf,RF_Rinf,LR_Rinf,ok,ssim_raw_21,TH54,0.7072303295135498,,,,
1,across_learners,Rinf,RF_Rinf,LR_Rinf,ok,ssim_raw_21,TH55,0.6511987447738647,,,,
1,across_learners,Rinf,RF_Rinf,LR_Rinf,ok,ssim_raw_21,TH56,0.7405166029930115,,,,
1,across_learners,Rinf,RF_Rinf,LR_Rinf,ok,ssim_raw_21,TH57,0.7286891937255859,,,,
1,across_learners,Rinf,RF_Rinf,LR_Rinf,ok,ssim_raw_21,TH58,0.6051390171051025,,,,
1,across_learners,Rinf,RF_Rinf,LR_Rinf,ok,ssim_rank_21,TH50,0.45086073875427246,,,,
1,across_learners,Rinf,RF_Rinf,LR_Rinf,ok,ssim_rank_21,TH51,0.7299173474311829,,,,
1,across_learners,Rinf,RF_Rinf,LR_Rinf,ok,ssim_rank_21,TH52,0.6248835921287537,,,,
1,across_learners,Rinf,RF_Rinf,LR_Rinf,ok,ssim_rank_21,TH53,0.6980218887329102,,,,
1,across_learners,Rinf,RF_Rinf,LR_Rinf,ok,ssim_rank_21,TH54,0.6350392699241638,,,,
1,across_learners,Rinf,RF_Rinf,LR_Rinf,ok,ssim_rank_21,TH55,0.46045801043510437,,,,
1,across_learners,Rinf,RF_Rinf,LR_Rinf,ok,ssim_rank_21,TH56,0.6561576128005981,,,,
1,across_learners,Rinf,RF_Rinf,LR_Rinf,ok,ssim_rank_21,TH57,0.6422537565231323,,,,
1,across_learners,Rinf,RF_Rinf,LR_Rinf,ok,ssim_rank_21,TH58,0.2893660068511963,,,,
1,across_learners,Rinf,RF_Rinf,LR_Rinf,ok,jaccard_top10,TH50,0.7374233128834355,8352.0,8640.0,7212.0,9780.0
1,across_learners,Rinf,RF_Rinf,LR_Rinf,ok,jaccard_top10,TH51,0.6984406438631791,3192.0,3561.0,2777.0,3976.0
1,across_learners,Rinf,RF_Rinf,LR_Rinf,ok,jaccard_top10,TH52,0.5838229266293209,6123.0,5469.0,4273.0,7319.0
1,across_learners,Rinf,RF_Rinf,LR_Rinf,ok,jaccard_top10,TH53,0.5518314579841992,3532.0,2950.0,2305.0,4177.0
1,across_learners,Rinf,RF_Rinf,LR_Rinf,ok,jaccard_top10,TH54,0.5833333333333334,1891.0,1681.0,1316.0,2256.0
1,across_learners,Rinf,RF_Rinf,LR_Rinf,ok,jaccard_top10,TH55,0.6277173913043478,2723.0,2668.0,2079.0,3312.0
1,across_learners,Rinf,RF_Rinf,LR_Rinf,ok,jaccard_top10,TH56,0.5312105130149103,2766.0,3293.0,2102.0,3957.0
1,across_learners,Rinf,RF_Rinf,LR_Rinf,ok,jaccard_top10,TH57,0.6813452248234857,8936.0,9162.0,7334.0,10764.0
1,across_learners,Rinf,RF_Rinf,LR_Rinf,ok,jaccard_top10,TH58,0.46713147410358563,691.0,782.0,469.0,1004.0
1,across_learners,Rinf,XGB_Rinf,LR_Rinf,ok,ssim_raw_7,TH50,0.5756496787071228,,,,
1,across_learners,Rinf,XGB_Rinf,LR_Rinf,ok,ssim_raw_7,TH51,0.4933604896068573,,,,
1,across_learners,Rinf,XGB_Rinf,LR_Rinf,ok,ssim_raw_7,TH52,0.6047079563140869,,,,
1,across_learners,Rinf,XGB_Rinf,LR_Rinf,ok,ssim_raw_7,TH53,0.6007982492446899,,,,
1,across_learners,Rinf,XGB_Rinf,LR_Rinf,ok,ssim_raw_7,TH54,0.5984724164009094,,,,
1,across_learners,Rinf,XGB_Rinf,LR_Rinf,ok,ssim_raw_7,TH55,0.6780640482902527,,,,
1,across_learners,Rinf,XGB_Rinf,LR_Rinf,ok,ssim_raw_7,TH56,0.5513410568237305,,,,
1,across_learners,Rinf,XGB_Rinf,LR_Rinf,ok,ssim_raw_7,TH57,0.6500880718231201,,,,
1,across_learners,Rinf,XGB_Rinf,LR_Rinf,ok,ssim_raw_7,TH58,0.7042565941810608,,,,
1,across_learners,Rinf,XGB_Rinf,LR_Rinf,ok,ssim_rank_7,TH50,0.388147234916687,,,,
1,across_learners,Rinf,XGB_Rinf,LR_Rinf,ok,ssim_rank_7,TH51,0.6051068305969238,,,,
1,across_learners,Rinf,XGB_Rinf,LR_Rinf,ok,ssim_rank_7,TH52,0.5610917806625366,,,,
1,across_learners,Rinf,XGB_Rinf,LR_Rinf,ok,ssim_rank_7,TH53,0.5779211521148682,,,,
1,across_learners,Rinf,XGB_Rinf,LR_Rinf,ok,ssim_rank_7,TH54,0.5351096391677856,,,,
1,across_learners,Rinf,XGB_Rinf,LR_Rinf,ok,ssim_rank_7,TH55,0.3841770887374878,,,,
1,across_learners,Rinf,XGB_Rinf,LR_Rinf,ok,ssim_rank_7,TH56,0.5965912938117981,,,,
1,across_learners,Rinf,XGB_Rinf,LR_Rinf,ok,ssim_rank_7,TH57,0.5483130812644958,,,,
1,across_learners,Rinf,XGB_Rinf,LR_Rinf,ok,ssim_rank_7,TH58,0.21226473152637482,,,,
1,across_learners,Rinf,XGB_Rinf,LR_Rinf,ok,ssim_raw_21,TH50,0.5596368908882141,,,,
1,across_learners,Rinf,XGB_Rinf,LR_Rinf,ok,ssim_raw_21,TH51,0.505734384059906,,,,
1,across_learners,Rinf,XGB_Rinf,LR_Rinf,ok,ssim_raw_21,TH52,0.6150244474411011,,,,
1,across_learners,Rinf,XGB_Rinf,LR_Rinf,ok,ssim_raw_21,TH53,0.6512088775634766,,,,
1,across_learners,Rinf,XGB_Rinf,LR_Rinf,ok,ssim_raw_21,TH54,0.5846793055534363,,,,
1,across_learners,Rinf,XGB_Rinf,LR_Rinf,ok,ssim_raw_21,TH55,0.6565525531768799,,,,
1,across_learners,Rinf,XGB_Rinf,LR_Rinf,ok,ssim_raw_21,TH56,0.5810776352882385,,,,
1,across_learners,Rinf,XGB_Rinf,LR_Rinf,ok,ssim_raw_21,TH57,0.7245990037918091,,,,
1,across_learners,Rinf,XGB_Rinf,LR_Rinf,ok,ssim_raw_21,TH58,0.6327794790267944,,,,
1,across_learners,Rinf,XGB_Rinf,LR_Rinf,ok,ssim_rank_21,TH50,0.5574799180030823,,,,
1,across_learners,Rinf,XGB_Rinf,LR_Rinf,ok,ssim_rank_21,TH51,0.7681267261505127,,,,
1,across_learners,Rinf,XGB_Rinf,LR_Rinf,ok,ssim_rank_21,TH52,0.7295957207679749,,,,
1,across_learners,Rinf,XGB_Rinf,LR_Rinf,ok,ssim_rank_21,TH53,0.7465987801551819,,,,
1,across_learners,Rinf,XGB_Rinf,LR_Rinf,ok,ssim_rank_21,TH54,0.7091042995452881,,,,
1,across_learners,Rinf,XGB_Rinf,LR_Rinf,ok,ssim_rank_21,TH55,0.5780318379402161,,,,
1,across_learners,Rinf,XGB_Rinf,LR_Rinf,ok,ssim_rank_21,TH56,0.754938542842865,,,,
1,across_learners,Rinf,XGB_Rinf,LR_Rinf,ok,ssim_rank_21,TH57,0.6637526750564575,,,,
1,across_learners,Rinf,XGB_Rinf,LR_Rinf,ok,ssim_rank_21,TH58,0.4052651822566986,,,,
1,across_learners,Rinf,XGB_Rinf,LR_Rinf,ok,jaccard_top10,TH50,0.6744009849417558,9040.0,8640.0,7121.0,10559.0
1,across_learners,Rinf,XGB_Rinf,LR_Rinf,ok,jaccard_top10,TH51,0.6398919184475559,3115.0,3561.0,2605.0,4071.0
1,across_learners,Rinf,XGB_Rinf,LR_Rinf,ok,jaccard_top10,TH52,0.5335142469470827,5833.0,5469.0,3932.0,7370.0
1,across_learners,Rinf,XGB_Rinf,LR_Rinf,ok,jaccard_top10,TH53,0.4473684210526316,3540.0,2950.0,2006.0,4484.0
1,across_learners,Rinf,XGB_Rinf,LR_Rinf,ok,jaccard_top10,TH54,0.465592972181552,1322.0,1681.0,954.0,2049.0
1,across_learners,Rinf,XGB_Rinf,LR_Rinf,ok,jaccard_top10,TH55,0.6055656382335148,2640.0,2668.0,2002.0,3306.0
1,across_learners,Rinf,XGB_Rinf,LR_Rinf,ok,jaccard_top10,TH56,0.4236466469162402,1993.0,3293.0,1573.0,3713.0
1,across_learners,Rinf,XGB_Rinf,LR_Rinf,ok,jaccard_top10,TH57,0.6488022381535233,9697.0,9162.0,7421.0,11438.0
1,across_learners,Rinf,XGB_Rinf,LR_Rinf,ok,jaccard_top10,TH58,0.3563390847711928,1026.0,782.0,475.0,1333.0
7,across_radii,RF,RF_1km,RF_10km,ok,ssim_raw_7,TH50,0.21792136132717133,,,,
7,across_radii,RF,RF_1km,RF_10km,ok,ssim_raw_7,TH51,0.31994715332984924,,,,
7,across_radii,RF,RF_1km,RF_10km,ok,ssim_raw_7,TH52,0.25331026315689087,,,,
7,across_radii,RF,RF_1km,RF_10km,ok,ssim_raw_7,TH53,0.31897875666618347,,,,
7,across_radii,RF,RF_1km,RF_10km,ok,ssim_raw_7,TH54,0.2535735070705414,,,,
7,across_radii,RF,RF_1km,RF_10km,ok,ssim_raw_7,TH55,0.19606368243694305,,,,
7,across_radii,RF,RF_1km,RF_10km,ok,ssim_raw_7,TH56,0.25962337851524353,,,,
7,across_radii,RF,RF_1km,RF_10km,ok,ssim_raw_7,TH57,0.2856557071208954,,,,
7,across_radii,RF,RF_1km,RF_10km,ok,ssim_raw_7,TH58,0.18126605451107025,,,,
7,across_radii,RF,RF_1km,RF_10km,ok,ssim_rank_7,TH50,0.4115235209465027,,,,
7,across_radii,RF,RF_1km,RF_10km,ok,ssim_rank_7,TH51,0.3534158766269684,,,,
7,across_radii,RF,RF_1km,RF_10km,ok,ssim_rank_7,TH52,0.34122803807258606,,,,
7,across_radii,RF,RF_1km,RF_10km,ok,ssim_rank_7,TH53,0.31992971897125244,,,,
7,across_radii,RF,RF_1km,RF_10km,ok,ssim_rank_7,TH54,0.2521388828754425,,,,
7,across_radii,RF,RF_1km,RF_10km,ok,ssim_rank_7,TH55,0.3302231729030609,,,,
7,across_radii,RF,RF_1km,RF_10km,ok,ssim_rank_7,TH56,0.2189757376909256,,,,
7,across_radii,RF,RF_1km,RF_10km,ok,ssim_rank_7,TH57,0.18253247439861298,,,,
7,across_radii,RF,RF_1km,RF_10km,ok,ssim_rank_7,TH58,0.41123098134994507,,,,
7,across_radii,RF,RF_1km,RF_10km,ok,ssim_raw_21,TH50,0.21868349611759186,,,,
7,across_radii,RF,RF_1km,RF_10km,ok,ssim_raw_21,TH51,0.35029464960098267,,,,
7,across_radii,RF,RF_1km,RF_10km,ok,ssim_raw_21,TH52,0.2739109694957733,,,,
7,across_radii,RF,RF_1km,RF_10km,ok,ssim_raw_21,TH53,0.3670552372932434,,,,
7,across_radii,RF,RF_1km,RF_10km,ok,ssim_raw_21,TH54,0.26939553022384644,,,,
7,across_radii,RF,RF_1km,RF_10km,ok,ssim_raw_21,TH55,0.20962053537368774,,,,
7,across_radii,RF,RF_1km,RF_10km,ok,ssim_raw_21,TH56,0.2533683180809021,,,,
7,across_radii,RF,RF_1km,RF_10km,ok,ssim_raw_21,TH57,0.2843940258026123,,,,
7,across_radii,RF,RF_1km,RF_10km,ok,ssim_raw_21,TH58,0.18107134103775024,,,,
7,across_radii,RF,RF_1km,RF_10km,ok,ssim_rank_21,TH50,0.37195906043052673,,,,
7,across_radii,RF,RF_1km,RF_10km,ok,ssim_rank_21,TH51,0.3185636103153229,,,,
7,across_radii,RF,RF_1km,RF_10km,ok,ssim_rank_21,TH52,0.3337452709674835,,,,
7,across_radii,RF,RF_1km,RF_10km,ok,ssim_rank_21,TH53,0.3357110917568207,,,,
7,across_radii,RF,RF_1km,RF_10km,ok,ssim_rank_21,TH54,0.20306038856506348,,,,
7,across_radii,RF,RF_1km,RF_10km,ok,ssim_rank_21,TH55,0.2991037666797638,,,,
7,across_radii,RF,RF_1km,RF_10km,ok,ssim_rank_21,TH56,0.20359358191490173,,,,
7,across_radii,RF,RF_1km,RF_10km,ok,ssim_rank_21,TH57,0.1296669840812683,,,,
7,across_radii,RF,RF_1km,RF_10km,ok,ssim_rank_21,TH58,0.3368326425552368,,,,
7,across_radii,RF,RF_1km,RF_10km,ok,jaccard_top10,TH50,0.15463917525773196,10513.0,8639.0,2565.0,16587.0
7,across_radii,RF,RF_1km,RF_10km,ok,jaccard_top10,TH51,0.24820233077113812,1868.0,3166.0,1001.0,4033.0
7,across_radii,RF,RF_1km,RF_10km,ok,jaccard_top10,TH52,0.20976842105263158,8359.0,6007.0,2491.0,11875.0
7,across_radii,RF,RF_1km,RF_10km,ok,jaccard_top10,TH53,0.25404040404040407,1878.0,3088.0,1006.0,3960.0
7,across_radii,RF,RF_1km,RF_10km,ok,jaccard_top10,TH54,0.1948746831878344,2212.0,2031.0,692.0,3551.0
7,across_radii,RF,RF_1km,RF_10km,ok,jaccard_top10,TH55,0.16398485565546617,2269.0,2650.0,693.0,4226.0
7,across_radii,RF,RF_1km,RF_10km,ok,jaccard_top10,TH56,0.18104184457728437,2631.0,2901.0,848.0,4684.0
7,across_radii,RF,RF_1km,RF_10km,ok,jaccard_top10,TH57,0.22953077916487302,5443.0,8838.0,2666.0,11615.0
7,across_radii,RF,RF_1km,RF_10km,ok,jaccard_top10,TH58,0.10487736115026783,3033.0,886.0,372.0,3547.0
7,across_radii,RF,RF_5km,RF_10km,ok,ssim_raw_7,TH50,0.7209177613258362,,,,
7,across_radii,RF,RF_5km,RF_10km,ok,ssim_raw_7,TH51,0.8285925984382629,,,,
7,across_radii,RF,RF_5km,RF_10km,ok,ssim_raw_7,TH52,0.7514236569404602,,,,
7,across_radii,RF,RF_5km,RF_10km,ok,ssim_raw_7,TH53,0.8281171321868896,,,,
7,across_radii,RF,RF_5km,RF_10km,ok,ssim_raw_7,TH54,0.7963985800743103,,,,
7,across_radii,RF,RF_5km,RF_10km,ok,ssim_raw_7,TH55,0.7554544806480408,,,,
7,across_radii,RF,RF_5km,RF_10km,ok,ssim_raw_7,TH56,0.7862535119056702,,,,
7,across_radii,RF,RF_5km,RF_10km,ok,ssim_raw_7,TH57,0.8292379975318909,,,,
7,across_radii,RF,RF_5km,RF_10km,ok,ssim_raw_7,TH58,0.6328572630882263,,,,
7,across_radii,RF,RF_5km,RF_10km,ok,ssim_rank_7,TH50,0.7438483238220215,,,,
7,across_radii,RF,RF_5km,RF_10km,ok,ssim_rank_7,TH51,0.7539740204811096,,,,
7,across_radii,RF,RF_5km,RF_10km,ok,ssim_rank_7,TH52,0.733742356300354,,,,
7,across_radii,RF,RF_5km,RF_10km,ok,ssim_rank_7,TH53,0.7061902284622192,,,,
7,across_radii,RF,RF_5km,RF_10km,ok,ssim_rank_7,TH54,0.71015864610672,,,,
7,across_radii,RF,RF_5km,RF_10km,ok,ssim_rank_7,TH55,0.7062942981719971,,,,
7,across_radii,RF,RF_5km,RF_10km,ok,ssim_rank_7,TH56,0.7064748406410217,,,,
7,across_radii,RF,RF_5km,RF_10km,ok,ssim_rank_7,TH57,0.7657057046890259,,,,
7,across_radii,RF,RF_5km,RF_10km,ok,ssim_rank_7,TH58,0.6845961809158325,,,,
7,across_radii,RF,RF_5km,RF_10km,ok,ssim_raw_21,TH50,0.7583866119384766,,,,
7,across_radii,RF,RF_5km,RF_10km,ok,ssim_raw_21,TH51,0.8955669403076172,,,,
7,across_radii,RF,RF_5km,RF_10km,ok,ssim_raw_21,TH52,0.7926774621009827,,,,
7,across_radii,RF,RF_5km,RF_10km,ok,ssim_raw_21,TH53,0.8762872815132141,,,,
7,across_radii,RF,RF_5km,RF_10km,ok,ssim_raw_21,TH54,0.8266335129737854,,,,
7,across_radii,RF,RF_5km,RF_10km,ok,ssim_raw_21,TH55,0.7983407378196716,,,,
7,across_radii,RF,RF_5km,RF_10km,ok,ssim_raw_21,TH56,0.8063803911209106,,,,
7,across_radii,RF,RF_5km,RF_10km,ok,ssim_raw_21,TH57,0.8427509069442749,,,,
7,across_radii,RF,RF_5km,RF_10km,ok,ssim_raw_21,TH58,0.6672945022583008,,,,
7,across_radii,RF,RF_5km,RF_10km,ok,ssim_rank_21,TH50,0.7878464460372925,,,,
7,across_radii,RF,RF_5km,RF_10km,ok,ssim_rank_21,TH51,0.8296258449554443,,,,
7,across_radii,RF,RF_5km,RF_10km,ok,ssim_rank_21,TH52,0.8107569813728333,,,,
7,across_radii,RF,RF_5km,RF_10km,ok,ssim_rank_21,TH53,0.8196071982383728,,,,
7,across_radii,RF,RF_5km,RF_10km,ok,ssim_rank_21,TH54,0.7979357242584229,,,,
7,across_radii,RF,RF_5km,RF_10km,ok,ssim_rank_21,TH55,0.7961311936378479,,,,
7,across_radii,RF,RF_5km,RF_10km,ok,ssim_rank_21,TH56,0.800708532333374,,,,
7,across_radii,RF,RF_5km,RF_10km,ok,ssim_rank_21,TH57,0.8336151838302612,,,,
7,across_radii,RF,RF_5km,RF_10km,ok,ssim_rank_21,TH58,0.7319874167442322,,,,
7,across_radii,RF,RF_5km,RF_10km,ok,jaccard_top10,TH50,0.8353054045410937,8578.0,8639.0,7836.0,9381.0
7,across_radii,RF,RF_5km,RF_10km,ok,jaccard_top10,TH51,0.8071155542487504,2980.0,3166.0,2745.0,3401.0
7,across_radii,RF,RF_5km,RF_10km,ok,jaccard_top10,TH52,0.8176287282979671,6242.0,6007.0,5510.0,6739.0
7,across_radii,RF,RF_5km,RF_10km,ok,jaccard_top10,TH53,0.8247887323943662,3390.0,3088.0,2928.0,3550.0
7,across_radii,RF,RF_5km,RF_10km,ok,jaccard_top10,TH54,0.7092882991556092,2220.0,2031.0,1764.0,2487.0
7,across_radii,RF,RF_5km,RF_10km,ok,jaccard_top10,TH55,0.8170326014637392,2812.0,2650.0,2456.0,3006.0
7,across_radii,RF,RF_5km,RF_10km,ok,jaccard_top10,TH56,0.7384116693679093,2462.0,2901.0,2278.0,3085.0
7,across_radii,RF,RF_5km,RF_10km,ok,jaccard_top10,TH57,0.8514777001612036,8390.0,8838.0,7923.0,9305.0
7,across_radii,RF,RF_5km,RF_10km,ok,jaccard_top10,TH58,0.7307032590051458,1132.0,886.0,852.0,1166.0
7,across_radii,RF,RF_20km,RF_10km,ok,ssim_raw_7,TH50,0.8866719007492065,,,,
7,across_radii,RF,RF_20km,RF_10km,ok,ssim_raw_7,TH51,0.9395073652267456,,,,
7,across_radii,RF,RF_20km,RF_10km,ok,ssim_raw_7,TH52,0.8939867615699768,,,,
7,across_radii,RF,RF_20km,RF_10km,ok,ssim_raw_7,TH53,0.9404915571212769,,,,
7,across_radii,RF,RF_20km,RF_10km,ok,ssim_raw_7,TH54,0.9035056233406067,,,,
7,across_radii,RF,RF_20km,RF_10km,ok,ssim_raw_7,TH55,0.8804246187210083,,,,
7,across_radii,RF,RF_20km,RF_10km,ok,ssim_raw_7,TH56,0.9149198532104492,,,,
7,across_radii,RF,RF_20km,RF_10km,ok,ssim_raw_7,TH57,0.9128574728965759,,,,
7,across_radii,RF,RF_20km,RF_10km,ok,ssim_raw_7,TH58,0.7860018014907837,,,,
7,across_radii,RF,RF_20km,RF_10km,ok,ssim_rank_7,TH50,0.8437426686286926,,,,
7,across_radii,RF,RF_20km,RF_10km,ok,ssim_rank_7,TH51,0.8862504363059998,,,,
7,across_radii,RF,RF_20km,RF_10km,ok,ssim_rank_7,TH52,0.8108403086662292,,,,
7,across_radii,RF,RF_20km,RF_10km,ok,ssim_rank_7,TH53,0.8263799548149109,,,,
7,across_radii,RF,RF_20km,RF_10km,ok,ssim_rank_7,TH54,0.7877767086029053,,,,
7,across_radii,RF,RF_20km,RF_10km,ok,ssim_rank_7,TH55,0.7780532836914062,,,,
7,across_radii,RF,RF_20km,RF_10km,ok,ssim_rank_7,TH56,0.8014373779296875,,,,
7,across_radii,RF,RF_20km,RF_10km,ok,ssim_rank_7,TH57,0.8388713002204895,,,,
7,across_radii,RF,RF_20km,RF_10km,ok,ssim_rank_7,TH58,0.7030078172683716,,,,
7,across_radii,RF,RF_20km,RF_10km,ok,ssim_raw_21,TH50,0.9107809066772461,,,,
7,across_radii,RF,RF_20km,RF_10km,ok,ssim_raw_21,TH51,0.9614392518997192,,,,
7,across_radii,RF,RF_20km,RF_10km,ok,ssim_raw_21,TH52,0.9056060910224915,,,,
7,across_radii,RF,RF_20km,RF_10km,ok,ssim_raw_21,TH53,0.9575366377830505,,,,
7,across_radii,RF,RF_20km,RF_10km,ok,ssim_raw_21,TH54,0.9144824147224426,,,,
7,across_radii,RF,RF_20km,RF_10km,ok,ssim_raw_21,TH55,0.9004634618759155,,,,
7,across_radii,RF,RF_20km,RF_10km,ok,ssim_raw_21,TH56,0.9272735714912415,,,,
7,across_radii,RF,RF_20km,RF_10km,ok,ssim_raw_21,TH57,0.9442558884620667,,,,
7,across_radii,RF,RF_20km,RF_10km,ok,ssim_raw_21,TH58,0.8195493221282959,,,,
7,across_radii,RF,RF_20km,RF_10km,ok,ssim_rank_21,TH50,0.8846167325973511,,,,
7,across_radii,RF,RF_20km,RF_10km,ok,ssim_rank_21,TH51,0.9426583051681519,,,,
7,across_radii,RF,RF_20km,RF_10km,ok,ssim_rank_21,TH52,0.8680430054664612,,,,
7,across_radii,RF,RF_20km,RF_10km,ok,ssim_rank_21,TH53,0.9123001098632812,,,,
7,across_radii,RF,RF_20km,RF_10km,ok,ssim_rank_21,TH54,0.844128429889679,,,,
7,across_radii,RF,RF_20km,RF_10km,ok,ssim_rank_21,TH55,0.8478708267211914,,,,
7,across_radii,RF,RF_20km,RF_10km,ok,ssim_rank_21,TH56,0.8691376447677612,,,,
7,across_radii,RF,RF_20km,RF_10km,ok,ssim_rank_21,TH57,0.8697242736816406,,,,
7,across_radii,RF,RF_20km,RF_10km,ok,ssim_rank_21,TH58,0.7658096551895142,,,,
7,across_radii,RF,RF_20km,RF_10km,ok,jaccard_top10,TH50,0.8969913879879208,8322.0,8639.0,8020.0,8941.0
7,across_radii,RF,RF_20km,RF_10km,ok,jaccard_top10,TH51,0.888855421686747,3105.0,3166.0,2951.0,3320.0
7,across_radii,RF,RF_20km,RF_10km,ok,jaccard_top10,TH52,0.8589606009504829,6119.0,6007.0,5603.0,6523.0
7,across_radii,RF,RF_20km,RF_10km,ok,jaccard_top10,TH53,0.812268803945746,2791.0,3088.0,2635.0,3244.0
7,across_radii,RF,RF_20km,RF_10km,ok,jaccard_top10,TH54,0.7514239218877136,2274.0,2031.0,1847.0,2458.0
7,across_radii,RF,RF_20km,RF_10km,ok,jaccard_top10,TH55,0.88997113997114,2589.0,2650.0,2467.0,2772.0
7,across_radii,RF,RF_20km,RF_10km,ok,jaccard_top10,TH56,0.8101422387136673,2953.0,2901.0,2620.0,3234.0
7,across_radii,RF,RF_20km,RF_10km,ok,jaccard_top10,TH57,0.8782428940568475,9334.0,8838.0,8497.0,9675.0
7,across_radii,RF,RF_20km,RF_10km,ok,jaccard_top10,TH58,0.7993273542600897,719.0,886.0,713.0,892.0
7,across_radii,RF,RF_25km,RF_10km,ok,ssim_raw_7,TH50,0.8660000562667847,,,,
7,across_radii,RF,RF_25km,RF_10km,ok,ssim_raw_7,TH51,0.9268081784248352,,,,
7,across_radii,RF,RF_25km,RF_10km,ok,ssim_raw_7,TH52,0.8807083368301392,,,,
7,across_radii,RF,RF_25km,RF_10km,ok,ssim_raw_7,TH53,0.9230637550354004,,,,
7,across_radii,RF,RF_25km,RF_10km,ok,ssim_raw_7,TH54,0.8900051116943359,,,,
7,across_radii,RF,RF_25km,RF_10km,ok,ssim_raw_7,TH55,0.8671427369117737,,,,
7,across_radii,RF,RF_25km,RF_10km,ok,ssim_raw_7,TH56,0.8911522030830383,,,,
7,across_radii,RF,RF_25km,RF_10km,ok,ssim_raw_7,TH57,0.8855589628219604,,,,
7,across_radii,RF,RF_25km,RF_10km,ok,ssim_raw_7,TH58,0.7498167157173157,,,,
7,across_radii,RF,RF_25km,RF_10km,ok,ssim_rank_7,TH50,0.8178820610046387,,,,
7,across_radii,RF,RF_25km,RF_10km,ok,ssim_rank_7,TH51,0.8752163648605347,,,,
7,across_radii,RF,RF_25km,RF_10km,ok,ssim_rank_7,TH52,0.7978341579437256,,,,
7,across_radii,RF,RF_25km,RF_10km,ok,ssim_rank_7,TH53,0.8240720629692078,,,,
7,across_radii,RF,RF_25km,RF_10km,ok,ssim_rank_7,TH54,0.77767413854599,,,,
7,across_radii,RF,RF_25km,RF_10km,ok,ssim_rank_7,TH55,0.7612501382827759,,,,
7,across_radii,RF,RF_25km,RF_10km,ok,ssim_rank_7,TH56,0.7839314341545105,,,,
7,across_radii,RF,RF_25km,RF_10km,ok,ssim_rank_7,TH57,0.822109580039978,,,,
7,across_radii,RF,RF_25km,RF_10km,ok,ssim_rank_7,TH58,0.6600263118743896,,,,
7,across_radii,RF,RF_25km,RF_10km,ok,ssim_raw_21,TH50,0.8907562494277954,,,,
7,across_radii,RF,RF_25km,RF_10km,ok,ssim_raw_21,TH51,0.9516416192054749,,,,
7,across_radii,RF,RF_25km,RF_10km,ok,ssim_raw_21,TH52,0.8942694664001465,,,,
7,across_radii,RF,RF_25km,RF_10km,ok,ssim_raw_21,TH53,0.9392762184143066,,,,
7,across_radii,RF,RF_25km,RF_10km,ok,ssim_raw_21,TH54,0.9046911597251892,,,,
7,across_radii,RF,RF_25km,RF_10km,ok,ssim_raw_21,TH55,0.8897364139556885,,,,
7,across_radii,RF,RF_25km,RF_10km,ok,ssim_raw_21,TH56,0.9071837067604065,,,,
7,across_radii,RF,RF_25km,RF_10km,ok,ssim_raw_21,TH57,0.9219173789024353,,,,
7,across_radii,RF,RF_25km,RF_10km,ok,ssim_raw_21,TH58,0.785885751247406,,,,
7,across_radii,RF,RF_25km,RF_10km,ok,ssim_rank_21,TH50,0.8618091344833374,,,,
7,across_radii,RF,RF_25km,RF_10km,ok,ssim_rank_21,TH51,0.9345650672912598,,,,
7,across_radii,RF,RF_25km,RF_10km,ok,ssim_rank_21,TH52,0.8544911742210388,,,,
7,across_radii,RF,RF_25km,RF_10km,ok,ssim_rank_21,TH53,0.9031423330307007,,,,
7,across_radii,RF,RF_25km,RF_10km,ok,ssim_rank_21,TH54,0.8315828442573547,,,,
7,across_radii,RF,RF_25km,RF_10km,ok,ssim_rank_21,TH55,0.8320685625076294,,,,
7,across_radii,RF,RF_25km,RF_10km,ok,ssim_rank_21,TH56,0.8495429158210754,,,,
7,across_radii,RF,RF_25km,RF_10km,ok,ssim_rank_21,TH57,0.851753294467926,,,,
7,across_radii,RF,RF_25km,RF_10km,ok,ssim_rank_21,TH58,0.7252541780471802,,,,
7,across_radii,RF,RF_25km,RF_10km,ok,jaccard_top10,TH50,0.8803409218346978,8128.0,8639.0,7850.0,8917.0
7,across_radii,RF,RF_25km,RF_10km,ok,jaccard_top10,TH51,0.8720999405116002,3128.0,3166.0,2932.0,3362.0
7,across_radii,RF,RF_25km,RF_10km,ok,jaccard_top10,TH52,0.8503150453357923,6033.0,6007.0,5533.0,6507.0
7,across_radii,RF,RF_25km,RF_10km,ok,jaccard_top10,TH53,0.7782698553291999,2935.0,3088.0,2636.0,3387.0
7,across_radii,RF,RF_25km,RF_10km,ok,jaccard_top10,TH54,0.7461506450270495,2165.0,2031.0,1793.0,2403.0
7,across_radii,RF,RF_25km,RF_10km,ok,jaccard_top10,TH55,0.8728965270318654,2581.0,2650.0,2438.0,2793.0
7,across_radii,RF,RF_25km,RF_10km,ok,jaccard_top10,TH56,0.7824004788985334,3054.0,2901.0,2614.0,3341.0
7,across_radii,RF,RF_25km,RF_10km,ok,jaccard_top10,TH57,0.8607363830003043,9507.0,8838.0,8486.0,9859.0
7,across_radii,RF,RF_25km,RF_10km,ok,jaccard_top10,TH58,0.7421875,675.0,886.0,665.0,896.0
7,across_radii,RF,RF_Rinf,RF_10km,ok,ssim_raw_7,TH50,0.8386082053184509,,,,
7,across_radii,RF,RF_Rinf,RF_10km,ok,ssim_raw_7,TH51,0.9072313904762268,,,,
7,across_radii,RF,RF_Rinf,RF_10km,ok,ssim_raw_7,TH52,0.8681363463401794,,,,
7,across_radii,RF,RF_Rinf,RF_10km,ok,ssim_raw_7,TH53,0.9143897891044617,,,,
7,across_radii,RF,RF_Rinf,RF_10km,ok,ssim_raw_7,TH54,0.8709843754768372,,,,
7,across_radii,RF,RF_Rinf,RF_10km,ok,ssim_raw_7,TH55,0.8489534258842468,,,,
7,across_radii,RF,RF_Rinf,RF_10km,ok,ssim_raw_7,TH56,0.8715519905090332,,,,
7,across_radii,RF,RF_Rinf,RF_10km,ok,ssim_raw_7,TH57,0.8516665697097778,,,,
7,across_radii,RF,RF_Rinf,RF_10km,ok,ssim_raw_7,TH58,0.7133777737617493,,,,
7,across_radii,RF,RF_Rinf,RF_10km,ok,ssim_rank_7,TH50,0.7808950543403625,,,,
7,across_radii,RF,RF_Rinf,RF_10km,ok,ssim_rank_7,TH51,0.8679106831550598,,,,
7,across_radii,RF,RF_Rinf,RF_10km,ok,ssim_rank_7,TH52,0.7804376482963562,,,,
7,across_radii,RF,RF_Rinf,RF_10km,ok,ssim_rank_7,TH53,0.805412232875824,,,,
7,across_radii,RF,RF_Rinf,RF_10km,ok,ssim_rank_7,TH54,0.7554696798324585,,,,
7,across_radii,RF,RF_Rinf,RF_10km,ok,ssim_rank_7,TH55,0.747011125087738,,,,
7,across_radii,RF,RF_Rinf,RF_10km,ok,ssim_rank_7,TH56,0.7757724523544312,,,,
7,across_radii,RF,RF_Rinf,RF_10km,ok,ssim_rank_7,TH57,0.8014718890190125,,,,
7,across_radii,RF,RF_Rinf,RF_10km,ok,ssim_rank_7,TH58,0.6198153495788574,,,,
7,across_radii,RF,RF_Rinf,RF_10km,ok,ssim_raw_21,TH50,0.8670978546142578,,,,
7,across_radii,RF,RF_Rinf,RF_10km,ok,ssim_raw_21,TH51,0.9331035017967224,,,,
7,across_radii,RF,RF_Rinf,RF_10km,ok,ssim_raw_21,TH52,0.8853479027748108,,,,
7,across_radii,RF,RF_Rinf,RF_10km,ok,ssim_raw_21,TH53,0.9306352734565735,,,,
7,across_radii,RF,RF_Rinf,RF_10km,ok,ssim_raw_21,TH54,0.88668292760849,,,,
7,across_radii,RF,RF_Rinf,RF_10km,ok,ssim_raw_21,TH55,0.8745743632316589,,,,
7,across_radii,RF,RF_Rinf,RF_10km,ok,ssim_raw_21,TH56,0.8920469880104065,,,,
7,across_radii,RF,RF_Rinf,RF_10km,ok,ssim_raw_21,TH57,0.8963994383811951,,,,
7,across_radii,RF,RF_Rinf,RF_10km,ok,ssim_raw_21,TH58,0.7543544173240662,,,,
7,across_radii,RF,RF_Rinf,RF_10km,ok,ssim_rank_21,TH50,0.8356665372848511,,,,
7,across_radii,RF,RF_Rinf,RF_10km,ok,ssim_rank_21,TH51,0.9277766346931458,,,,
7,across_radii,RF,RF_Rinf,RF_10km,ok,ssim_rank_21,TH52,0.8419981002807617,,,,
7,across_radii,RF,RF_Rinf,RF_10km,ok,ssim_rank_21,TH53,0.8888789415359497,,,,
7,across_radii,RF,RF_Rinf,RF_10km,ok,ssim_rank_21,TH54,0.8111752271652222,,,,
7,across_radii,RF,RF_Rinf,RF_10km,ok,ssim_rank_21,TH55,0.8237202167510986,,,,
7,across_radii,RF,RF_Rinf,RF_10km,ok,ssim_rank_21,TH56,0.8546926379203796,,,,
7,across_radii,RF,RF_Rinf,RF_10km,ok,ssim_rank_21,TH57,0.8366051316261292,,,,
7,across_radii,RF,RF_Rinf,RF_10km,ok,ssim_rank_21,TH58,0.6963433027267456,,,,
7,across_radii,RF,RF_Rinf,RF_10km,ok,jaccard_top10,TH50,0.8670921509349457,8036.0,8639.0,7744.0,8931.0
7,across_radii,RF,RF_Rinf,RF_10km,ok,jaccard_top10,TH51,0.8656895004486987,3071.0,3166.0,2894.0,3343.0
7,across_radii,RF,RF_Rinf,RF_10km,ok,jaccard_top10,TH52,0.8241624981051994,6027.0,6007.0,5437.0,6597.0
7,across_radii,RF,RF_Rinf,RF_10km,ok,jaccard_top10,TH53,0.7522016398420893,2682.0,3088.0,2477.0,3293.0
7,across_radii,RF,RF_Rinf,RF_10km,ok,jaccard_top10,TH54,0.7358178053830228,2161.0,2031.0,1777.0,2415.0
7,across_radii,RF,RF_Rinf,RF_10km,ok,jaccard_top10,TH55,0.8417015341701534,2632.0,2650.0,2414.0,2868.0
7,across_radii,RF,RF_Rinf,RF_10km,ok,jaccard_top10,TH56,0.76673547626069,3090.0,2901.0,2600.0,3391.0
7,across_radii,RF,RF_Rinf,RF_10km,ok,jaccard_top10,TH57,0.8267855393357499,9808.0,8838.0,8439.0,10207.0
7,across_radii,RF,RF_Rinf,RF_10km,ok,jaccard_top10,TH58,0.7360350492880613,699.0,886.0,672.0,913.0
7,across_radii,XGB,XGB_1km,XGB_10km,ok,ssim_raw_7,TH50,0.16260220110416412,,,,
7,across_radii,XGB,XGB_1km,XGB_10km,ok,ssim_raw_7,TH51,0.2559320628643036,,,,
7,across_radii,XGB,XGB_1km,XGB_10km,ok,ssim_raw_7,TH52,0.18465179204940796,,,,
7,across_radii,XGB,XGB_1km,XGB_10km,ok,ssim_raw_7,TH53,0.2455165535211563,,,,
7,across_radii,XGB,XGB_1km,XGB_10km,ok,ssim_raw_7,TH54,0.19075267016887665,,,,
7,across_radii,XGB,XGB_1km,XGB_10km,ok,ssim_raw_7,TH55,0.1387551873922348,,,,
7,across_radii,XGB,XGB_1km,XGB_10km,ok,ssim_raw_7,TH56,0.21956437826156616,,,,
7,across_radii,XGB,XGB_1km,XGB_10km,ok,ssim_raw_7,TH57,0.24841809272766113,,,,
7,across_radii,XGB,XGB_1km,XGB_10km,ok,ssim_raw_7,TH58,0.0847063660621643,,,,
7,across_radii,XGB,XGB_1km,XGB_10km,ok,ssim_rank_7,TH50,0.3228609561920166,,,,
7,across_radii,XGB,XGB_1km,XGB_10km,ok,ssim_rank_7,TH51,0.381507933139801,,,,
7,across_radii,XGB,XGB_1km,XGB_10km,ok,ssim_rank_7,TH52,0.3759421706199646,,,,
7,across_radii,XGB,XGB_1km,XGB_10km,ok,ssim_rank_7,TH53,0.3725408613681793,,,,
7,across_radii,XGB,XGB_1km,XGB_10km,ok,ssim_rank_7,TH54,0.36953726410865784,,,,
7,across_radii,XGB,XGB_1km,XGB_10km,ok,ssim_rank_7,TH55,0.34068578481674194,,,,
7,across_radii,XGB,XGB_1km,XGB_10km,ok,ssim_rank_7,TH56,0.3494853079319,,,,
7,across_radii,XGB,XGB_1km,XGB_10km,ok,ssim_rank_7,TH57,0.24196495115756989,,,,
7,across_radii,XGB,XGB_1km,XGB_10km,ok,ssim_rank_7,TH58,0.32369956374168396,,,,
7,across_radii,XGB,XGB_1km,XGB_10km,ok,ssim_raw_21,TH50,0.1825939416885376,,,,
7,across_radii,XGB,XGB_1km,XGB_10km,ok,ssim_raw_21,TH51,0.2931644320487976,,,,
7,across_radii,XGB,XGB_1km,XGB_10km,ok,ssim_raw_21,TH52,0.22107017040252686,,,,
7,across_radii,XGB,XGB_1km,XGB_10km,ok,ssim_raw_21,TH53,0.3138696551322937,,,,
7,across_radii,XGB,XGB_1km,XGB_10km,ok,ssim_raw_21,TH54,0.22517254948616028,,,,
7,across_radii,XGB,XGB_1km,XGB_10km,ok,ssim_raw_21,TH55,0.16827283799648285,,,,
7,across_radii,XGB,XGB_1km,XGB_10km,ok,ssim_raw_21,TH56,0.23766930401325226,,,,
7,across_radii,XGB,XGB_1km,XGB_10km,ok,ssim_raw_21,TH57,0.26879069209098816,,,,
7,across_radii,XGB,XGB_1km,XGB_10km,ok,ssim_raw_21,TH58,0.11181280016899109,,,,
7,across_radii,XGB,XGB_1km,XGB_10km,ok,ssim_rank_21,TH50,0.28653043508529663,,,,
7,across_radii,XGB,XGB_1km,XGB_10km,ok,ssim_rank_21,TH51,0.3700518310070038,,,,
7,across_radii,XGB,XGB_1km,XGB_10km,ok,ssim_rank_21,TH52,0.4069358706474304,,,,
7,across_radii,XGB,XGB_1km,XGB_10km,ok,ssim_rank_21,TH53,0.3659670650959015,,,,
7,across_radii,XGB,XGB_1km,XGB_10km,ok,ssim_rank_21,TH54,0.381219744682312,,,,
7,across_radii,XGB,XGB_1km,XGB_10km,ok,ssim_rank_21,TH55,0.2876410186290741,,,,
7,across_radii,XGB,XGB_1km,XGB_10km,ok,ssim_rank_21,TH56,0.36128169298171997,,,,
7,across_radii,XGB,XGB_1km,XGB_10km,ok,ssim_rank_21,TH57,0.178511381149292,,,,
7,across_radii,XGB,XGB_1km,XGB_10km,ok,ssim_rank_21,TH58,0.23815685510635376,,,,
7,across_radii,XGB,XGB_1km,XGB_10km,ok,jaccard_top10,TH50,0.20314200217627856,8537.0,9154.0,2987.0,14704.0
7,across_radii,XGB,XGB_1km,XGB_10km,ok,jaccard_top10,TH51,0.23531746031746031,2897.0,3329.0,1186.0,5040.0
7,across_radii,XGB,XGB_1km,XGB_10km,ok,jaccard_top10,TH52,0.22141967621419675,8795.0,5917.0,2667.0,12045.0
7,across_radii,XGB,XGB_1km,XGB_10km,ok,jaccard_top10,TH53,0.1989795918367347,2308.0,2627.0,819.0,4116.0
7,across_radii,XGB,XGB_1km,XGB_10km,ok,jaccard_top10,TH54,0.18078512396694216,1677.0,1752.0,525.0,2904.0
7,across_radii,XGB,XGB_1km,XGB_10km,ok,jaccard_top10,TH55,0.15463331438317227,3153.0,2940.0,816.0,5277.0
7,across_radii,XGB,XGB_1km,XGB_10km,ok,jaccard_top10,TH56,0.1818426000537201,2688.0,1712.0,677.0,3723.0
7,across_radii,XGB,XGB_1km,XGB_10km,ok,jaccard_top10,TH57,0.21733774732465932,6105.0,9707.0,2823.0,12989.0
7,across_radii,XGB,XGB_1km,XGB_10km,ok,jaccard_top10,TH58,0.140241669718052,2046.0,1068.0,383.0,2731.0
7,across_radii,XGB,XGB_5km,XGB_10km,ok,ssim_raw_7,TH50,0.7517025470733643,,,,
7,across_radii,XGB,XGB_5km,XGB_10km,ok,ssim_raw_7,TH51,0.8152546882629395,,,,
7,across_radii,XGB,XGB_5km,XGB_10km,ok,ssim_raw_7,TH52,0.7596975564956665,,,,
7,across_radii,XGB,XGB_5km,XGB_10km,ok,ssim_raw_7,TH53,0.8597180843353271,,,,
7,across_radii,XGB,XGB_5km,XGB_10km,ok,ssim_raw_7,TH54,0.8077009916305542,,,,
7,across_radii,XGB,XGB_5km,XGB_10km,ok,ssim_raw_7,TH55,0.7529062628746033,,,,
7,across_radii,XGB,XGB_5km,XGB_10km,ok,ssim_raw_7,TH56,0.8064980506896973,,,,
7,across_radii,XGB,XGB_5km,XGB_10km,ok,ssim_raw_7,TH57,0.7733407616615295,,,,
7,across_radii,XGB,XGB_5km,XGB_10km,ok,ssim_raw_7,TH58,0.694645345211029,,,,
7,across_radii,XGB,XGB_5km,XGB_10km,ok,ssim_rank_7,TH50,0.7204281091690063,,,,
7,across_radii,XGB,XGB_5km,XGB_10km,ok,ssim_rank_7,TH51,0.7705629467964172,,,,
7,across_radii,XGB,XGB_5km,XGB_10km,ok,ssim_rank_7,TH52,0.7360260486602783,,,,
7,across_radii,XGB,XGB_5km,XGB_10km,ok,ssim_rank_7,TH53,0.7624825239181519,,,,
7,across_radii,XGB,XGB_5km,XGB_10km,ok,ssim_rank_7,TH54,0.7358759641647339,,,,
7,across_radii,XGB,XGB_5km,XGB_10km,ok,ssim_rank_7,TH55,0.7047605514526367,,,,
7,across_radii,XGB,XGB_5km,XGB_10km,ok,ssim_rank_7,TH56,0.7529007792472839,,,,
7,across_radii,XGB,XGB_5km,XGB_10km,ok,ssim_rank_7,TH57,0.7962455749511719,,,,
7,across_radii,XGB,XGB_5km,XGB_10km,ok,ssim_rank_7,TH58,0.6780402064323425,,,,
7,across_radii,XGB,XGB_5km,XGB_10km,ok,ssim_raw_21,TH50,0.7601140737533569,,,,
7,across_radii,XGB,XGB_5km,XGB_10km,ok,ssim_raw_21,TH51,0.8306884765625,,,,
7,across_radii,XGB,XGB_5km,XGB_10km,ok,ssim_raw_21,TH52,0.776824951171875,,,,
7,across_radii,XGB,XGB_5km,XGB_10km,ok,ssim_raw_21,TH53,0.8721822500228882,,,,
7,across_radii,XGB,XGB_5km,XGB_10km,ok,ssim_raw_21,TH54,0.7880629301071167,,,,
7,across_radii,XGB,XGB_5km,XGB_10km,ok,ssim_raw_21,TH55,0.7509353160858154,,,,
7,across_radii,XGB,XGB_5km,XGB_10km,ok,ssim_raw_21,TH56,0.8033953309059143,,,,
7,across_radii,XGB,XGB_5km,XGB_10km,ok,ssim_raw_21,TH57,0.7779669165611267,,,,
7,across_radii,XGB,XGB_5km,XGB_10km,ok,ssim_raw_21,TH58,0.6826547384262085,,,,
7,across_radii,XGB,XGB_5km,XGB_10km,ok,ssim_rank_21,TH50,0.7294019460678101,,,,
7,across_radii,XGB,XGB_5km,XGB_10km,ok,ssim_rank_21,TH51,0.8187074065208435,,,,
7,across_radii,XGB,XGB_5km,XGB_10km,ok,ssim_rank_21,TH52,0.775993287563324,,,,
7,across_radii,XGB,XGB_5km,XGB_10km,ok,ssim_rank_21,TH53,0.8205234408378601,,,,
7,across_radii,XGB,XGB_5km,XGB_10km,ok,ssim_rank_21,TH54,0.7858755588531494,,,,
7,across_radii,XGB,XGB_5km,XGB_10km,ok,ssim_rank_21,TH55,0.7269471883773804,,,,
7,across_radii,XGB,XGB_5km,XGB_10km,ok,ssim_rank_21,TH56,0.8057399392127991,,,,
7,across_radii,XGB,XGB_5km,XGB_10km,ok,ssim_rank_21,TH57,0.8211843967437744,,,,
7,across_radii,XGB,XGB_5km,XGB_10km,ok,ssim_rank_21,TH58,0.6803795099258423,,,,
7,across_radii,XGB,XGB_5km,XGB_10km,ok,jaccard_top10,TH50,0.7407336645013374,9068.0,9154.0,7754.0,10468.0
7,across_radii,XGB,XGB_5km,XGB_10km,ok,jaccard_top10,TH51,0.7748004561003421,2897.0,3329.0,2718.0,3508.0
7,across_radii,XGB,XGB_5km,XGB_10km,ok,jaccard_top10,TH52,0.7163996741786587,6726.0,5917.0,5277.0,7366.0
7,across_radii,XGB,XGB_5km,XGB_10km,ok,jaccard_top10,TH53,0.6744956338452274,2934.0,2627.0,2240.0,3321.0
7,across_radii,XGB,XGB_5km,XGB_10km,ok,jaccard_top10,TH54,0.6320531057373162,1690.0,1752.0,1333.0,2109.0
7,across_radii,XGB,XGB_5km,XGB_10km,ok,jaccard_top10,TH55,0.6525745257452574,3158.0,2940.0,2408.0,3690.0
7,across_radii,XGB,XGB_5km,XGB_10km,ok,jaccard_top10,TH56,0.6470292044310171,1559.0,1712.0,1285.0,1986.0
7,across_radii,XGB,XGB_5km,XGB_10km,ok,jaccard_top10,TH57,0.7336156111929307,9127.0,9707.0,7970.0,10864.0
7,across_radii,XGB,XGB_5km,XGB_10km,ok,jaccard_top10,TH58,0.5795369678864825,1047.0,1068.0,776.0,1339.0
7,across_radii,XGB,XGB_20km,XGB_10km,ok,ssim_raw_7,TH50,0.9150193333625793,,,,
7,across_radii,XGB,XGB_20km,XGB_10km,ok,ssim_raw_7,TH51,0.8860408663749695,,,,
7,across_radii,XGB,XGB_20km,XGB_10km,ok,ssim_raw_7,TH52,0.8960069417953491,,,,
7,across_radii,XGB,XGB_20km,XGB_10km,ok,ssim_raw_7,TH53,0.8821852803230286,,,,
7,across_radii,XGB,XGB_20km,XGB_10km,ok,ssim_raw_7,TH54,0.90147465467453,,,,
7,across_radii,XGB,XGB_20km,XGB_10km,ok,ssim_raw_7,TH55,0.9161019921302795,,,,
7,across_radii,XGB,XGB_20km,XGB_10km,ok,ssim_raw_7,TH56,0.8725363612174988,,,,
7,across_radii,XGB,XGB_20km,XGB_10km,ok,ssim_raw_7,TH57,0.8598185777664185,,,,
7,across_radii,XGB,XGB_20km,XGB_10km,ok,ssim_raw_7,TH58,0.951524019241333,,,,
7,across_radii,XGB,XGB_20km,XGB_10km,ok,ssim_rank_7,TH50,0.8582797646522522,,,,
7,across_radii,XGB,XGB_20km,XGB_10km,ok,ssim_rank_7,TH51,0.9136044383049011,,,,
7,across_radii,XGB,XGB_20km,XGB_10km,ok,ssim_rank_7,TH52,0.8983474373817444,,,,
7,across_radii,XGB,XGB_20km,XGB_10km,ok,ssim_rank_7,TH53,0.9034702181816101,,,,
7,across_radii,XGB,XGB_20km,XGB_10km,ok,ssim_rank_7,TH54,0.8925968408584595,,,,
7,across_radii,XGB,XGB_20km,XGB_10km,ok,ssim_rank_7,TH55,0.8943206071853638,,,,
7,across_radii,XGB,XGB_20km,XGB_10km,ok,ssim_rank_7,TH56,0.9052180647850037,,,,
7,across_radii,XGB,XGB_20km,XGB_10km,ok,ssim_rank_7,TH57,0.8998993039131165,,,,
7,across_radii,XGB,XGB_20km,XGB_10km,ok,ssim_rank_7,TH58,0.8208678364753723,,,,
7,across_radii,XGB,XGB_20km,XGB_10km,ok,ssim_raw_21,TH50,0.9152191281318665,,,,
7,across_radii,XGB,XGB_20km,XGB_10km,ok,ssim_raw_21,TH51,0.892635703086853,,,,
7,across_radii,XGB,XGB_20km,XGB_10km,ok,ssim_raw_21,TH52,0.8947978615760803,,,,
7,across_radii,XGB,XGB_20km,XGB_10km,ok,ssim_raw_21,TH53,0.8847073912620544,,,,
7,across_radii,XGB,XGB_20km,XGB_10km,ok,ssim_raw_21,TH54,0.8868198394775391,,,,
7,across_radii,XGB,XGB_20km,XGB_10km,ok,ssim_raw_21,TH55,0.8928550481796265,,,,
7,across_radii,XGB,XGB_20km,XGB_10km,ok,ssim_raw_21,TH56,0.8746192455291748,,,,
7,across_radii,XGB,XGB_20km,XGB_10km,ok,ssim_raw_21,TH57,0.8786775469779968,,,,
7,across_radii,XGB,XGB_20km,XGB_10km,ok,ssim_raw_21,TH58,0.9412273168563843,,,,
7,across_radii,XGB,XGB_20km,XGB_10km,ok,ssim_rank_21,TH50,0.9070956110954285,,,,
7,across_radii,XGB,XGB_20km,XGB_10km,ok,ssim_rank_21,TH51,0.9526132941246033,,,,
7,across_radii,XGB,XGB_20km,XGB_10km,ok,ssim_rank_21,TH52,0.9426069855690002,,,,
7,across_radii,XGB,XGB_20km,XGB_10km,ok,ssim_rank_21,TH53,0.9485980868339539,,,,
7,across_radii,XGB,XGB_20km,XGB_10km,ok,ssim_rank_21,TH54,0.9392893314361572,,,,
7,across_radii,XGB,XGB_20km,XGB_10km,ok,ssim_rank_21,TH55,0.9393953680992126,,,,
7,across_radii,XGB,XGB_20km,XGB_10km,ok,ssim_rank_21,TH56,0.9446937441825867,,,,
7,across_radii,XGB,XGB_20km,XGB_10km,ok,ssim_rank_21,TH57,0.9301950335502625,,,,
7,across_radii,XGB,XGB_20km,XGB_10km,ok,ssim_rank_21,TH58,0.8760473728179932,,,,
7,across_radii,XGB,XGB_20km,XGB_10km,ok,jaccard_top10,TH50,0.8068831699346405,8539.0,9154.0,7901.0,9792.0
7,across_radii,XGB,XGB_20km,XGB_10km,ok,jaccard_top10,TH51,0.8287538162642243,3260.0,3329.0,2986.0,3603.0
7,across_radii,XGB,XGB_20km,XGB_10km,ok,jaccard_top10,TH52,0.8110709987966306,6123.0,5917.0,5392.0,6648.0
7,across_radii,XGB,XGB_20km,XGB_10km,ok,jaccard_top10,TH53,0.629188850610711,2575.0,2627.0,2009.0,3193.0
7,across_radii,XGB,XGB_20km,XGB_10km,ok,jaccard_top10,TH54,0.7062120504437179,1901.0,1752.0,1512.0,2141.0
7,across_radii,XGB,XGB_20km,XGB_10km,ok,jaccard_top10,TH55,0.7492563950029745,2941.0,2940.0,2519.0,3362.0
7,across_radii,XGB,XGB_20km,XGB_10km,ok,jaccard_top10,TH56,0.613666815542653,1901.0,1712.0,1374.0,2239.0
7,across_radii,XGB,XGB_20km,XGB_10km,ok,jaccard_top10,TH57,0.77118720230071,10001.0,9707.0,8581.0,11127.0
7,across_radii,XGB,XGB_20km,XGB_10km,ok,jaccard_top10,TH58,0.739093242087254,965.0,1068.0,864.0,1169.0
7,across_radii,XGB,XGB_25km,XGB_10km,ok,ssim_raw_7,TH50,0.9232181906700134,,,,
7,across_radii,XGB,XGB_25km,XGB_10km,ok,ssim_raw_7,TH51,0.9121726751327515,,,,
7,across_radii,XGB,XGB_25km,XGB_10km,ok,ssim_raw_7,TH52,0.9118109345436096,,,,
7,across_radii,XGB,XGB_25km,XGB_10km,ok,ssim_raw_7,TH53,0.9102320671081543,,,,
7,across_radii,XGB,XGB_25km,XGB_10km,ok,ssim_raw_7,TH54,0.9291394948959351,,,,
7,across_radii,XGB,XGB_25km,XGB_10km,ok,ssim_raw_7,TH55,0.9383031129837036,,,,
7,across_radii,XGB,XGB_25km,XGB_10km,ok,ssim_raw_7,TH56,0.9036779403686523,,,,
7,across_radii,XGB,XGB_25km,XGB_10km,ok,ssim_raw_7,TH57,0.8585675358772278,,,,
7,across_radii,XGB,XGB_25km,XGB_10km,ok,ssim_raw_7,TH58,0.9533771276473999,,,,
7,across_radii,XGB,XGB_25km,XGB_10km,ok,ssim_rank_7,TH50,0.8594055771827698,,,,
7,across_radii,XGB,XGB_25km,XGB_10km,ok,ssim_rank_7,TH51,0.922640860080719,,,,
7,across_radii,XGB,XGB_25km,XGB_10km,ok,ssim_rank_7,TH52,0.8979540467262268,,,,
7,across_radii,XGB,XGB_25km,XGB_10km,ok,ssim_rank_7,TH53,0.9092372059822083,,,,
7,across_radii,XGB,XGB_25km,XGB_10km,ok,ssim_rank_7,TH54,0.8896884322166443,,,,
7,across_radii,XGB,XGB_25km,XGB_10km,ok,ssim_rank_7,TH55,0.8817316889762878,,,,
7,across_radii,XGB,XGB_25km,XGB_10km,ok,ssim_rank_7,TH56,0.8967072367668152,,,,
7,across_radii,XGB,XGB_25km,XGB_10km,ok,ssim_rank_7,TH57,0.874824583530426,,,,
7,across_radii,XGB,XGB_25km,XGB_10km,ok,ssim_rank_7,TH58,0.8141684532165527,,,,
7,across_radii,XGB,XGB_25km,XGB_10km,ok,ssim_raw_21,TH50,0.9225497245788574,,,,
7,across_radii,XGB,XGB_25km,XGB_10km,ok,ssim_raw_21,TH51,0.9165079593658447,,,,
7,across_radii,XGB,XGB_25km,XGB_10km,ok,ssim_raw_21,TH52,0.9208635687828064,,,,
7,across_radii,XGB,XGB_25km,XGB_10km,ok,ssim_raw_21,TH53,0.9175239205360413,,,,
7,across_radii,XGB,XGB_25km,XGB_10km,ok,ssim_raw_21,TH54,0.9264287352561951,,,,
7,across_radii,XGB,XGB_25km,XGB_10km,ok,ssim_raw_21,TH55,0.9336487054824829,,,,
7,across_radii,XGB,XGB_25km,XGB_10km,ok,ssim_raw_21,TH56,0.9138125777244568,,,,
7,across_radii,XGB,XGB_25km,XGB_10km,ok,ssim_raw_21,TH57,0.8795267343521118,,,,
7,across_radii,XGB,XGB_25km,XGB_10km,ok,ssim_raw_21,TH58,0.9454118013381958,,,,
7,across_radii,XGB,XGB_25km,XGB_10km,ok,ssim_rank_21,TH50,0.9074199199676514,,,,
7,across_radii,XGB,XGB_25km,XGB_10km,ok,ssim_rank_21,TH51,0.9619977474212646,,,,
7,across_radii,XGB,XGB_25km,XGB_10km,ok,ssim_rank_21,TH52,0.9395751357078552,,,,
7,across_radii,XGB,XGB_25km,XGB_10km,ok,ssim_rank_21,TH53,0.9492887854576111,,,,
7,across_radii,XGB,XGB_25km,XGB_10km,ok,ssim_rank_21,TH54,0.9322131872177124,,,,
7,across_radii,XGB,XGB_25km,XGB_10km,ok,ssim_rank_21,TH55,0.9278880953788757,,,,
7,across_radii,XGB,XGB_25km,XGB_10km,ok,ssim_rank_21,TH56,0.9332569241523743,,,,
7,across_radii,XGB,XGB_25km,XGB_10km,ok,ssim_rank_21,TH57,0.9043328166007996,,,,
7,across_radii,XGB,XGB_25km,XGB_10km,ok,ssim_rank_21,TH58,0.864866316318512,,,,
7,across_radii,XGB,XGB_25km,XGB_10km,ok,jaccard_top10,TH50,0.8271390647335103,8741.0,9154.0,8101.0,9794.0
7,across_radii,XGB,XGB_25km,XGB_10km,ok,jaccard_top10,TH51,0.8602089805139791,3258.0,3329.0,3046.0,3541.0
7,across_radii,XGB,XGB_25km,XGB_10km,ok,jaccard_top10,TH52,0.8280158006684898,6115.0,5917.0,5450.0,6582.0
7,across_radii,XGB,XGB_25km,XGB_10km,ok,jaccard_top10,TH53,0.6618468616496878,2430.0,2627.0,2014.0,3043.0
7,across_radii,XGB,XGB_25km,XGB_10km,ok,jaccard_top10,TH54,0.7339853300733497,1794.0,1752.0,1501.0,2045.0
7,across_radii,XGB,XGB_25km,XGB_10km,ok,jaccard_top10,TH55,0.7798645320197044,2841.0,2940.0,2533.0,3248.0
7,across_radii,XGB,XGB_25km,XGB_10km,ok,jaccard_top10,TH56,0.6574410163339383,1941.0,1712.0,1449.0,2204.0
7,across_radii,XGB,XGB_25km,XGB_10km,ok,jaccard_top10,TH57,0.7927699954812472,10130.0,9707.0,8772.0,11065.0
7,across_radii,XGB,XGB_25km,XGB_10km,ok,jaccard_top10,TH58,0.7707786526684165,956.0,1068.0,881.0,1143.0
7,across_radii,XGB,XGB_Rinf,XGB_10km,ok,ssim_raw_7,TH50,0.9055460691452026,,,,
7,across_radii,XGB,XGB_Rinf,XGB_10km,ok,ssim_raw_7,TH51,0.890893280506134,,,,
7,across_radii,XGB,XGB_Rinf,XGB_10km,ok,ssim_raw_7,TH52,0.8974742293357849,,,,
7,across_radii,XGB,XGB_Rinf,XGB_10km,ok,ssim_raw_7,TH53,0.8961032629013062,,,,
7,across_radii,XGB,XGB_Rinf,XGB_10km,ok,ssim_raw_7,TH54,0.9264352321624756,,,,
7,across_radii,XGB,XGB_Rinf,XGB_10km,ok,ssim_raw_7,TH55,0.9239596128463745,,,,
7,across_radii,XGB,XGB_Rinf,XGB_10km,ok,ssim_raw_7,TH56,0.8906975388526917,,,,
7,across_radii,XGB,XGB_Rinf,XGB_10km,ok,ssim_raw_7,TH57,0.8352389335632324,,,,
7,across_radii,XGB,XGB_Rinf,XGB_10km,ok,ssim_raw_7,TH58,0.936795175075531,,,,
7,across_radii,XGB,XGB_Rinf,XGB_10km,ok,ssim_rank_7,TH50,0.8409115076065063,,,,
7,across_radii,XGB,XGB_Rinf,XGB_10km,ok,ssim_rank_7,TH51,0.9186111092567444,,,,
7,across_radii,XGB,XGB_Rinf,XGB_10km,ok,ssim_rank_7,TH52,0.8870408535003662,,,,
7,across_radii,XGB,XGB_Rinf,XGB_10km,ok,ssim_rank_7,TH53,0.8942636251449585,,,,
7,across_radii,XGB,XGB_Rinf,XGB_10km,ok,ssim_rank_7,TH54,0.8842955231666565,,,,
7,across_radii,XGB,XGB_Rinf,XGB_10km,ok,ssim_rank_7,TH55,0.883724570274353,,,,
7,across_radii,XGB,XGB_Rinf,XGB_10km,ok,ssim_rank_7,TH56,0.8870490193367004,,,,
7,across_radii,XGB,XGB_Rinf,XGB_10km,ok,ssim_rank_7,TH57,0.8678473830223083,,,,
7,across_radii,XGB,XGB_Rinf,XGB_10km,ok,ssim_rank_7,TH58,0.7826127409934998,,,,
7,across_radii,XGB,XGB_Rinf,XGB_10km,ok,ssim_raw_21,TH50,0.9024450182914734,,,,
7,across_radii,XGB,XGB_Rinf,XGB_10km,ok,ssim_raw_21,TH51,0.8908042907714844,,,,
7,across_radii,XGB,XGB_Rinf,XGB_10km,ok,ssim_raw_21,TH52,0.8989591598510742,,,,
7,across_radii,XGB,XGB_Rinf,XGB_10km,ok,ssim_raw_21,TH53,0.9014355540275574,,,,
7,across_radii,XGB,XGB_Rinf,XGB_10km,ok,ssim_raw_21,TH54,0.9209932088851929,,,,
7,across_radii,XGB,XGB_Rinf,XGB_10km,ok,ssim_raw_21,TH55,0.9105371236801147,,,,
7,across_radii,XGB,XGB_Rinf,XGB_10km,ok,ssim_raw_21,TH56,0.8998258113861084,,,,
7,across_radii,XGB,XGB_Rinf,XGB_10km,ok,ssim_raw_21,TH57,0.8609032034873962,,,,
7,across_radii,XGB,XGB_Rinf,XGB_10km,ok,ssim_raw_21,TH58,0.9220954179763794,,,,
7,across_radii,XGB,XGB_Rinf,XGB_10km,ok,ssim_rank_21,TH50,0.8921309113502502,,,,
7,across_radii,XGB,XGB_Rinf,XGB_10km,ok,ssim_rank_21,TH51,0.956759512424469,,,,
7,across_radii,XGB,XGB_Rinf,XGB_10km,ok,ssim_rank_21,TH52,0.9297803044319153,,,,
7,across_radii,XGB,XGB_Rinf,XGB_10km,ok,ssim_rank_21,TH53,0.9373223781585693,,,,
7,across_radii,XGB,XGB_Rinf,XGB_10km,ok,ssim_rank_21,TH54,0.9305652976036072,,,,
7,across_radii,XGB,XGB_Rinf,XGB_10km,ok,ssim_rank_21,TH55,0.9240991473197937,,,,
7,across_radii,XGB,XGB_Rinf,XGB_10km,ok,ssim_rank_21,TH56,0.9244489669799805,,,,
7,across_radii,XGB,XGB_Rinf,XGB_10km,ok,ssim_rank_21,TH57,0.8982836008071899,,,,
7,across_radii,XGB,XGB_Rinf,XGB_10km,ok,ssim_rank_21,TH58,0.8440452218055725,,,,
7,across_radii,XGB,XGB_Rinf,XGB_10km,ok,jaccard_top10,TH50,0.8120315981365201,8738.0,9154.0,8018.0,9874.0
7,across_radii,XGB,XGB_Rinf,XGB_10km,ok,jaccard_top10,TH51,0.8370328744029222,3209.0,3329.0,2979.0,3559.0
7,across_radii,XGB,XGB_Rinf,XGB_10km,ok,jaccard_top10,TH52,0.8135311033752081,6065.0,5917.0,5375.0,6607.0
7,across_radii,XGB,XGB_Rinf,XGB_10km,ok,jaccard_top10,TH53,0.6214908034849952,2398.0,2627.0,1926.0,3099.0
7,across_radii,XGB,XGB_Rinf,XGB_10km,ok,jaccard_top10,TH54,0.7279559118236473,1697.0,1752.0,1453.0,1996.0
7,across_radii,XGB,XGB_Rinf,XGB_10km,ok,jaccard_top10,TH55,0.7693233082706767,2943.0,2940.0,2558.0,3325.0
7,across_radii,XGB,XGB_Rinf,XGB_10km,ok,jaccard_top10,TH56,0.6350909939337378,1792.0,1712.0,1361.0,2143.0
7,across_radii,XGB,XGB_Rinf,XGB_10km,ok,jaccard_top10,TH57,0.7759582189961937,10356.0,9707.0,8766.0,11297.0
7,across_radii,XGB,XGB_Rinf,XGB_10km,ok,jaccard_top10,TH58,0.7608142493638677,1008.0,1068.0,897.0,1179.0
7,across_radii,LR,LR_1km,LR_10km,ok,ssim_raw_7,TH50,0.18044477701187134,,,,
7,across_radii,LR,LR_1km,LR_10km,ok,ssim_raw_7,TH51,0.27028459310531616,,,,
7,across_radii,LR,LR_1km,LR_10km,ok,ssim_raw_7,TH52,0.218669593334198,,,,
7,across_radii,LR,LR_1km,LR_10km,ok,ssim_raw_7,TH53,0.229756698012352,,,,
7,across_radii,LR,LR_1km,LR_10km,ok,ssim_raw_7,TH54,0.19875504076480865,,,,
7,across_radii,LR,LR_1km,LR_10km,ok,ssim_raw_7,TH55,0.15818503499031067,,,,
7,across_radii,LR,LR_1km,LR_10km,ok,ssim_raw_7,TH56,0.27399519085884094,,,,
7,across_radii,LR,LR_1km,LR_10km,ok,ssim_raw_7,TH57,0.3056470453739166,,,,
7,across_radii,LR,LR_1km,LR_10km,ok,ssim_raw_7,TH58,0.10678885877132416,,,,
7,across_radii,LR,LR_1km,LR_10km,ok,ssim_rank_7,TH50,0.5004156827926636,,,,
7,across_radii,LR,LR_1km,LR_10km,ok,ssim_rank_7,TH51,0.45861926674842834,,,,
7,across_radii,LR,LR_1km,LR_10km,ok,ssim_rank_7,TH52,0.47687721252441406,,,,
7,across_radii,LR,LR_1km,LR_10km,ok,ssim_rank_7,TH53,0.46491190791130066,,,,
7,across_radii,LR,LR_1km,LR_10km,ok,ssim_rank_7,TH54,0.45683327317237854,,,,
7,across_radii,LR,LR_1km,LR_10km,ok,ssim_rank_7,TH55,0.44266706705093384,,,,
7,across_radii,LR,LR_1km,LR_10km,ok,ssim_rank_7,TH56,0.48149916529655457,,,,
7,across_radii,LR,LR_1km,LR_10km,ok,ssim_rank_7,TH57,0.4601653516292572,,,,
7,across_radii,LR,LR_1km,LR_10km,ok,ssim_rank_7,TH58,0.4861298203468323,,,,
7,across_radii,LR,LR_1km,LR_10km,ok,ssim_raw_21,TH50,0.20664265751838684,,,,
7,across_radii,LR,LR_1km,LR_10km,ok,ssim_raw_21,TH51,0.30237123370170593,,,,
7,across_radii,LR,LR_1km,LR_10km,ok,ssim_raw_21,TH52,0.2212711125612259,,,,
7,across_radii,LR,LR_1km,LR_10km,ok,ssim_raw_21,TH53,0.26099905371665955,,,,
7,across_radii,LR,LR_1km,LR_10km,ok,ssim_raw_21,TH54,0.19831790030002594,,,,
7,across_radii,LR,LR_1km,LR_10km,ok,ssim_raw_21,TH55,0.1959015429019928,,,,
7,across_radii,LR,LR_1km,LR_10km,ok,ssim_raw_21,TH56,0.2561778128147125,,,,
7,across_radii,LR,LR_1km,LR_10km,ok,ssim_raw_21,TH57,0.3341214954853058,,,,
7,across_radii,LR,LR_1km,LR_10km,ok,ssim_raw_21,TH58,0.15744908154010773,,,,
7,across_radii,LR,LR_1km,LR_10km,ok,ssim_rank_21,TH50,0.5372695326805115,,,,
7,across_radii,LR,LR_1km,LR_10km,ok,ssim_rank_21,TH51,0.47756004333496094,,,,
7,across_radii,LR,LR_1km,LR_10km,ok,ssim_rank_21,TH52,0.4920518398284912,,,,
7,across_radii,LR,LR_1km,LR_10km,ok,ssim_rank_21,TH53,0.48257976770401,,,,
7,across_radii,LR,LR_1km,LR_10km,ok,ssim_rank_21,TH54,0.4298379123210907,,,,
7,across_radii,LR,LR_1km,LR_10km,ok,ssim_rank_21,TH55,0.4507821798324585,,,,
7,across_radii,LR,LR_1km,LR_10km,ok,ssim_rank_21,TH56,0.4495351314544678,,,,
7,across_radii,LR,LR_1km,LR_10km,ok,ssim_rank_21,TH57,0.4862957000732422,,,,
7,across_radii,LR,LR_1km,LR_10km,ok,ssim_rank_21,TH58,0.5526672601699829,,,,
7,across_radii,LR,LR_1km,LR_10km,ok,jaccard_top10,TH50,0.18777933852636955,9316.0,9287.0,2941.0,15662.0
7,across_radii,LR,LR_1km,LR_10km,ok,jaccard_top10,TH51,0.16660929432013769,3058.0,3720.0,968.0,5810.0
7,across_radii,LR,LR_1km,LR_10km,ok,jaccard_top10,TH52,0.20847219136488188,10486.0,5832.0,2815.0,13503.0
7,across_radii,LR,LR_1km,LR_10km,ok,jaccard_top10,TH53,0.11823871256146624,2623.0,2380.0,529.0,4474.0
7,across_radii,LR,LR_1km,LR_10km,ok,jaccard_top10,TH54,0.17309941520467836,2666.0,1346.0,592.0,3420.0
7,across_radii,LR,LR_1km,LR_10km,ok,jaccard_top10,TH55,0.18720555417803125,2134.0,2654.0,755.0,4033.0
7,across_radii,LR,LR_1km,LR_10km,ok,jaccard_top10,TH56,0.12133285041651576,2943.0,3249.0,670.0,5522.0
7,across_radii,LR,LR_1km,LR_10km,ok,jaccard_top10,TH57,0.148559670781893,2581.0,8583.0,1444.0,9720.0
7,across_radii,LR,LR_1km,LR_10km,ok,jaccard_top10,TH58,0.26612041325258284,2399.0,1155.0,747.0,2807.0
7,across_radii,LR,LR_5km,LR_10km,ok,ssim_raw_7,TH50,0.9668613076210022,,,,
7,across_radii,LR,LR_5km,LR_10km,ok,ssim_raw_7,TH51,0.9517470002174377,,,,
7,across_radii,LR,LR_5km,LR_10km,ok,ssim_raw_7,TH52,0.9612511396408081,,,,
7,across_radii,LR,LR_5km,LR_10km,ok,ssim_raw_7,TH53,0.9616983532905579,,,,
7,across_radii,LR,LR_5km,LR_10km,ok,ssim_raw_7,TH54,0.9565927386283875,,,,
7,across_radii,LR,LR_5km,LR_10km,ok,ssim_raw_7,TH55,0.9746442437171936,,,,
7,across_radii,LR,LR_5km,LR_10km,ok,ssim_raw_7,TH56,0.9592310786247253,,,,
7,across_radii,LR,LR_5km,LR_10km,ok,ssim_raw_7,TH57,0.9572334885597229,,,,
7,across_radii,LR,LR_5km,LR_10km,ok,ssim_raw_7,TH58,0.9846599102020264,,,,
7,across_radii,LR,LR_5km,LR_10km,ok,ssim_rank_7,TH50,0.9860618710517883,,,,
7,across_radii,LR,LR_5km,LR_10km,ok,ssim_rank_7,TH51,0.9862933158874512,,,,
7,across_radii,LR,LR_5km,LR_10km,ok,ssim_rank_7,TH52,0.9838074445724487,,,,
7,across_radii,LR,LR_5km,LR_10km,ok,ssim_rank_7,TH53,0.988023579120636,,,,
7,across_radii,LR,LR_5km,LR_10km,ok,ssim_rank_7,TH54,0.9850956201553345,,,,
7,across_radii,LR,LR_5km,LR_10km,ok,ssim_rank_7,TH55,0.9832137227058411,,,,
7,across_radii,LR,LR_5km,LR_10km,ok,ssim_rank_7,TH56,0.9868500232696533,,,,
7,across_radii,LR,LR_5km,LR_10km,ok,ssim_rank_7,TH57,0.9859254360198975,,,,
7,across_radii,LR,LR_5km,LR_10km,ok,ssim_rank_7,TH58,0.9874594211578369,,,,
7,across_radii,LR,LR_5km,LR_10km,ok,ssim_raw_21,TH50,0.9705780744552612,,,,
7,across_radii,LR,LR_5km,LR_10km,ok,ssim_raw_21,TH51,0.9582496285438538,,,,
7,across_radii,LR,LR_5km,LR_10km,ok,ssim_raw_21,TH52,0.9689157605171204,,,,
7,across_radii,LR,LR_5km,LR_10km,ok,ssim_raw_21,TH53,0.9712380170822144,,,,
7,across_radii,LR,LR_5km,LR_10km,ok,ssim_raw_21,TH54,0.9674993753433228,,,,
7,across_radii,LR,LR_5km,LR_10km,ok,ssim_raw_21,TH55,0.9697197675704956,,,,
7,across_radii,LR,LR_5km,LR_10km,ok,ssim_raw_21,TH56,0.9594358801841736,,,,
7,across_radii,LR,LR_5km,LR_10km,ok,ssim_raw_21,TH57,0.9544382095336914,,,,
7,across_radii,LR,LR_5km,LR_10km,ok,ssim_raw_21,TH58,0.9801955223083496,,,,
7,across_radii,LR,LR_5km,LR_10km,ok,ssim_rank_21,TH50,0.9920152425765991,,,,
7,across_radii,LR,LR_5km,LR_10km,ok,ssim_rank_21,TH51,0.9932292699813843,,,,
7,across_radii,LR,LR_5km,LR_10km,ok,ssim_rank_21,TH52,0.9922706484794617,,,,
7,across_radii,LR,LR_5km,LR_10km,ok,ssim_rank_21,TH53,0.9945189356803894,,,,
7,across_radii,LR,LR_5km,LR_10km,ok,ssim_rank_21,TH54,0.9922595024108887,,,,
7,across_radii,LR,LR_5km,LR_10km,ok,ssim_rank_21,TH55,0.9899577498435974,,,,
7,across_radii,LR,LR_5km,LR_10km,ok,ssim_rank_21,TH56,0.9932356476783752,,,,
7,across_radii,LR,LR_5km,LR_10km,ok,ssim_rank_21,TH57,0.9921678304672241,,,,
7,across_radii,LR,LR_5km,LR_10km,ok,ssim_rank_21,TH58,0.9921164512634277,,,,
7,across_radii,LR,LR_5km,LR_10km,ok,jaccard_top10,TH50,0.8784630940343782,9291.0,9287.0,8688.0,9890.0
7,across_radii,LR,LR_5km,LR_10km,ok,jaccard_top10,TH51,0.888917004048583,3745.0,3720.0,3513.0,3952.0
7,across_radii,LR,LR_5km,LR_10km,ok,jaccard_top10,TH52,0.7926829268292683,6810.0,5832.0,5590.0,7052.0
7,across_radii,LR,LR_5km,LR_10km,ok,jaccard_top10,TH53,0.8522185551888523,2671.0,2380.0,2324.0,2727.0
7,across_radii,LR,LR_5km,LR_10km,ok,jaccard_top10,TH54,0.8001241464928616,1554.0,1346.0,1289.0,1611.0
7,across_radii,LR,LR_5km,LR_10km,ok,jaccard_top10,TH55,0.8236963462220646,2487.0,2654.0,2322.0,2819.0
7,across_radii,LR,LR_5km,LR_10km,ok,jaccard_top10,TH56,0.7945007235890015,2951.0,3249.0,2745.0,3455.0
7,across_radii,LR,LR_5km,LR_10km,ok,jaccard_top10,TH57,0.8517368299976996,7516.0,8583.0,7405.0,8694.0
7,across_radii,LR,LR_5km,LR_10km,ok,jaccard_top10,TH58,0.8080495356037152,1181.0,1155.0,1044.0,1292.0
7,across_radii,LR,LR_20km,LR_10km,ok,ssim_raw_7,TH50,0.9827785491943359,,,,
7,across_radii,LR,LR_20km,LR_10km,ok,ssim_raw_7,TH51,0.976658046245575,,,,
7,across_radii,LR,LR_20km,LR_10km,ok,ssim_raw_7,TH52,0.9748778343200684,,,,
7,across_radii,LR,LR_20km,LR_10km,ok,ssim_raw_7,TH53,0.9782114028930664,,,,
7,across_radii,LR,LR_20km,LR_10km,ok,ssim_raw_7,TH54,0.9717608690261841,,,,
7,across_radii,LR,LR_20km,LR_10km,ok,ssim_raw_7,TH55,0.9872787594795227,,,,
7,across_radii,LR,LR_20km,LR_10km,ok,ssim_raw_7,TH56,0.9685874581336975,,,,
7,across_radii,LR,LR_20km,LR_10km,ok,ssim_raw_7,TH57,0.9633724689483643,,,,
7,across_radii,LR,LR_20km,LR_10km,ok,ssim_raw_7,TH58,0.9904991388320923,,,,
7,across_radii,LR,LR_20km,LR_10km,ok,ssim_rank_7,TH50,0.9949608445167542,,,,
7,across_radii,LR,LR_20km,LR_10km,ok,ssim_rank_7,TH51,0.9960589408874512,,,,
7,across_radii,LR,LR_20km,LR_10km,ok,ssim_rank_7,TH52,0.993109941482544,,,,
7,across_radii,LR,LR_20km,LR_10km,ok,ssim_rank_7,TH53,0.9953052401542664,,,,
7,across_radii,LR,LR_20km,LR_10km,ok,ssim_rank_7,TH54,0.9941624999046326,,,,
7,across_radii,LR,LR_20km,LR_10km,ok,ssim_rank_7,TH55,0.994492769241333,,,,
7,across_radii,LR,LR_20km,LR_10km,ok,ssim_rank_7,TH56,0.9950927495956421,,,,
7,across_radii,LR,LR_20km,LR_10km,ok,ssim_rank_7,TH57,0.9937397241592407,,,,
7,across_radii,LR,LR_20km,LR_10km,ok,ssim_rank_7,TH58,0.9931677579879761,,,,
7,across_radii,LR,LR_20km,LR_10km,ok,ssim_raw_21,TH50,0.9829878211021423,,,,
7,across_radii,LR,LR_20km,LR_10km,ok,ssim_raw_21,TH51,0.9781150221824646,,,,
7,across_radii,LR,LR_20km,LR_10km,ok,ssim_raw_21,TH52,0.9713691473007202,,,,
7,across_radii,LR,LR_20km,LR_10km,ok,ssim_raw_21,TH53,0.9776606559753418,,,,
7,across_radii,LR,LR_20km,LR_10km,ok,ssim_raw_21,TH54,0.9661086797714233,,,,
7,across_radii,LR,LR_20km,LR_10km,ok,ssim_raw_21,TH55,0.9837015867233276,,,,
7,across_radii,LR,LR_20km,LR_10km,ok,ssim_raw_21,TH56,0.9668444991111755,,,,
7,across_radii,LR,LR_20km,LR_10km,ok,ssim_raw_21,TH57,0.9619431495666504,,,,
7,across_radii,LR,LR_20km,LR_10km,ok,ssim_raw_21,TH58,0.9896434545516968,,,,
7,across_radii,LR,LR_20km,LR_10km,ok,ssim_rank_21,TH50,0.9964578151702881,,,,
7,across_radii,LR,LR_20km,LR_10km,ok,ssim_rank_21,TH51,0.9978604316711426,,,,
7,across_radii,LR,LR_20km,LR_10km,ok,ssim_rank_21,TH52,0.9959000945091248,,,,
7,across_radii,LR,LR_20km,LR_10km,ok,ssim_rank_21,TH53,0.997184693813324,,,,
7,across_radii,LR,LR_20km,LR_10km,ok,ssim_rank_21,TH54,0.9963182210922241,,,,
7,across_radii,LR,LR_20km,LR_10km,ok,ssim_rank_21,TH55,0.9963648319244385,,,,
7,across_radii,LR,LR_20km,LR_10km,ok,ssim_rank_21,TH56,0.9973132014274597,,,,
7,across_radii,LR,LR_20km,LR_10km,ok,ssim_rank_21,TH57,0.9956751465797424,,,,
7,across_radii,LR,LR_20km,LR_10km,ok,ssim_rank_21,TH58,0.9947258234024048,,,,
7,across_radii,LR,LR_20km,LR_10km,ok,jaccard_top10,TH50,0.9252563695950946,8924.0,9287.0,8752.0,9459.0
7,across_radii,LR,LR_20km,LR_10km,ok,jaccard_top10,TH51,0.9454787234042553,3595.0,3720.0,3555.0,3760.0
7,across_radii,LR,LR_20km,LR_10km,ok,jaccard_top10,TH52,0.8624002605438854,5605.0,5832.0,5296.0,6141.0
7,across_radii,LR,LR_20km,LR_10km,ok,jaccard_top10,TH53,0.8890191481047284,2454.0,2380.0,2275.0,2559.0
7,across_radii,LR,LR_20km,LR_10km,ok,jaccard_top10,TH54,0.8507265521796565,1456.0,1346.0,1288.0,1514.0
7,across_radii,LR,LR_20km,LR_10km,ok,jaccard_top10,TH55,0.9247869581326417,2541.0,2654.0,2496.0,2699.0
7,across_radii,LR,LR_20km,LR_10km,ok,jaccard_top10,TH56,0.8800554016620499,3538.0,3249.0,3177.0,3610.0
7,across_radii,LR,LR_20km,LR_10km,ok,jaccard_top10,TH57,0.9083855882665532,9373.0,8583.0,8547.0,9409.0
7,across_radii,LR,LR_20km,LR_10km,ok,jaccard_top10,TH58,0.6233766233766234,720.0,1155.0,720.0,1155.0
7,across_radii,LR,LR_25km,LR_10km,ok,ssim_raw_7,TH50,0.9799176454544067,,,,
7,across_radii,LR,LR_25km,LR_10km,ok,ssim_raw_7,TH51,0.9713655710220337,,,,
7,across_radii,LR,LR_25km,LR_10km,ok,ssim_raw_7,TH52,0.9706183671951294,,,,
7,across_radii,LR,LR_25km,LR_10km,ok,ssim_raw_7,TH53,0.9743219017982483,,,,
7,across_radii,LR,LR_25km,LR_10km,ok,ssim_raw_7,TH54,0.9639029502868652,,,,
7,across_radii,LR,LR_25km,LR_10km,ok,ssim_raw_7,TH55,0.9787014126777649,,,,
7,across_radii,LR,LR_25km,LR_10km,ok,ssim_raw_7,TH56,0.948468804359436,,,,
7,across_radii,LR,LR_25km,LR_10km,ok,ssim_raw_7,TH57,0.9427030086517334,,,,
7,across_radii,LR,LR_25km,LR_10km,ok,ssim_raw_7,TH58,0.9885156750679016,,,,
7,across_radii,LR,LR_25km,LR_10km,ok,ssim_rank_7,TH50,0.9940451383590698,,,,
7,across_radii,LR,LR_25km,LR_10km,ok,ssim_rank_7,TH51,0.9954118728637695,,,,
7,across_radii,LR,LR_25km,LR_10km,ok,ssim_rank_7,TH52,0.9923402667045593,,,,
7,across_radii,LR,LR_25km,LR_10km,ok,ssim_rank_7,TH53,0.9948656558990479,,,,
7,across_radii,LR,LR_25km,LR_10km,ok,ssim_rank_7,TH54,0.9935280084609985,,,,
7,across_radii,LR,LR_25km,LR_10km,ok,ssim_rank_7,TH55,0.9932984113693237,,,,
7,across_radii,LR,LR_25km,LR_10km,ok,ssim_rank_7,TH56,0.9935290813446045,,,,
7,across_radii,LR,LR_25km,LR_10km,ok,ssim_rank_7,TH57,0.9918835163116455,,,,
7,across_radii,LR,LR_25km,LR_10km,ok,ssim_rank_7,TH58,0.9904192686080933,,,,
7,across_radii,LR,LR_25km,LR_10km,ok,ssim_raw_21,TH50,0.9806147217750549,,,,
7,across_radii,LR,LR_25km,LR_10km,ok,ssim_raw_21,TH51,0.9734035134315491,,,,
7,across_radii,LR,LR_25km,LR_10km,ok,ssim_raw_21,TH52,0.9660571217536926,,,,
7,across_radii,LR,LR_25km,LR_10km,ok,ssim_raw_21,TH53,0.9729208946228027,,,,
7,across_radii,LR,LR_25km,LR_10km,ok,ssim_raw_21,TH54,0.9572321772575378,,,,
7,across_radii,LR,LR_25km,LR_10km,ok,ssim_raw_21,TH55,0.9722403287887573,,,,
7,across_radii,LR,LR_25km,LR_10km,ok,ssim_raw_21,TH56,0.9478838443756104,,,,
7,across_radii,LR,LR_25km,LR_10km,ok,ssim_raw_21,TH57,0.9422001242637634,,,,
7,across_radii,LR,LR_25km,LR_10km,ok,ssim_raw_21,TH58,0.9866915345191956,,,,
7,across_radii,LR,LR_25km,LR_10km,ok,ssim_rank_21,TH50,0.9958616495132446,,,,
7,across_radii,LR,LR_25km,LR_10km,ok,ssim_rank_21,TH51,0.9976411461830139,,,,
7,across_radii,LR,LR_25km,LR_10km,ok,ssim_rank_21,TH52,0.9957041144371033,,,,
7,across_radii,LR,LR_25km,LR_10km,ok,ssim_rank_21,TH53,0.9970405697822571,,,,
7,across_radii,LR,LR_25km,LR_10km,ok,ssim_rank_21,TH54,0.9961515069007874,,,,
7,across_radii,LR,LR_25km,LR_10km,ok,ssim_rank_21,TH55,0.9955930113792419,,,,
7,across_radii,LR,LR_25km,LR_10km,ok,ssim_rank_21,TH56,0.996699333190918,,,,
7,across_radii,LR,LR_25km,LR_10km,ok,ssim_rank_21,TH57,0.9944561719894409,,,,
7,across_radii,LR,LR_25km,LR_10km,ok,ssim_rank_21,TH58,0.9928067922592163,,,,
7,across_radii,LR,LR_25km,LR_10km,ok,jaccard_top10,TH50,0.9150472549644261,8747.0,9287.0,8617.0,9417.0
7,across_radii,LR,LR_25km,LR_10km,ok,jaccard_top10,TH51,0.9374334398296059,3557.0,3720.0,3521.0,3756.0
7,across_radii,LR,LR_25km,LR_10km,ok,jaccard_top10,TH52,0.8477651327725548,5371.0,5832.0,5140.0,6063.0
7,across_radii,LR,LR_25km,LR_10km,ok,jaccard_top10,TH53,0.8776489404238305,2316.0,2380.0,2195.0,2501.0
7,across_radii,LR,LR_25km,LR_10km,ok,jaccard_top10,TH54,0.8096463022508038,1468.0,1346.0,1259.0,1555.0
7,across_radii,LR,LR_25km,LR_10km,ok,jaccard_top10,TH55,0.9116042197162605,2601.0,2654.0,2506.0,2749.0
7,across_radii,LR,LR_25km,LR_10km,ok,jaccard_top10,TH56,0.8333770663867751,3738.0,3249.0,3176.0,3811.0
7,across_radii,LR,LR_25km,LR_10km,ok,jaccard_top10,TH57,0.8806554673812224,9665.0,8583.0,8545.0,9703.0
7,across_radii,LR,LR_25km,LR_10km,ok,jaccard_top10,TH58,0.6390328151986183,743.0,1155.0,740.0,1158.0
7,across_radii,LR,LR_Rinf,LR_10km,ok,ssim_raw_7,TH50,0.9694346189498901,,,,
7,across_radii,LR,LR_Rinf,LR_10km,ok,ssim_raw_7,TH51,0.9598312377929688,,,,
7,across_radii,LR,LR_Rinf,LR_10km,ok,ssim_raw_7,TH52,0.9629595279693604,,,,
7,across_radii,LR,LR_Rinf,LR_10km,ok,ssim_raw_7,TH53,0.9678549766540527,,,,
7,across_radii,LR,LR_Rinf,LR_10km,ok,ssim_raw_7,TH54,0.956240713596344,,,,
7,across_radii,LR,LR_Rinf,LR_10km,ok,ssim_raw_7,TH55,0.9674555659294128,,,,
7,across_radii,LR,LR_Rinf,LR_10km,ok,ssim_raw_7,TH56,0.9354627728462219,,,,
7,across_radii,LR,LR_Rinf,LR_10km,ok,ssim_raw_7,TH57,0.9194599390029907,,,,
7,across_radii,LR,LR_Rinf,LR_10km,ok,ssim_raw_7,TH58,0.9846775531768799,,,,
7,across_radii,LR,LR_Rinf,LR_10km,ok,ssim_rank_7,TH50,0.9908409714698792,,,,
7,across_radii,LR,LR_Rinf,LR_10km,ok,ssim_rank_7,TH51,0.9923335313796997,,,,
7,across_radii,LR,LR_Rinf,LR_10km,ok,ssim_rank_7,TH52,0.9878554344177246,,,,
7,across_radii,LR,LR_Rinf,LR_10km,ok,ssim_rank_7,TH53,0.9915479421615601,,,,
7,across_radii,LR,LR_Rinf,LR_10km,ok,ssim_rank_7,TH54,0.9900551438331604,,,,
7,across_radii,LR,LR_Rinf,LR_10km,ok,ssim_rank_7,TH55,0.9893772006034851,,,,
7,across_radii,LR,LR_Rinf,LR_10km,ok,ssim_rank_7,TH56,0.9898362755775452,,,,
7,across_radii,LR,LR_Rinf,LR_10km,ok,ssim_rank_7,TH57,0.9863646030426025,,,,
7,across_radii,LR,LR_Rinf,LR_10km,ok,ssim_rank_7,TH58,0.9874605536460876,,,,
7,across_radii,LR,LR_Rinf,LR_10km,ok,ssim_raw_21,TH50,0.9707130789756775,,,,
7,across_radii,LR,LR_Rinf,LR_10km,ok,ssim_raw_21,TH51,0.9643215537071228,,,,
7,across_radii,LR,LR_Rinf,LR_10km,ok,ssim_raw_21,TH52,0.9594255089759827,,,,
7,across_radii,LR,LR_Rinf,LR_10km,ok,ssim_raw_21,TH53,0.9671632051467896,,,,
7,across_radii,LR,LR_Rinf,LR_10km,ok,ssim_raw_21,TH54,0.9479334354400635,,,,
7,across_radii,LR,LR_Rinf,LR_10km,ok,ssim_raw_21,TH55,0.9588821530342102,,,,
7,across_radii,LR,LR_Rinf,LR_10km,ok,ssim_raw_21,TH56,0.9362612366676331,,,,
7,across_radii,LR,LR_Rinf,LR_10km,ok,ssim_raw_21,TH57,0.9213670492172241,,,,
7,across_radii,LR,LR_Rinf,LR_10km,ok,ssim_raw_21,TH58,0.9833716154098511,,,,
7,across_radii,LR,LR_Rinf,LR_10km,ok,ssim_rank_21,TH50,0.9938632845878601,,,,
7,across_radii,LR,LR_Rinf,LR_10km,ok,ssim_rank_21,TH51,0.9960469603538513,,,,
7,across_radii,LR,LR_Rinf,LR_10km,ok,ssim_rank_21,TH52,0.9935962557792664,,,,
7,across_radii,LR,LR_Rinf,LR_10km,ok,ssim_rank_21,TH53,0.9956088662147522,,,,
7,across_radii,LR,LR_Rinf,LR_10km,ok,ssim_rank_21,TH54,0.9944677948951721,,,,
7,across_radii,LR,LR_Rinf,LR_10km,ok,ssim_rank_21,TH55,0.9932219386100769,,,,
7,across_radii,LR,LR_Rinf,LR_10km,ok,ssim_rank_21,TH56,0.994917631149292,,,,
7,across_radii,LR,LR_Rinf,LR_10km,ok,ssim_rank_21,TH57,0.9909348487854004,,,,
7,across_radii,LR,LR_Rinf,LR_10km,ok,ssim_rank_21,TH58,0.9907811284065247,,,,
7,across_radii,LR,LR_Rinf,LR_10km,ok,jaccard_top10,TH50,0.8916509335011538,8748.0,9287.0,8501.0,9534.0
7,across_radii,LR,LR_Rinf,LR_10km,ok,jaccard_top10,TH51,0.9258373205741627,3525.0,3720.0,3483.0,3762.0
7,across_radii,LR,LR_Rinf,LR_10km,ok,jaccard_top10,TH52,0.7977231479953804,5064.0,5832.0,4835.0,6061.0
7,across_radii,LR,LR_Rinf,LR_10km,ok,jaccard_top10,TH53,0.8214568487727633,2221.0,2380.0,2075.0,2526.0
7,across_radii,LR,LR_Rinf,LR_10km,ok,jaccard_top10,TH54,0.7387606318347509,1516.0,1346.0,1216.0,1646.0
7,across_radii,LR,LR_Rinf,LR_10km,ok,jaccard_top10,TH55,0.8974724101103596,2676.0,2654.0,2521.0,2809.0
7,across_radii,LR,LR_Rinf,LR_10km,ok,jaccard_top10,TH56,0.8180396246089676,3725.0,3249.0,3138.0,3836.0
7,across_radii,LR,LR_Rinf,LR_10km,ok,jaccard_top10,TH57,0.8515414546542951,9975.0,8583.0,8535.0,10023.0
7,across_radii,LR,LR_Rinf,LR_10km,ok,jaccard_top10,TH58,0.6389365351629502,756.0,1155.0,745.0,1166.0
7,across_learners,1km,RF_1km,XGB_1km,ok,ssim_raw_7,TH50,0.6165092587471008,,,,
7,across_learners,1km,RF_1km,XGB_1km,ok,ssim_raw_7,TH51,0.6850728988647461,,,,
7,across_learners,1km,RF_1km,XGB_1km,ok,ssim_raw_7,TH52,0.6681778430938721,,,,
7,across_learners,1km,RF_1km,XGB_1km,ok,ssim_raw_7,TH53,0.644966721534729,,,,
7,across_learners,1km,RF_1km,XGB_1km,ok,ssim_raw_7,TH54,0.5797754526138306,,,,
7,across_learners,1km,RF_1km,XGB_1km,ok,ssim_raw_7,TH55,0.6161375045776367,,,,
7,across_learners,1km,RF_1km,XGB_1km,ok,ssim_raw_7,TH56,0.679879367351532,,,,
7,across_learners,1km,RF_1km,XGB_1km,ok,ssim_raw_7,TH57,0.6308810114860535,,,,
7,across_learners,1km,RF_1km,XGB_1km,ok,ssim_raw_7,TH58,0.6098206639289856,,,,
7,across_learners,1km,RF_1km,XGB_1km,ok,ssim_rank_7,TH50,0.5592098236083984,,,,
7,across_learners,1km,RF_1km,XGB_1km,ok,ssim_rank_7,TH51,0.652442991733551,,,,
7,across_learners,1km,RF_1km,XGB_1km,ok,ssim_rank_7,TH52,0.5794919729232788,,,,
7,across_learners,1km,RF_1km,XGB_1km,ok,ssim_rank_7,TH53,0.5243527889251709,,,,
7,across_learners,1km,RF_1km,XGB_1km,ok,ssim_rank_7,TH54,0.45967718958854675,,,,
7,across_learners,1km,RF_1km,XGB_1km,ok,ssim_rank_7,TH55,0.5722630620002747,,,,
7,across_learners,1km,RF_1km,XGB_1km,ok,ssim_rank_7,TH56,0.49626725912094116,,,,
7,across_learners,1km,RF_1km,XGB_1km,ok,ssim_rank_7,TH57,0.4212064743041992,,,,
7,across_learners,1km,RF_1km,XGB_1km,ok,ssim_rank_7,TH58,0.6389603018760681,,,,
7,across_learners,1km,RF_1km,XGB_1km,ok,ssim_raw_21,TH50,0.6439312696456909,,,,
7,across_learners,1km,RF_1km,XGB_1km,ok,ssim_raw_21,TH51,0.7181543111801147,,,,
7,across_learners,1km,RF_1km,XGB_1km,ok,ssim_raw_21,TH52,0.6937810182571411,,,,
7,across_learners,1km,RF_1km,XGB_1km,ok,ssim_raw_21,TH53,0.6683962941169739,,,,
7,across_learners,1km,RF_1km,XGB_1km,ok,ssim_raw_21,TH54,0.6039714813232422,,,,
7,across_learners,1km,RF_1km,XGB_1km,ok,ssim_raw_21,TH55,0.6469193696975708,,,,
7,across_learners,1km,RF_1km,XGB_1km,ok,ssim_raw_21,TH56,0.717998743057251,,,,
7,across_learners,1km,RF_1km,XGB_1km,ok,ssim_raw_21,TH57,0.6744552850723267,,,,
7,across_learners,1km,RF_1km,XGB_1km,ok,ssim_raw_21,TH58,0.6241087913513184,,,,
7,across_learners,1km,RF_1km,XGB_1km,ok,ssim_rank_21,TH50,0.588947057723999,,,,
7,across_learners,1km,RF_1km,XGB_1km,ok,ssim_rank_21,TH51,0.6941475868225098,,,,
7,across_learners,1km,RF_1km,XGB_1km,ok,ssim_rank_21,TH52,0.602275550365448,,,,
7,across_learners,1km,RF_1km,XGB_1km,ok,ssim_rank_21,TH53,0.5757459998130798,,,,
7,across_learners,1km,RF_1km,XGB_1km,ok,ssim_rank_21,TH54,0.47272101044654846,,,,
7,across_learners,1km,RF_1km,XGB_1km,ok,ssim_rank_21,TH55,0.6137652397155762,,,,
7,across_learners,1km,RF_1km,XGB_1km,ok,ssim_rank_21,TH56,0.5079615116119385,,,,
7,across_learners,1km,RF_1km,XGB_1km,ok,ssim_rank_21,TH57,0.42502737045288086,,,,
7,across_learners,1km,RF_1km,XGB_1km,ok,ssim_rank_21,TH58,0.6633012890815735,,,,
7,across_learners,1km,RF_1km,XGB_1km,ok,jaccard_top10,TH50,0.3818366458726244,10513.0,8537.0,5264.0,13786.0
7,across_learners,1km,RF_1km,XGB_1km,ok,jaccard_top10,TH51,0.41352714328092555,1868.0,2897.0,1394.0,3371.0
7,across_learners,1km,RF_1km,XGB_1km,ok,jaccard_top10,TH52,0.5794125771107633,8359.0,8795.0,6293.0,10861.0
7,across_learners,1km,RF_1km,XGB_1km,ok,jaccard_top10,TH53,0.3661879895561358,1878.0,2308.0,1122.0,3064.0
7,across_learners,1km,RF_1km,XGB_1km,ok,jaccard_top10,TH54,0.5531150159744409,2212.0,1677.0,1385.0,2504.0
7,across_learners,1km,RF_1km,XGB_1km,ok,jaccard_top10,TH55,0.33349729463846534,2269.0,3153.0,1356.0,4066.0
7,across_learners,1km,RF_1km,XGB_1km,ok,jaccard_top10,TH56,0.6285976729944887,2631.0,2688.0,2053.0,3266.0
7,across_learners,1km,RF_1km,XGB_1km,ok,jaccard_top10,TH57,0.4067486904616884,5443.0,6105.0,3339.0,8209.0
7,across_learners,1km,RF_1km,XGB_1km,ok,jaccard_top10,TH58,0.3096957194430119,3033.0,2046.0,1201.0,3878.0
7,across_learners,1km,RF_1km,LR_1km,ok,ssim_raw_7,TH50,0.11338892579078674,,,,
7,across_learners,1km,RF_1km,LR_1km,ok,ssim_raw_7,TH51,0.2514396607875824,,,,
7,across_learners,1km,RF_1km,LR_1km,ok,ssim_raw_7,TH52,0.36579620838165283,,,,
7,across_learners,1km,RF_1km,LR_1km,ok,ssim_raw_7,TH53,0.22517311573028564,,,,
7,across_learners,1km,RF_1km,LR_1km,ok,ssim_raw_7,TH54,0.3624579906463623,,,,
7,across_learners,1km,RF_1km,LR_1km,ok,ssim_raw_7,TH55,0.10645603388547897,,,,
7,across_learners,1km,RF_1km,LR_1km,ok,ssim_raw_7,TH56,0.40698373317718506,,,,
7,across_learners,1km,RF_1km,LR_1km,ok,ssim_raw_7,TH57,0.3748108744621277,,,,
7,across_learners,1km,RF_1km,LR_1km,ok,ssim_raw_7,TH58,-0.07197410613298416,,,,
7,across_learners,1km,RF_1km,LR_1km,ok,ssim_rank_7,TH50,-0.07840055972337723,,,,
7,across_learners,1km,RF_1km,LR_1km,ok,ssim_rank_7,TH51,-0.008700864389538765,,,,
7,across_learners,1km,RF_1km,LR_1km,ok,ssim_rank_7,TH52,0.21692822873592377,,,,
7,across_learners,1km,RF_1km,LR_1km,ok,ssim_rank_7,TH53,0.013996588997542858,,,,
7,across_learners,1km,RF_1km,LR_1km,ok,ssim_rank_7,TH54,0.22023479640483856,,,,
7,across_learners,1km,RF_1km,LR_1km,ok,ssim_rank_7,TH55,-0.09982005506753922,,,,
7,across_learners,1km,RF_1km,LR_1km,ok,ssim_rank_7,TH56,0.17689286172389984,,,,
7,across_learners,1km,RF_1km,LR_1km,ok,ssim_rank_7,TH57,0.13034772872924805,,,,
7,across_learners,1km,RF_1km,LR_1km,ok,ssim_rank_7,TH58,-0.2775712311267853,,,,
7,across_learners,1km,RF_1km,LR_1km,ok,ssim_raw_21,TH50,0.12608754634857178,,,,
7,across_learners,1km,RF_1km,LR_1km,ok,ssim_raw_21,TH51,0.32505062222480774,,,,
7,across_learners,1km,RF_1km,LR_1km,ok,ssim_raw_21,TH52,0.40920329093933105,,,,
7,across_learners,1km,RF_1km,LR_1km,ok,ssim_raw_21,TH53,0.2883303165435791,,,,
7,across_learners,1km,RF_1km,LR_1km,ok,ssim_raw_21,TH54,0.41389957070350647,,,,
7,across_learners,1km,RF_1km,LR_1km,ok,ssim_raw_21,TH55,0.1461748480796814,,,,
7,across_learners,1km,RF_1km,LR_1km,ok,ssim_raw_21,TH56,0.4443090260028839,,,,
7,across_learners,1km,RF_1km,LR_1km,ok,ssim_raw_21,TH57,0.412545770406723,,,,
7,across_learners,1km,RF_1km,LR_1km,ok,ssim_raw_21,TH58,-0.09645416587591171,,,,
7,across_learners,1km,RF_1km,LR_1km,ok,ssim_rank_21,TH50,-0.1163453683257103,,,,
7,across_learners,1km,RF_1km,LR_1km,ok,ssim_rank_21,TH51,-0.0032911240123212337,,,,
7,across_learners,1km,RF_1km,LR_1km,ok,ssim_rank_21,TH52,0.23623795807361603,,,,
7,across_learners,1km,RF_1km,LR_1km,ok,ssim_rank_21,TH53,0.019774045795202255,,,,
7,across_learners,1km,RF_1km,LR_1km,ok,ssim_rank_21,TH54,0.2391650527715683,,,,
7,across_learners,1km,RF_1km,LR_1km,ok,ssim_rank_21,TH55,-0.11125234514474869,,,,
7,across_learners,1km,RF_1km,LR_1km,ok,ssim_rank_21,TH56,0.1387280821800232,,,,
7,across_learners,1km,RF_1km,LR_1km,ok,ssim_rank_21,TH57,0.07462465763092041,,,,
7,across_learners,1km,RF_1km,LR_1km,ok,ssim_rank_21,TH58,-0.3194710314273834,,,,
7,across_learners,1km,RF_1km,LR_1km,ok,jaccard_top10,TH50,0.2057768318637884,10513.0,9316.0,3384.0,16445.0
7,across_learners,1km,RF_1km,LR_1km,ok,jaccard_top10,TH51,0.33713355048859933,1868.0,3058.0,1242.0,3684.0
7,across_learners,1km,RF_1km,LR_1km,ok,jaccard_top10,TH52,0.51062124248497,8359.0,10486.0,6370.0,12475.0
7,across_learners,1km,RF_1km,LR_1km,ok,jaccard_top10,TH53,0.2301175184476633,1878.0,2623.0,842.0,3659.0
7,across_learners,1km,RF_1km,LR_1km,ok,jaccard_top10,TH54,0.520573566084788,2212.0,2666.0,1670.0,3208.0
7,across_learners,1km,RF_1km,LR_1km,ok,jaccard_top10,TH55,0.3334342822531799,2269.0,2134.0,1101.0,3302.0
7,across_learners,1km,RF_1km,LR_1km,ok,jaccard_top10,TH56,0.5835227272727272,2631.0,2943.0,2054.0,3520.0
7,across_learners,1km,RF_1km,LR_1km,ok,jaccard_top10,TH57,0.35815842924847663,5443.0,2581.0,2116.0,5908.0
7,across_learners,1km,RF_1km,LR_1km,ok,jaccard_top10,TH58,0.058663028649386086,3033.0,2399.0,301.0,5131.0
7,across_learners,1km,XGB_1km,LR_1km,ok,ssim_raw_7,TH50,0.029995780438184738,,,,
7,across_learners,1km,XGB_1km,LR_1km,ok,ssim_raw_7,TH51,0.17424531280994415,,,,
7,across_learners,1km,XGB_1km,LR_1km,ok,ssim_raw_7,TH52,0.3019168972969055,,,,
7,across_learners,1km,XGB_1km,LR_1km,ok,ssim_raw_7,TH53,0.15147729218006134,,,,
7,across_learners,1km,XGB_1km,LR_1km,ok,ssim_raw_7,TH54,0.23066864907741547,,,,
7,across_learners,1km,XGB_1km,LR_1km,ok,ssim_raw_7,TH55,0.059755872935056686,,,,
7,across_learners,1km,XGB_1km,LR_1km,ok,ssim_raw_7,TH56,0.3416808545589447,,,,
7,across_learners,1km,XGB_1km,LR_1km,ok,ssim_raw_7,TH57,0.34808021783828735,,,,
7,across_learners,1km,XGB_1km,LR_1km,ok,ssim_raw_7,TH58,-0.15690337121486664,,,,
7,across_learners,1km,XGB_1km,LR_1km,ok,ssim_rank_7,TH50,-0.14820173382759094,,,,
7,across_learners,1km,XGB_1km,LR_1km,ok,ssim_rank_7,TH51,-0.04549214243888855,,,,
7,across_learners,1km,XGB_1km,LR_1km,ok,ssim_rank_7,TH52,0.1623784899711609,,,,
7,across_learners,1km,XGB_1km,LR_1km,ok,ssim_rank_7,TH53,-0.04264865815639496,,,,
7,across_learners,1km,XGB_1km,LR_1km,ok,ssim_rank_7,TH54,0.0832226350903511,,,,
7,across_learners,1km,XGB_1km,LR_1km,ok,ssim_rank_7,TH55,-0.11660129576921463,,,,
7,across_learners,1km,XGB_1km,LR_1km,ok,ssim_rank_7,TH56,0.14146851003170013,,,,
7,across_learners,1km,XGB_1km,LR_1km,ok,ssim_rank_7,TH57,0.12780097126960754,,,,
7,across_learners,1km,XGB_1km,LR_1km,ok,ssim_rank_7,TH58,-0.33376654982566833,,,,
7,across_learners,1km,XGB_1km,LR_1km,ok,ssim_raw_21,TH50,0.06416233628988266,,,,
7,across_learners,1km,XGB_1km,LR_1km,ok,ssim_raw_21,TH51,0.26191794872283936,,,,
7,across_learners,1km,XGB_1km,LR_1km,ok,ssim_raw_21,TH52,0.3634072542190552,,,,
7,across_learners,1km,XGB_1km,LR_1km,ok,ssim_raw_21,TH53,0.2148803472518921,,,,
7,across_learners,1km,XGB_1km,LR_1km,ok,ssim_raw_21,TH54,0.2781182825565338,,,,
7,across_learners,1km,XGB_1km,LR_1km,ok,ssim_raw_21,TH55,0.11425527930259705,,,,
7,across_learners,1km,XGB_1km,LR_1km,ok,ssim_raw_21,TH56,0.40467584133148193,,,,
7,across_learners,1km,XGB_1km,LR_1km,ok,ssim_raw_21,TH57,0.40208184719085693,,,,
7,across_learners,1km,XGB_1km,LR_1km,ok,ssim_raw_21,TH58,-0.15100933611392975,,,,
7,across_learners,1km,XGB_1km,LR_1km,ok,ssim_rank_21,TH50,-0.15702573955059052,,,,
7,across_learners,1km,XGB_1km,LR_1km,ok,ssim_rank_21,TH51,-0.012472228147089481,,,,
7,across_learners,1km,XGB_1km,LR_1km,ok,ssim_rank_21,TH52,0.19734229147434235,,,,
7,across_learners,1km,XGB_1km,LR_1km,ok,ssim_rank_21,TH53,-0.04333699122071266,,,,
7,across_learners,1km,XGB_1km,LR_1km,ok,ssim_rank_21,TH54,0.09724602103233337,,,,
7,across_learners,1km,XGB_1km,LR_1km,ok,ssim_rank_21,TH55,-0.12994706630706787,,,,
7,across_learners,1km,XGB_1km,LR_1km,ok,ssim_rank_21,TH56,0.1577216386795044,,,,
7,across_learners,1km,XGB_1km,LR_1km,ok,ssim_rank_21,TH57,0.11397530883550644,,,,
7,across_learners,1km,XGB_1km,LR_1km,ok,ssim_rank_21,TH58,-0.35701724886894226,,,,
7,across_learners,1km,XGB_1km,LR_1km,ok,jaccard_top10,TH50,0.21267490830050265,8537.0,9316.0,3131.0,14722.0
7,across_learners,1km,XGB_1km,LR_1km,ok,jaccard_top10,TH51,0.2911968777103209,2897.0,3058.0,1343.0,4612.0
7,across_learners,1km,XGB_1km,LR_1km,ok,jaccard_top10,TH52,0.49511476426799006,8795.0,10486.0,6385.0,12896.0
7,across_learners,1km,XGB_1km,LR_1km,ok,jaccard_top10,TH53,0.2029763356916321,2308.0,2623.0,832.0,4099.0
7,across_learners,1km,XGB_1km,LR_1km,ok,jaccard_top10,TH54,0.45202273487128053,1677.0,2666.0,1352.0,2991.0
7,across_learners,1km,XGB_1km,LR_1km,ok,jaccard_top10,TH55,0.2522501184272856,3153.0,2134.0,1065.0,4222.0
7,across_learners,1km,XGB_1km,LR_1km,ok,jaccard_top10,TH56,0.6029035012809565,2688.0,2943.0,2118.0,3513.0
7,across_learners,1km,XGB_1km,LR_1km,ok,jaccard_top10,TH57,0.27585193889541715,6105.0,2581.0,1878.0,6808.0
7,across_learners,1km,XGB_1km,LR_1km,ok,jaccard_top10,TH58,0.06569168065212179,2046.0,2399.0,274.0,4171.0
7,across_learners,5km,RF_5km,XGB_5km,ok,ssim_raw_7,TH50,0.5101506114006042,,,,
7,across_learners,5km,RF_5km,XGB_5km,ok,ssim_raw_7,TH51,0.63719642162323,,,,
7,across_learners,5km,RF_5km,XGB_5km,ok,ssim_raw_7,TH52,0.5974038243293762,,,,
7,across_learners,5km,RF_5km,XGB_5km,ok,ssim_raw_7,TH53,0.6222601532936096,,,,
7,across_learners,5km,RF_5km,XGB_5km,ok,ssim_raw_7,TH54,0.5841858386993408,,,,
7,across_learners,5km,RF_5km,XGB_5km,ok,ssim_raw_7,TH55,0.5645178556442261,,,,
7,across_learners,5km,RF_5km,XGB_5km,ok,ssim_raw_7,TH56,0.584643542766571,,,,
7,across_learners,5km,RF_5km,XGB_5km,ok,ssim_raw_7,TH57,0.6784537434577942,,,,
7,across_learners,5km,RF_5km,XGB_5km,ok,ssim_raw_7,TH58,0.42017796635627747,,,,
7,across_learners,5km,RF_5km,XGB_5km,ok,ssim_rank_7,TH50,0.5408470630645752,,,,
7,across_learners,5km,RF_5km,XGB_5km,ok,ssim_rank_7,TH51,0.6401488184928894,,,,
7,across_learners,5km,RF_5km,XGB_5km,ok,ssim_rank_7,TH52,0.5849171280860901,,,,
7,across_learners,5km,RF_5km,XGB_5km,ok,ssim_rank_7,TH53,0.6003547310829163,,,,
7,across_learners,5km,RF_5km,XGB_5km,ok,ssim_rank_7,TH54,0.6018012762069702,,,,
7,across_learners,5km,RF_5km,XGB_5km,ok,ssim_rank_7,TH55,0.5021659731864929,,,,
7,across_learners,5km,RF_5km,XGB_5km,ok,ssim_rank_7,TH56,0.6042529344558716,,,,
7,across_learners,5km,RF_5km,XGB_5km,ok,ssim_rank_7,TH57,0.6174803376197815,,,,
7,across_learners,5km,RF_5km,XGB_5km,ok,ssim_rank_7,TH58,0.48899176716804504,,,,
7,across_learners,5km,RF_5km,XGB_5km,ok,ssim_raw_21,TH50,0.5060608983039856,,,,
7,across_learners,5km,RF_5km,XGB_5km,ok,ssim_raw_21,TH51,0.665721595287323,,,,
7,across_learners,5km,RF_5km,XGB_5km,ok,ssim_raw_21,TH52,0.6018451452255249,,,,
7,across_learners,5km,RF_5km,XGB_5km,ok,ssim_raw_21,TH53,0.6144574880599976,,,,
7,across_learners,5km,RF_5km,XGB_5km,ok,ssim_raw_21,TH54,0.5425830483436584,,,,
7,across_learners,5km,RF_5km,XGB_5km,ok,ssim_raw_21,TH55,0.5756494998931885,,,,
7,across_learners,5km,RF_5km,XGB_5km,ok,ssim_raw_21,TH56,0.5677728056907654,,,,
7,across_learners,5km,RF_5km,XGB_5km,ok,ssim_raw_21,TH57,0.7259796261787415,,,,
7,across_learners,5km,RF_5km,XGB_5km,ok,ssim_raw_21,TH58,0.39873337745666504,,,,
7,across_learners,5km,RF_5km,XGB_5km,ok,ssim_rank_21,TH50,0.6275696158409119,,,,
7,across_learners,5km,RF_5km,XGB_5km,ok,ssim_rank_21,TH51,0.763152003288269,,,,
7,across_learners,5km,RF_5km,XGB_5km,ok,ssim_rank_21,TH52,0.6942468285560608,,,,
7,across_learners,5km,RF_5km,XGB_5km,ok,ssim_rank_21,TH53,0.7650500535964966,,,,
7,across_learners,5km,RF_5km,XGB_5km,ok,ssim_rank_21,TH54,0.7294641733169556,,,,
7,across_learners,5km,RF_5km,XGB_5km,ok,ssim_rank_21,TH55,0.6392167806625366,,,,
7,across_learners,5km,RF_5km,XGB_5km,ok,ssim_rank_21,TH56,0.743125319480896,,,,
7,across_learners,5km,RF_5km,XGB_5km,ok,ssim_rank_21,TH57,0.7580023407936096,,,,
7,across_learners,5km,RF_5km,XGB_5km,ok,ssim_rank_21,TH58,0.592596709728241,,,,
7,across_learners,5km,RF_5km,XGB_5km,ok,jaccard_top10,TH50,0.6166743014200642,8578.0,9068.0,6731.0,10915.0
7,across_learners,5km,RF_5km,XGB_5km,ok,jaccard_top10,TH51,0.6681805279591257,2980.0,2897.0,2354.0,3523.0
7,across_learners,5km,RF_5km,XGB_5km,ok,jaccard_top10,TH52,0.6125341954737628,6242.0,6726.0,4926.0,8042.0
7,across_learners,5km,RF_5km,XGB_5km,ok,jaccard_top10,TH53,0.5064316341114816,3390.0,2934.0,2126.0,4198.0
7,across_learners,5km,RF_5km,XGB_5km,ok,jaccard_top10,TH54,0.43961708394698085,2220.0,1690.0,1194.0,2716.0
7,across_learners,5km,RF_5km,XGB_5km,ok,jaccard_top10,TH55,0.5366795366795367,2812.0,3158.0,2085.0,3885.0
7,across_learners,5km,RF_5km,XGB_5km,ok,jaccard_top10,TH56,0.4723544489198096,2462.0,1559.0,1290.0,2731.0
7,across_learners,5km,RF_5km,XGB_5km,ok,jaccard_top10,TH57,0.5796735503652268,8390.0,9127.0,6428.0,11089.0
7,across_learners,5km,RF_5km,XGB_5km,ok,jaccard_top10,TH58,0.48737201365187716,1132.0,1047.0,714.0,1465.0
7,across_learners,5km,RF_5km,LR_5km,ok,ssim_raw_7,TH50,0.3487846553325653,,,,
7,across_learners,5km,RF_5km,LR_5km,ok,ssim_raw_7,TH51,0.5005419254302979,,,,
7,across_learners,5km,RF_5km,LR_5km,ok,ssim_raw_7,TH52,0.42181023955345154,,,,
7,across_learners,5km,RF_5km,LR_5km,ok,ssim_raw_7,TH53,0.510925829410553,,,,
7,across_learners,5km,RF_5km,LR_5km,ok,ssim_raw_7,TH54,0.4981149733066559,,,,
7,across_learners,5km,RF_5km,LR_5km,ok,ssim_raw_7,TH55,0.3550065755844116,,,,
7,across_learners,5km,RF_5km,LR_5km,ok,ssim_raw_7,TH56,0.5036023259162903,,,,
7,across_learners,5km,RF_5km,LR_5km,ok,ssim_raw_7,TH57,0.5254843831062317,,,,
7,across_learners,5km,RF_5km,LR_5km,ok,ssim_raw_7,TH58,0.20646509528160095,,,,
7,across_learners,5km,RF_5km,LR_5km,ok,ssim_rank_7,TH50,0.13419441878795624,,,,
7,across_learners,5km,RF_5km,LR_5km,ok,ssim_rank_7,TH51,0.33029282093048096,,,,
7,across_learners,5km,RF_5km,LR_5km,ok,ssim_rank_7,TH52,0.25417134165763855,,,,
7,across_learners,5km,RF_5km,LR_5km,ok,ssim_rank_7,TH53,0.2313275933265686,,,,
7,across_learners,5km,RF_5km,LR_5km,ok,ssim_rank_7,TH54,0.19994644820690155,,,,
7,across_learners,5km,RF_5km,LR_5km,ok,ssim_rank_7,TH55,0.08908483386039734,,,,
7,across_learners,5km,RF_5km,LR_5km,ok,ssim_rank_7,TH56,0.2398303747177124,,,,
7,across_learners,5km,RF_5km,LR_5km,ok,ssim_rank_7,TH57,0.3220813572406769,,,,
7,across_learners,5km,RF_5km,LR_5km,ok,ssim_rank_7,TH58,-0.04662330448627472,,,,
7,across_learners,5km,RF_5km,LR_5km,ok,ssim_raw_21,TH50,0.3936914801597595,,,,
7,across_learners,5km,RF_5km,LR_5km,ok,ssim_raw_21,TH51,0.609423041343689,,,,
7,across_learners,5km,RF_5km,LR_5km,ok,ssim_raw_21,TH52,0.48322048783302307,,,,
7,across_learners,5km,RF_5km,LR_5km,ok,ssim_raw_21,TH53,0.6264577507972717,,,,
7,across_learners,5km,RF_5km,LR_5km,ok,ssim_raw_21,TH54,0.5370630621910095,,,,
7,across_learners,5km,RF_5km,LR_5km,ok,ssim_raw_21,TH55,0.42389529943466187,,,,
7,across_learners,5km,RF_5km,LR_5km,ok,ssim_raw_21,TH56,0.5704872608184814,,,,
7,across_learners,5km,RF_5km,LR_5km,ok,ssim_raw_21,TH57,0.6088278889656067,,,,
7,across_learners,5km,RF_5km,LR_5km,ok,ssim_raw_21,TH58,0.23556570708751678,,,,
7,across_learners,5km,RF_5km,LR_5km,ok,ssim_rank_21,TH50,0.16385097801685333,,,,
7,across_learners,5km,RF_5km,LR_5km,ok,ssim_rank_21,TH51,0.4892602562904358,,,,
7,across_learners,5km,RF_5km,LR_5km,ok,ssim_rank_21,TH52,0.322465181350708,,,,
7,across_learners,5km,RF_5km,LR_5km,ok,ssim_rank_21,TH53,0.40366560220718384,,,,
7,across_learners,5km,RF_5km,LR_5km,ok,ssim_rank_21,TH54,0.29872897267341614,,,,
7,across_learners,5km,RF_5km,LR_5km,ok,ssim_rank_21,TH55,0.17952130734920502,,,,
7,across_learners,5km,RF_5km,LR_5km,ok,ssim_rank_21,TH56,0.3209850788116455,,,,
7,across_learners,5km,RF_5km,LR_5km,ok,ssim_rank_21,TH57,0.4168965518474579,,,,
7,across_learners,5km,RF_5km,LR_5km,ok,ssim_rank_21,TH58,-0.0121474489569664,,,,
7,across_learners,5km,RF_5km,LR_5km,ok,jaccard_top10,TH50,0.5662196511525989,8578.0,9291.0,6460.0,11409.0
7,across_learners,5km,RF_5km,LR_5km,ok,jaccard_top10,TH51,0.5730994152046783,2980.0,3745.0,2450.0,4275.0
7,across_learners,5km,RF_5km,LR_5km,ok,jaccard_top10,TH52,0.4524816381037169,6242.0,6810.0,4066.0,8986.0
7,across_learners,5km,RF_5km,LR_5km,ok,jaccard_top10,TH53,0.4552220888355342,3390.0,2671.0,1896.0,4165.0
7,across_learners,5km,RF_5km,LR_5km,ok,jaccard_top10,TH54,0.36838288614938364,2220.0,1554.0,1016.0,2758.0
7,across_learners,5km,RF_5km,LR_5km,ok,jaccard_top10,TH55,0.5024099801531047,2812.0,2487.0,1772.0,3527.0
7,across_learners,5km,RF_5km,LR_5km,ok,jaccard_top10,TH56,0.42334998685248487,2462.0,2951.0,1610.0,3803.0
7,across_learners,5km,RF_5km,LR_5km,ok,jaccard_top10,TH57,0.5490845344760421,8390.0,7516.0,5638.0,10268.0
7,across_learners,5km,RF_5km,LR_5km,ok,jaccard_top10,TH58,0.285,1132.0,1181.0,513.0,1800.0
7,across_learners,5km,XGB_5km,LR_5km,ok,ssim_raw_7,TH50,0.484237939119339,,,,
7,across_learners,5km,XGB_5km,LR_5km,ok,ssim_raw_7,TH51,0.4870629906654358,,,,
7,across_learners,5km,XGB_5km,LR_5km,ok,ssim_raw_7,TH52,0.5259125828742981,,,,
7,across_learners,5km,XGB_5km,LR_5km,ok,ssim_raw_7,TH53,0.5486223697662354,,,,
7,across_learners,5km,XGB_5km,LR_5km,ok,ssim_raw_7,TH54,0.5643723011016846,,,,
7,across_learners,5km,XGB_5km,LR_5km,ok,ssim_raw_7,TH55,0.5037656426429749,,,,
7,across_learners,5km,XGB_5km,LR_5km,ok,ssim_raw_7,TH56,0.48271605372428894,,,,
7,across_learners,5km,XGB_5km,LR_5km,ok,ssim_raw_7,TH57,0.5661149024963379,,,,
7,across_learners,5km,XGB_5km,LR_5km,ok,ssim_raw_7,TH58,0.4759429693222046,,,,
7,across_learners,5km,XGB_5km,LR_5km,ok,ssim_rank_7,TH50,0.18575438857078552,,,,
7,across_learners,5km,XGB_5km,LR_5km,ok,ssim_rank_7,TH51,0.40961411595344543,,,,
7,across_learners,5km,XGB_5km,LR_5km,ok,ssim_rank_7,TH52,0.3664318025112152,,,,
7,across_learners,5km,XGB_5km,LR_5km,ok,ssim_rank_7,TH53,0.33643245697021484,,,,
7,across_learners,5km,XGB_5km,LR_5km,ok,ssim_rank_7,TH54,0.3059479892253876,,,,
7,across_learners,5km,XGB_5km,LR_5km,ok,ssim_rank_7,TH55,0.15366311371326447,,,,
7,across_learners,5km,XGB_5km,LR_5km,ok,ssim_rank_7,TH56,0.3822155296802521,,,,
7,across_learners,5km,XGB_5km,LR_5km,ok,ssim_rank_7,TH57,0.3971930146217346,,,,
7,across_learners,5km,XGB_5km,LR_5km,ok,ssim_rank_7,TH58,-0.012531164102256298,,,,
7,across_learners,5km,XGB_5km,LR_5km,ok,ssim_raw_21,TH50,0.4683646261692047,,,,
7,across_learners,5km,XGB_5km,LR_5km,ok,ssim_raw_21,TH51,0.4873692989349365,,,,
7,across_learners,5km,XGB_5km,LR_5km,ok,ssim_raw_21,TH52,0.5204119682312012,,,,
7,across_learners,5km,XGB_5km,LR_5km,ok,ssim_raw_21,TH53,0.5914357900619507,,,,
7,across_learners,5km,XGB_5km,LR_5km,ok,ssim_raw_21,TH54,0.5642401576042175,,,,
7,across_learners,5km,XGB_5km,LR_5km,ok,ssim_raw_21,TH55,0.48308703303337097,,,,
7,across_learners,5km,XGB_5km,LR_5km,ok,ssim_raw_21,TH56,0.49219220876693726,,,,
7,across_learners,5km,XGB_5km,LR_5km,ok,ssim_raw_21,TH57,0.628899097442627,,,,
7,across_learners,5km,XGB_5km,LR_5km,ok,ssim_raw_21,TH58,0.42687156796455383,,,,
7,across_learners,5km,XGB_5km,LR_5km,ok,ssim_rank_21,TH50,0.2822484076023102,,,,
7,across_learners,5km,XGB_5km,LR_5km,ok,ssim_rank_21,TH51,0.5941998958587646,,,,
7,across_learners,5km,XGB_5km,LR_5km,ok,ssim_rank_21,TH52,0.4914039969444275,,,,
7,across_learners,5km,XGB_5km,LR_5km,ok,ssim_rank_21,TH53,0.49638354778289795,,,,
7,across_learners,5km,XGB_5km,LR_5km,ok,ssim_rank_21,TH54,0.4113982319831848,,,,
7,across_learners,5km,XGB_5km,LR_5km,ok,ssim_rank_21,TH55,0.2656891942024231,,,,
7,across_learners,5km,XGB_5km,LR_5km,ok,ssim_rank_21,TH56,0.4900365173816681,,,,
7,across_learners,5km,XGB_5km,LR_5km,ok,ssim_rank_21,TH57,0.49131736159324646,,,,
7,across_learners,5km,XGB_5km,LR_5km,ok,ssim_rank_21,TH58,0.07514743506908417,,,,
7,across_learners,5km,XGB_5km,LR_5km,ok,jaccard_top10,TH50,0.5211699395144586,9068.0,9291.0,6290.0,12069.0
7,across_learners,5km,XGB_5km,LR_5km,ok,jaccard_top10,TH51,0.579172610556348,2897.0,3745.0,2436.0,4206.0
7,across_learners,5km,XGB_5km,LR_5km,ok,jaccard_top10,TH52,0.43984682480587173,6726.0,6810.0,4135.0,9401.0
7,across_learners,5km,XGB_5km,LR_5km,ok,jaccard_top10,TH53,0.37884378843788435,2934.0,2671.0,1540.0,4065.0
7,across_learners,5km,XGB_5km,LR_5km,ok,jaccard_top10,TH54,0.3687763713080169,1690.0,1554.0,874.0,2370.0
7,across_learners,5km,XGB_5km,LR_5km,ok,jaccard_top10,TH55,0.41656210790464243,3158.0,2487.0,1660.0,3985.0
7,across_learners,5km,XGB_5km,LR_5km,ok,jaccard_top10,TH56,0.34506412168207573,1559.0,2951.0,1157.0,3353.0
7,across_learners,5km,XGB_5km,LR_5km,ok,jaccard_top10,TH57,0.49828952106589847,9127.0,7516.0,5535.0,11108.0
7,across_learners,5km,XGB_5km,LR_5km,ok,jaccard_top10,TH58,0.264472190692395,1047.0,1181.0,466.0,1762.0
7,across_learners,10km,RF_10km,XGB_10km,ok,ssim_raw_7,TH50,0.5832331776618958,,,,
7,across_learners,10km,RF_10km,XGB_10km,ok,ssim_raw_7,TH51,0.6723217368125916,,,,
7,across_learners,10km,RF_10km,XGB_10km,ok,ssim_raw_7,TH52,0.6193896532058716,,,,
7,across_learners,10km,RF_10km,XGB_10km,ok,ssim_raw_7,TH53,0.6578271389007568,,,,
7,across_learners,10km,RF_10km,XGB_10km,ok,ssim_raw_7,TH54,0.5827634930610657,,,,
7,across_learners,10km,RF_10km,XGB_10km,ok,ssim_raw_7,TH55,0.6094949245452881,,,,
7,across_learners,10km,RF_10km,XGB_10km,ok,ssim_raw_7,TH56,0.6394855976104736,,,,
7,across_learners,10km,RF_10km,XGB_10km,ok,ssim_raw_7,TH57,0.6989810466766357,,,,
7,across_learners,10km,RF_10km,XGB_10km,ok,ssim_raw_7,TH58,0.514990508556366,,,,
7,across_learners,10km,RF_10km,XGB_10km,ok,ssim_rank_7,TH50,0.5504181385040283,,,,
7,across_learners,10km,RF_10km,XGB_10km,ok,ssim_rank_7,TH51,0.674269437789917,,,,
7,across_learners,10km,RF_10km,XGB_10km,ok,ssim_rank_7,TH52,0.6025682687759399,,,,
7,across_learners,10km,RF_10km,XGB_10km,ok,ssim_rank_7,TH53,0.6289568543434143,,,,
7,across_learners,10km,RF_10km,XGB_10km,ok,ssim_rank_7,TH54,0.6158215403556824,,,,
7,across_learners,10km,RF_10km,XGB_10km,ok,ssim_rank_7,TH55,0.5129191875457764,,,,
7,across_learners,10km,RF_10km,XGB_10km,ok,ssim_rank_7,TH56,0.6505135893821716,,,,
7,across_learners,10km,RF_10km,XGB_10km,ok,ssim_rank_7,TH57,0.6916752457618713,,,,
7,across_learners,10km,RF_10km,XGB_10km,ok,ssim_rank_7,TH58,0.4658242464065552,,,,
7,across_learners,10km,RF_10km,XGB_10km,ok,ssim_raw_21,TH50,0.5624706149101257,,,,
7,across_learners,10km,RF_10km,XGB_10km,ok,ssim_raw_21,TH51,0.6949083805084229,,,,
7,across_learners,10km,RF_10km,XGB_10km,ok,ssim_raw_21,TH52,0.6040695309638977,,,,
7,across_learners,10km,RF_10km,XGB_10km,ok,ssim_raw_21,TH53,0.6570317149162292,,,,
7,across_learners,10km,RF_10km,XGB_10km,ok,ssim_raw_21,TH54,0.5129992961883545,,,,
7,across_learners,10km,RF_10km,XGB_10km,ok,ssim_raw_21,TH55,0.5910813212394714,,,,
7,across_learners,10km,RF_10km,XGB_10km,ok,ssim_raw_21,TH56,0.6108565926551819,,,,
7,across_learners,10km,RF_10km,XGB_10km,ok,ssim_raw_21,TH57,0.7506392598152161,,,,
7,across_learners,10km,RF_10km,XGB_10km,ok,ssim_raw_21,TH58,0.47179117798805237,,,,
7,across_learners,10km,RF_10km,XGB_10km,ok,ssim_rank_21,TH50,0.6265432238578796,,,,
7,across_learners,10km,RF_10km,XGB_10km,ok,ssim_rank_21,TH51,0.7862411141395569,,,,
7,across_learners,10km,RF_10km,XGB_10km,ok,ssim_rank_21,TH52,0.6952713131904602,,,,
7,across_learners,10km,RF_10km,XGB_10km,ok,ssim_rank_21,TH53,0.7638670802116394,,,,
7,across_learners,10km,RF_10km,XGB_10km,ok,ssim_rank_21,TH54,0.7271907329559326,,,,
7,across_learners,10km,RF_10km,XGB_10km,ok,ssim_rank_21,TH55,0.6228183507919312,,,,
7,across_learners,10km,RF_10km,XGB_10km,ok,ssim_rank_21,TH56,0.7616680264472961,,,,
7,across_learners,10km,RF_10km,XGB_10km,ok,ssim_rank_21,TH57,0.7833244800567627,,,,
7,across_learners,10km,RF_10km,XGB_10km,ok,ssim_rank_21,TH58,0.5658074021339417,,,,
7,across_learners,10km,RF_10km,XGB_10km,ok,jaccard_top10,TH50,0.6867001611527159,8639.0,9154.0,7244.0,10549.0
7,across_learners,10km,RF_10km,XGB_10km,ok,jaccard_top10,TH51,0.726475279106858,3166.0,3329.0,2733.0,3762.0
7,across_learners,10km,RF_10km,XGB_10km,ok,jaccard_top10,TH52,0.6630404463040447,6007.0,5917.0,4754.0,7170.0
7,across_learners,10km,RF_10km,XGB_10km,ok,jaccard_top10,TH53,0.5059288537549407,3088.0,2627.0,1920.0,3795.0
7,across_learners,10km,RF_10km,XGB_10km,ok,jaccard_top10,TH54,0.5278675282714055,2031.0,1752.0,1307.0,2476.0
7,across_learners,10km,RF_10km,XGB_10km,ok,jaccard_top10,TH55,0.6021782745772427,2650.0,2940.0,2101.0,3489.0
7,across_learners,10km,RF_10km,XGB_10km,ok,jaccard_top10,TH56,0.49095022624434387,2901.0,1712.0,1519.0,3094.0
7,across_learners,10km,RF_10km,XGB_10km,ok,jaccard_top10,TH57,0.6755511384170582,8838.0,9707.0,7477.0,11068.0
7,across_learners,10km,RF_10km,XGB_10km,ok,jaccard_top10,TH58,0.5544948289578361,886.0,1068.0,697.0,1257.0
7,across_learners,10km,RF_10km,LR_10km,ok,ssim_raw_7,TH50,0.49400201439857483,,,,
7,across_learners,10km,RF_10km,LR_10km,ok,ssim_raw_7,TH51,0.6043543219566345,,,,
7,across_learners,10km,RF_10km,LR_10km,ok,ssim_raw_7,TH52,0.5674250721931458,,,,
7,across_learners,10km,RF_10km,LR_10km,ok,ssim_raw_7,TH53,0.6288805603981018,,,,
7,across_learners,10km,RF_10km,LR_10km,ok,ssim_raw_7,TH54,0.6231010556221008,,,,
7,across_learners,10km,RF_10km,LR_10km,ok,ssim_raw_7,TH55,0.516604483127594,,,,
7,across_learners,10km,RF_10km,LR_10km,ok,ssim_raw_7,TH56,0.6003324389457703,,,,
7,across_learners,10km,RF_10km,LR_10km,ok,ssim_raw_7,TH57,0.612525463104248,,,,
7,across_learners,10km,RF_10km,LR_10km,ok,ssim_raw_7,TH58,0.3872058689594269,,,,
7,across_learners,10km,RF_10km,LR_10km,ok,ssim_rank_7,TH50,0.23728971183300018,,,,
7,across_learners,10km,RF_10km,LR_10km,ok,ssim_rank_7,TH51,0.4994766116142273,,,,
7,across_learners,10km,RF_10km,LR_10km,ok,ssim_rank_7,TH52,0.38647326827049255,,,,
7,across_learners,10km,RF_10km,LR_10km,ok,ssim_rank_7,TH53,0.40353813767433167,,,,
7,across_learners,10km,RF_10km,LR_10km,ok,ssim_rank_7,TH54,0.3456467390060425,,,,
7,across_learners,10km,RF_10km,LR_10km,ok,ssim_rank_7,TH55,0.2028297781944275,,,,
7,across_learners,10km,RF_10km,LR_10km,ok,ssim_rank_7,TH56,0.39320266246795654,,,,
7,across_learners,10km,RF_10km,LR_10km,ok,ssim_rank_7,TH57,0.44400086998939514,,,,
7,across_learners,10km,RF_10km,LR_10km,ok,ssim_rank_7,TH58,0.04822330176830292,,,,
7,across_learners,10km,RF_10km,LR_10km,ok,ssim_raw_21,TH50,0.5231278538703918,,,,
7,across_learners,10km,RF_10km,LR_10km,ok,ssim_raw_21,TH51,0.6802688837051392,,,,
7,across_learners,10km,RF_10km,LR_10km,ok,ssim_raw_21,TH52,0.6170167326927185,,,,
7,across_learners,10km,RF_10km,LR_10km,ok,ssim_raw_21,TH53,0.7102799415588379,,,,
7,across_learners,10km,RF_10km,LR_10km,ok,ssim_raw_21,TH54,0.6468364000320435,,,,
7,across_learners,10km,RF_10km,LR_10km,ok,ssim_raw_21,TH55,0.5534040927886963,,,,
7,across_learners,10km,RF_10km,LR_10km,ok,ssim_raw_21,TH56,0.6666977405548096,,,,
7,across_learners,10km,RF_10km,LR_10km,ok,ssim_raw_21,TH57,0.6942543983459473,,,,
7,across_learners,10km,RF_10km,LR_10km,ok,ssim_raw_21,TH58,0.38115862011909485,,,,
7,across_learners,10km,RF_10km,LR_10km,ok,ssim_rank_21,TH50,0.3463851809501648,,,,
7,across_learners,10km,RF_10km,LR_10km,ok,ssim_rank_21,TH51,0.6901649236679077,,,,
7,across_learners,10km,RF_10km,LR_10km,ok,ssim_rank_21,TH52,0.5128726363182068,,,,
7,across_learners,10km,RF_10km,LR_10km,ok,ssim_rank_21,TH53,0.6059092283248901,,,,
7,across_learners,10km,RF_10km,LR_10km,ok,ssim_rank_21,TH54,0.49765631556510925,,,,
7,across_learners,10km,RF_10km,LR_10km,ok,ssim_rank_21,TH55,0.35093027353286743,,,,
7,across_learners,10km,RF_10km,LR_10km,ok,ssim_rank_21,TH56,0.5212708711624146,,,,
7,across_learners,10km,RF_10km,LR_10km,ok,ssim_rank_21,TH57,0.5684627294540405,,,,
7,across_learners,10km,RF_10km,LR_10km,ok,ssim_rank_21,TH58,0.14554324746131897,,,,
7,across_learners,10km,RF_10km,LR_10km,ok,jaccard_top10,TH50,0.6575127138233934,8639.0,9287.0,7111.0,10815.0
7,across_learners,10km,RF_10km,LR_10km,ok,jaccard_top10,TH51,0.6918918918918919,3166.0,3720.0,2816.0,4070.0
7,across_learners,10km,RF_10km,LR_10km,ok,jaccard_top10,TH52,0.547784024055432,6007.0,5832.0,4190.0,7649.0
7,across_learners,10km,RF_10km,LR_10km,ok,jaccard_top10,TH53,0.5084137931034483,3088.0,2380.0,1843.0,3625.0
7,across_learners,10km,RF_10km,LR_10km,ok,jaccard_top10,TH54,0.4766069086139047,2031.0,1346.0,1090.0,2287.0
7,across_learners,10km,RF_10km,LR_10km,ok,jaccard_top10,TH55,0.5942290351668169,2650.0,2654.0,1977.0,3327.0
7,across_learners,10km,RF_10km,LR_10km,ok,jaccard_top10,TH56,0.526433358153388,2901.0,3249.0,2121.0,4029.0
7,across_learners,10km,RF_10km,LR_10km,ok,jaccard_top10,TH57,0.6308743680958622,8838.0,8583.0,6739.0,10682.0
7,across_learners,10km,RF_10km,LR_10km,ok,jaccard_top10,TH58,0.3279115159401431,886.0,1155.0,504.0,1537.0
7,across_learners,10km,XGB_10km,LR_10km,ok,ssim_raw_7,TH50,0.613102376461029,,,,
7,across_learners,10km,XGB_10km,LR_10km,ok,ssim_raw_7,TH51,0.5389943718910217,,,,
7,across_learners,10km,XGB_10km,LR_10km,ok,ssim_raw_7,TH52,0.6122332215309143,,,,
7,across_learners,10km,XGB_10km,LR_10km,ok,ssim_raw_7,TH53,0.637578547000885,,,,
7,across_learners,10km,XGB_10km,LR_10km,ok,ssim_raw_7,TH54,0.6488737463951111,,,,
7,across_learners,10km,XGB_10km,LR_10km,ok,ssim_raw_7,TH55,0.6886312365531921,,,,
7,across_learners,10km,XGB_10km,LR_10km,ok,ssim_raw_7,TH56,0.540979266166687,,,,
7,across_learners,10km,XGB_10km,LR_10km,ok,ssim_raw_7,TH57,0.6763790845870972,,,,
7,across_learners,10km,XGB_10km,LR_10km,ok,ssim_raw_7,TH58,0.7025848627090454,,,,
7,across_learners,10km,XGB_10km,LR_10km,ok,ssim_rank_7,TH50,0.29478877782821655,,,,
7,across_learners,10km,XGB_10km,LR_10km,ok,ssim_rank_7,TH51,0.5597274899482727,,,,
7,across_learners,10km,XGB_10km,LR_10km,ok,ssim_rank_7,TH52,0.47300052642822266,,,,
7,across_learners,10km,XGB_10km,LR_10km,ok,ssim_rank_7,TH53,0.4913739562034607,,,,
7,across_learners,10km,XGB_10km,LR_10km,ok,ssim_rank_7,TH54,0.4476788640022278,,,,
7,across_learners,10km,XGB_10km,LR_10km,ok,ssim_rank_7,TH55,0.285411536693573,,,,
7,across_learners,10km,XGB_10km,LR_10km,ok,ssim_rank_7,TH56,0.5090925097465515,,,,
7,across_learners,10km,XGB_10km,LR_10km,ok,ssim_rank_7,TH57,0.5134106874465942,,,,
7,across_learners,10km,XGB_10km,LR_10km,ok,ssim_rank_7,TH58,0.07335303723812103,,,,
7,across_learners,10km,XGB_10km,LR_10km,ok,ssim_raw_21,TH50,0.5886627435684204,,,,
7,across_learners,10km,XGB_10km,LR_10km,ok,ssim_raw_21,TH51,0.5480010509490967,,,,
7,across_learners,10km,XGB_10km,LR_10km,ok,ssim_raw_21,TH52,0.6046146750450134,,,,
7,across_learners,10km,XGB_10km,LR_10km,ok,ssim_raw_21,TH53,0.6790633201599121,,,,
7,across_learners,10km,XGB_10km,LR_10km,ok,ssim_raw_21,TH54,0.6430249810218811,,,,
7,across_learners,10km,XGB_10km,LR_10km,ok,ssim_raw_21,TH55,0.653918981552124,,,,
7,across_learners,10km,XGB_10km,LR_10km,ok,ssim_raw_21,TH56,0.5505531430244446,,,,
7,across_learners,10km,XGB_10km,LR_10km,ok,ssim_raw_21,TH57,0.7534589767456055,,,,
7,across_learners,10km,XGB_10km,LR_10km,ok,ssim_raw_21,TH58,0.6254886984825134,,,,
7,across_learners,10km,XGB_10km,LR_10km,ok,ssim_rank_21,TH50,0.4829184114933014,,,,
7,across_learners,10km,XGB_10km,LR_10km,ok,ssim_rank_21,TH51,0.7391411066055298,,,,
7,across_learners,10km,XGB_10km,LR_10km,ok,ssim_rank_21,TH52,0.6502260565757751,,,,
7,across_learners,10km,XGB_10km,LR_10km,ok,ssim_rank_21,TH53,0.6862937211990356,,,,
7,across_learners,10km,XGB_10km,LR_10km,ok,ssim_rank_21,TH54,0.6193602085113525,,,,
7,across_learners,10km,XGB_10km,LR_10km,ok,ssim_rank_21,TH55,0.48791369795799255,,,,
7,across_learners,10km,XGB_10km,LR_10km,ok,ssim_rank_21,TH56,0.6732581853866577,,,,
7,across_learners,10km,XGB_10km,LR_10km,ok,ssim_rank_21,TH57,0.6493144631385803,,,,
7,across_learners,10km,XGB_10km,LR_10km,ok,ssim_rank_21,TH58,0.26954832673072815,,,,
7,across_learners,10km,XGB_10km,LR_10km,ok,jaccard_top10,TH50,0.6352753391859537,9154.0,9287.0,7164.0,11277.0
7,across_learners,10km,XGB_10km,LR_10km,ok,jaccard_top10,TH51,0.7055407694168885,3329.0,3720.0,2916.0,4133.0
7,across_learners,10km,XGB_10km,LR_10km,ok,jaccard_top10,TH52,0.5274310972438897,5917.0,5832.0,4057.0,7692.0
7,across_learners,10km,XGB_10km,LR_10km,ok,jaccard_top10,TH53,0.4140073425585993,2627.0,2380.0,1466.0,3541.0
7,across_learners,10km,XGB_10km,LR_10km,ok,jaccard_top10,TH54,0.45377756921633033,1752.0,1346.0,967.0,2131.0
7,across_learners,10km,XGB_10km,LR_10km,ok,jaccard_top10,TH55,0.5608258928571429,2940.0,2654.0,2010.0,3584.0
7,across_learners,10km,XGB_10km,LR_10km,ok,jaccard_top10,TH56,0.4037917374080362,1712.0,3249.0,1427.0,3534.0
7,across_learners,10km,XGB_10km,LR_10km,ok,jaccard_top10,TH57,0.6237571022727273,9707.0,8583.0,7026.0,11264.0
7,across_learners,10km,XGB_10km,LR_10km,ok,jaccard_top10,TH58,0.3076470588235294,1068.0,1155.0,523.0,1700.0
7,across_learners,20km,RF_20km,XGB_20km,ok,ssim_raw_7,TH50,0.6803090572357178,,,,
7,across_learners,20km,RF_20km,XGB_20km,ok,ssim_raw_7,TH51,0.7245089411735535,,,,
7,across_learners,20km,RF_20km,XGB_20km,ok,ssim_raw_7,TH52,0.7203415632247925,,,,
7,across_learners,20km,RF_20km,XGB_20km,ok,ssim_raw_7,TH53,0.6927422881126404,,,,
7,across_learners,20km,RF_20km,XGB_20km,ok,ssim_raw_7,TH54,0.6535542011260986,,,,
7,across_learners,20km,RF_20km,XGB_20km,ok,ssim_raw_7,TH55,0.7349362373352051,,,,
7,across_learners,20km,RF_20km,XGB_20km,ok,ssim_raw_7,TH56,0.6817853450775146,,,,
7,across_learners,20km,RF_20km,XGB_20km,ok,ssim_raw_7,TH57,0.7211858630180359,,,,
7,across_learners,20km,RF_20km,XGB_20km,ok,ssim_raw_7,TH58,0.7041381597518921,,,,
7,across_learners,20km,RF_20km,XGB_20km,ok,ssim_rank_7,TH50,0.5888840556144714,,,,
7,across_learners,20km,RF_20km,XGB_20km,ok,ssim_rank_7,TH51,0.7198277711868286,,,,
7,across_learners,20km,RF_20km,XGB_20km,ok,ssim_rank_7,TH52,0.6790933012962341,,,,
7,across_learners,20km,RF_20km,XGB_20km,ok,ssim_rank_7,TH53,0.6689879894256592,,,,
7,across_learners,20km,RF_20km,XGB_20km,ok,ssim_rank_7,TH54,0.6775916218757629,,,,
7,across_learners,20km,RF_20km,XGB_20km,ok,ssim_rank_7,TH55,0.5649833679199219,,,,
7,across_learners,20km,RF_20km,XGB_20km,ok,ssim_rank_7,TH56,0.7223228216171265,,,,
7,across_learners,20km,RF_20km,XGB_20km,ok,ssim_rank_7,TH57,0.7434175610542297,,,,
7,across_learners,20km,RF_20km,XGB_20km,ok,ssim_rank_7,TH58,0.46252068877220154,,,,
7,across_learners,20km,RF_20km,XGB_20km,ok,ssim_raw_21,TH50,0.6395026445388794,,,,
7,across_learners,20km,RF_20km,XGB_20km,ok,ssim_raw_21,TH51,0.7499525547027588,,,,
7,across_learners,20km,RF_20km,XGB_20km,ok,ssim_raw_21,TH52,0.7297326922416687,,,,
7,across_learners,20km,RF_20km,XGB_20km,ok,ssim_raw_21,TH53,0.6903941035270691,,,,
7,across_learners,20km,RF_20km,XGB_20km,ok,ssim_raw_21,TH54,0.5993891358375549,,,,
7,across_learners,20km,RF_20km,XGB_20km,ok,ssim_raw_21,TH55,0.7283725142478943,,,,
7,across_learners,20km,RF_20km,XGB_20km,ok,ssim_raw_21,TH56,0.6963281035423279,,,,
7,across_learners,20km,RF_20km,XGB_20km,ok,ssim_raw_21,TH57,0.794660210609436,,,,
7,across_learners,20km,RF_20km,XGB_20km,ok,ssim_raw_21,TH58,0.6537832021713257,,,,
7,across_learners,20km,RF_20km,XGB_20km,ok,ssim_rank_21,TH50,0.6949350833892822,,,,
7,across_learners,20km,RF_20km,XGB_20km,ok,ssim_rank_21,TH51,0.8250600695610046,,,,
7,across_learners,20km,RF_20km,XGB_20km,ok,ssim_rank_21,TH52,0.7870528101921082,,,,
7,across_learners,20km,RF_20km,XGB_20km,ok,ssim_rank_21,TH53,0.7982577681541443,,,,
7,across_learners,20km,RF_20km,XGB_20km,ok,ssim_rank_21,TH54,0.8001435995101929,,,,
7,across_learners,20km,RF_20km,XGB_20km,ok,ssim_rank_21,TH55,0.7137683033943176,,,,
7,across_learners,20km,RF_20km,XGB_20km,ok,ssim_rank_21,TH56,0.8232246041297913,,,,
7,across_learners,20km,RF_20km,XGB_20km,ok,ssim_rank_21,TH57,0.8341538906097412,,,,
7,across_learners,20km,RF_20km,XGB_20km,ok,ssim_rank_21,TH58,0.6239669322967529,,,,
7,across_learners,20km,RF_20km,XGB_20km,ok,jaccard_top10,TH50,0.7126460132046725,8322.0,8539.0,7016.0,9845.0
7,across_learners,20km,RF_20km,XGB_20km,ok,jaccard_top10,TH51,0.756831355230472,3105.0,3260.0,2742.0,3623.0
7,across_learners,20km,RF_20km,XGB_20km,ok,jaccard_top10,TH52,0.7266572637517631,6119.0,6123.0,5152.0,7090.0
7,across_learners,20km,RF_20km,XGB_20km,ok,jaccard_top10,TH53,0.5875739644970415,2791.0,2575.0,1986.0,3380.0
7,across_learners,20km,RF_20km,XGB_20km,ok,jaccard_top10,TH54,0.6861873990306947,2274.0,1901.0,1699.0,2476.0
7,across_learners,20km,RF_20km,XGB_20km,ok,jaccard_top10,TH55,0.6722104626549743,2589.0,2941.0,2223.0,3307.0
7,across_learners,20km,RF_20km,XGB_20km,ok,jaccard_top10,TH56,0.5592675875361388,2953.0,1901.0,1741.0,3113.0
7,across_learners,20km,RF_20km,XGB_20km,ok,jaccard_top10,TH57,0.706832627118644,9334.0,10001.0,8007.0,11328.0
7,across_learners,20km,RF_20km,XGB_20km,ok,jaccard_top10,TH58,0.532302092811647,719.0,965.0,585.0,1099.0
7,across_learners,20km,RF_20km,LR_20km,ok,ssim_raw_7,TH50,0.5858414173126221,,,,
7,across_learners,20km,RF_20km,LR_20km,ok,ssim_raw_7,TH51,0.6196929216384888,,,,
7,across_learners,20km,RF_20km,LR_20km,ok,ssim_raw_7,TH52,0.6474121809005737,,,,
7,across_learners,20km,RF_20km,LR_20km,ok,ssim_raw_7,TH53,0.6593747138977051,,,,
7,across_learners,20km,RF_20km,LR_20km,ok,ssim_raw_7,TH54,0.6745779514312744,,,,
7,across_learners,20km,RF_20km,LR_20km,ok,ssim_raw_7,TH55,0.6232467889785767,,,,
7,across_learners,20km,RF_20km,LR_20km,ok,ssim_raw_7,TH56,0.638834536075592,,,,
7,across_learners,20km,RF_20km,LR_20km,ok,ssim_raw_7,TH57,0.6298199892044067,,,,
7,across_learners,20km,RF_20km,LR_20km,ok,ssim_raw_7,TH58,0.5923588871955872,,,,
7,across_learners,20km,RF_20km,LR_20km,ok,ssim_rank_7,TH50,0.29092493653297424,,,,
7,across_learners,20km,RF_20km,LR_20km,ok,ssim_rank_7,TH51,0.5276981592178345,,,,
7,across_learners,20km,RF_20km,LR_20km,ok,ssim_rank_7,TH52,0.460025429725647,,,,
7,across_learners,20km,RF_20km,LR_20km,ok,ssim_rank_7,TH53,0.46033406257629395,,,,
7,across_learners,20km,RF_20km,LR_20km,ok,ssim_rank_7,TH54,0.42063701152801514,,,,
7,across_learners,20km,RF_20km,LR_20km,ok,ssim_rank_7,TH55,0.27445051074028015,,,,
7,across_learners,20km,RF_20km,LR_20km,ok,ssim_rank_7,TH56,0.4788718819618225,,,,
7,across_learners,20km,RF_20km,LR_20km,ok,ssim_rank_7,TH57,0.5068171620368958,,,,
7,across_learners,20km,RF_20km,LR_20km,ok,ssim_rank_7,TH58,0.11250202357769012,,,,
7,across_learners,20km,RF_20km,LR_20km,ok,ssim_raw_21,TH50,0.5988852381706238,,,,
7,across_learners,20km,RF_20km,LR_20km,ok,ssim_raw_21,TH51,0.6904906630516052,,,,
7,across_learners,20km,RF_20km,LR_20km,ok,ssim_raw_21,TH52,0.697333037853241,,,,
7,across_learners,20km,RF_20km,LR_20km,ok,ssim_raw_21,TH53,0.7317270636558533,,,,
7,across_learners,20km,RF_20km,LR_20km,ok,ssim_raw_21,TH54,0.6968751549720764,,,,
7,across_learners,20km,RF_20km,LR_20km,ok,ssim_raw_21,TH55,0.6355720162391663,,,,
7,across_learners,20km,RF_20km,LR_20km,ok,ssim_raw_21,TH56,0.7094011306762695,,,,
7,across_learners,20km,RF_20km,LR_20km,ok,ssim_raw_21,TH57,0.718262255191803,,,,
7,across_learners,20km,RF_20km,LR_20km,ok,ssim_raw_21,TH58,0.5548784732818604,,,,
7,across_learners,20km,RF_20km,LR_20km,ok,ssim_rank_21,TH50,0.42730632424354553,,,,
7,across_learners,20km,RF_20km,LR_20km,ok,ssim_rank_21,TH51,0.7154595255851746,,,,
7,across_learners,20km,RF_20km,LR_20km,ok,ssim_rank_21,TH52,0.6166471242904663,,,,
7,across_learners,20km,RF_20km,LR_20km,ok,ssim_rank_21,TH53,0.6698578596115112,,,,
7,across_learners,20km,RF_20km,LR_20km,ok,ssim_rank_21,TH54,0.6172221302986145,,,,
7,across_learners,20km,RF_20km,LR_20km,ok,ssim_rank_21,TH55,0.44929033517837524,,,,
7,across_learners,20km,RF_20km,LR_20km,ok,ssim_rank_21,TH56,0.6225392818450928,,,,
7,across_learners,20km,RF_20km,LR_20km,ok,ssim_rank_21,TH57,0.6313731670379639,,,,
7,across_learners,20km,RF_20km,LR_20km,ok,ssim_rank_21,TH58,0.2715679407119751,,,,
7,across_learners,20km,RF_20km,LR_20km,ok,jaccard_top10,TH50,0.7088783194609591,8322.0,8924.0,7154.0,10092.0
7,across_learners,20km,RF_20km,LR_20km,ok,jaccard_top10,TH51,0.7398078421189301,3105.0,3595.0,2849.0,3851.0
7,across_learners,20km,RF_20km,LR_20km,ok,jaccard_top10,TH52,0.6159889731219849,6119.0,5605.0,4469.0,7255.0
7,across_learners,20km,RF_20km,LR_20km,ok,jaccard_top10,TH53,0.5233807725820505,2791.0,2454.0,1802.0,3443.0
7,across_learners,20km,RF_20km,LR_20km,ok,jaccard_top10,TH54,0.5224489795918368,2274.0,1456.0,1280.0,2450.0
7,across_learners,20km,RF_20km,LR_20km,ok,jaccard_top10,TH55,0.6223908918406073,2589.0,2541.0,1968.0,3162.0
7,across_learners,20km,RF_20km,LR_20km,ok,jaccard_top10,TH56,0.5513862332695985,2953.0,3538.0,2307.0,4184.0
7,across_learners,20km,RF_20km,LR_20km,ok,jaccard_top10,TH57,0.6689267552859309,9334.0,9373.0,7498.0,11209.0
7,across_learners,20km,RF_20km,LR_20km,ok,jaccard_top10,TH58,0.3141552511415525,719.0,720.0,344.0,1095.0
7,across_learners,20km,XGB_20km,LR_20km,ok,ssim_raw_7,TH50,0.6177853345870972,,,,
7,across_learners,20km,XGB_20km,LR_20km,ok,ssim_raw_7,TH51,0.5509457588195801,,,,
7,across_learners,20km,XGB_20km,LR_20km,ok,ssim_raw_7,TH52,0.6191946864128113,,,,
7,across_learners,20km,XGB_20km,LR_20km,ok,ssim_raw_7,TH53,0.6246777176856995,,,,
7,across_learners,20km,XGB_20km,LR_20km,ok,ssim_raw_7,TH54,0.6371328234672546,,,,
7,across_learners,20km,XGB_20km,LR_20km,ok,ssim_raw_7,TH55,0.7070392966270447,,,,
7,across_learners,20km,XGB_20km,LR_20km,ok,ssim_raw_7,TH56,0.5229160785675049,,,,
7,across_learners,20km,XGB_20km,LR_20km,ok,ssim_raw_7,TH57,0.6656189560890198,,,,
7,across_learners,20km,XGB_20km,LR_20km,ok,ssim_raw_7,TH58,0.723270833492279,,,,
7,across_learners,20km,XGB_20km,LR_20km,ok,ssim_rank_7,TH50,0.3515157103538513,,,,
7,across_learners,20km,XGB_20km,LR_20km,ok,ssim_rank_7,TH51,0.582956850528717,,,,
7,across_learners,20km,XGB_20km,LR_20km,ok,ssim_rank_7,TH52,0.5170618295669556,,,,
7,across_learners,20km,XGB_20km,LR_20km,ok,ssim_rank_7,TH53,0.5127429366111755,,,,
7,across_learners,20km,XGB_20km,LR_20km,ok,ssim_rank_7,TH54,0.4962654411792755,,,,
7,across_learners,20km,XGB_20km,LR_20km,ok,ssim_rank_7,TH55,0.3442259728908539,,,,
7,across_learners,20km,XGB_20km,LR_20km,ok,ssim_rank_7,TH56,0.5363916754722595,,,,
7,across_learners,20km,XGB_20km,LR_20km,ok,ssim_rank_7,TH57,0.5363019108772278,,,,
7,across_learners,20km,XGB_20km,LR_20km,ok,ssim_rank_7,TH58,0.10327909141778946,,,,
7,across_learners,20km,XGB_20km,LR_20km,ok,ssim_raw_21,TH50,0.6051350831985474,,,,
7,across_learners,20km,XGB_20km,LR_20km,ok,ssim_raw_21,TH51,0.5904293060302734,,,,
7,across_learners,20km,XGB_20km,LR_20km,ok,ssim_raw_21,TH52,0.6314921379089355,,,,
7,across_learners,20km,XGB_20km,LR_20km,ok,ssim_raw_21,TH53,0.6620789766311646,,,,
7,across_learners,20km,XGB_20km,LR_20km,ok,ssim_raw_21,TH54,0.6461483240127563,,,,
7,across_learners,20km,XGB_20km,LR_20km,ok,ssim_raw_21,TH55,0.6913825869560242,,,,
7,across_learners,20km,XGB_20km,LR_20km,ok,ssim_raw_21,TH56,0.5362461805343628,,,,
7,across_learners,20km,XGB_20km,LR_20km,ok,ssim_raw_21,TH57,0.7521278858184814,,,,
7,across_learners,20km,XGB_20km,LR_20km,ok,ssim_raw_21,TH58,0.645359456539154,,,,
7,across_learners,20km,XGB_20km,LR_20km,ok,ssim_rank_21,TH50,0.5319815874099731,,,,
7,across_learners,20km,XGB_20km,LR_20km,ok,ssim_rank_21,TH51,0.7583139538764954,,,,
7,across_learners,20km,XGB_20km,LR_20km,ok,ssim_rank_21,TH52,0.6900410652160645,,,,
7,across_learners,20km,XGB_20km,LR_20km,ok,ssim_rank_21,TH53,0.7002270221710205,,,,
7,across_learners,20km,XGB_20km,LR_20km,ok,ssim_rank_21,TH54,0.6727789640426636,,,,
7,across_learners,20km,XGB_20km,LR_20km,ok,ssim_rank_21,TH55,0.5460631251335144,,,,
7,across_learners,20km,XGB_20km,LR_20km,ok,ssim_rank_21,TH56,0.7096138000488281,,,,
7,across_learners,20km,XGB_20km,LR_20km,ok,ssim_rank_21,TH57,0.6706272959709167,,,,
7,across_learners,20km,XGB_20km,LR_20km,ok,ssim_rank_21,TH58,0.3074594736099243,,,,
7,across_learners,20km,XGB_20km,LR_20km,ok,jaccard_top10,TH50,0.6602966343411295,8539.0,8924.0,6945.0,10518.0
7,across_learners,20km,XGB_20km,LR_20km,ok,jaccard_top10,TH51,0.7022597467097095,3260.0,3595.0,2828.0,4027.0
7,across_learners,20km,XGB_20km,LR_20km,ok,jaccard_top10,TH52,0.5672858479219565,6123.0,5605.0,4245.0,7483.0
7,across_learners,20km,XGB_20km,LR_20km,ok,jaccard_top10,TH53,0.4170188785573401,2575.0,2454.0,1480.0,3549.0
7,across_learners,20km,XGB_20km,LR_20km,ok,jaccard_top10,TH54,0.5321770880876312,1901.0,1456.0,1166.0,2191.0
7,across_learners,20km,XGB_20km,LR_20km,ok,jaccard_top10,TH55,0.595924308588064,2941.0,2541.0,2047.0,3435.0
7,across_learners,20km,XGB_20km,LR_20km,ok,jaccard_top10,TH56,0.40397521941146103,1901.0,3538.0,1565.0,3874.0
7,across_learners,20km,XGB_20km,LR_20km,ok,jaccard_top10,TH57,0.6456298309691667,10001.0,9373.0,7601.0,11773.0
7,across_learners,20km,XGB_20km,LR_20km,ok,jaccard_top10,TH58,0.24446085672082718,965.0,720.0,331.0,1354.0
7,across_learners,25km,RF_25km,XGB_25km,ok,ssim_raw_7,TH50,0.6674373149871826,,,,
7,across_learners,25km,RF_25km,XGB_25km,ok,ssim_raw_7,TH51,0.7091257572174072,,,,
7,across_learners,25km,RF_25km,XGB_25km,ok,ssim_raw_7,TH52,0.7034133672714233,,,,
7,across_learners,25km,RF_25km,XGB_25km,ok,ssim_raw_7,TH53,0.6697819232940674,,,,
7,across_learners,25km,RF_25km,XGB_25km,ok,ssim_raw_7,TH54,0.6222888231277466,,,,
7,across_learners,25km,RF_25km,XGB_25km,ok,ssim_raw_7,TH55,0.7062204480171204,,,,
7,across_learners,25km,RF_25km,XGB_25km,ok,ssim_raw_7,TH56,0.6444731950759888,,,,
7,across_learners,25km,RF_25km,XGB_25km,ok,ssim_raw_7,TH57,0.7042790651321411,,,,
7,across_learners,25km,RF_25km,XGB_25km,ok,ssim_raw_7,TH58,0.7304179072380066,,,,
7,across_learners,25km,RF_25km,XGB_25km,ok,ssim_rank_7,TH50,0.583940327167511,,,,
7,across_learners,25km,RF_25km,XGB_25km,ok,ssim_rank_7,TH51,0.7046287655830383,,,,
7,across_learners,25km,RF_25km,XGB_25km,ok,ssim_rank_7,TH52,0.6659805774688721,,,,
7,across_learners,25km,RF_25km,XGB_25km,ok,ssim_rank_7,TH53,0.6524473428726196,,,,
7,across_learners,25km,RF_25km,XGB_25km,ok,ssim_rank_7,TH54,0.6751948595046997,,,,
7,across_learners,25km,RF_25km,XGB_25km,ok,ssim_rank_7,TH55,0.5458518266677856,,,,
7,across_learners,25km,RF_25km,XGB_25km,ok,ssim_rank_7,TH56,0.711776852607727,,,,
7,across_learners,25km,RF_25km,XGB_25km,ok,ssim_rank_7,TH57,0.7431838512420654,,,,
7,across_learners,25km,RF_25km,XGB_25km,ok,ssim_rank_7,TH58,0.45411840081214905,,,,
7,across_learners,25km,RF_25km,XGB_25km,ok,ssim_raw_21,TH50,0.6102845072746277,,,,
7,across_learners,25km,RF_25km,XGB_25km,ok,ssim_raw_21,TH51,0.7258322238922119,,,,
7,across_learners,25km,RF_25km,XGB_25km,ok,ssim_raw_21,TH52,0.6974598169326782,,,,
7,across_learners,25km,RF_25km,XGB_25km,ok,ssim_raw_21,TH53,0.6534299850463867,,,,
7,across_learners,25km,RF_25km,XGB_25km,ok,ssim_raw_21,TH54,0.5545527338981628,,,,
7,across_learners,25km,RF_25km,XGB_25km,ok,ssim_raw_21,TH55,0.6803269386291504,,,,
7,across_learners,25km,RF_25km,XGB_25km,ok,ssim_raw_21,TH56,0.6397197842597961,,,,
7,across_learners,25km,RF_25km,XGB_25km,ok,ssim_raw_21,TH57,0.7774618864059448,,,,
7,across_learners,25km,RF_25km,XGB_25km,ok,ssim_raw_21,TH58,0.6684037446975708,,,,
7,across_learners,25km,RF_25km,XGB_25km,ok,ssim_rank_21,TH50,0.6888454556465149,,,,
7,across_learners,25km,RF_25km,XGB_25km,ok,ssim_rank_21,TH51,0.8153125643730164,,,,
7,across_learners,25km,RF_25km,XGB_25km,ok,ssim_rank_21,TH52,0.7745601534843445,,,,
7,across_learners,25km,RF_25km,XGB_25km,ok,ssim_rank_21,TH53,0.7787193655967712,,,,
7,across_learners,25km,RF_25km,XGB_25km,ok,ssim_rank_21,TH54,0.7922003269195557,,,,
7,across_learners,25km,RF_25km,XGB_25km,ok,ssim_rank_21,TH55,0.6827989816665649,,,,
7,across_learners,25km,RF_25km,XGB_25km,ok,ssim_rank_21,TH56,0.8119038343429565,,,,
7,across_learners,25km,RF_25km,XGB_25km,ok,ssim_rank_21,TH57,0.8326280117034912,,,,
7,across_learners,25km,RF_25km,XGB_25km,ok,ssim_rank_21,TH58,0.6092602014541626,,,,
7,across_learners,25km,RF_25km,XGB_25km,ok,jaccard_top10,TH50,0.7125888324873096,8128.0,8741.0,7019.0,9850.0
7,across_learners,25km,RF_25km,XGB_25km,ok,jaccard_top10,TH51,0.7729039422543031,3128.0,3258.0,2784.0,3602.0
7,across_learners,25km,RF_25km,XGB_25km,ok,jaccard_top10,TH52,0.7102632690412501,6033.0,6115.0,5045.0,7103.0
7,across_learners,25km,RF_25km,XGB_25km,ok,jaccard_top10,TH53,0.5434407364787112,2935.0,2430.0,1889.0,3476.0
7,across_learners,25km,RF_25km,XGB_25km,ok,jaccard_top10,TH54,0.6690556492411467,2165.0,1794.0,1587.0,2372.0
7,across_learners,25km,RF_25km,XGB_25km,ok,jaccard_top10,TH55,0.651538227231191,2581.0,2841.0,2139.0,3283.0
7,across_learners,25km,RF_25km,XGB_25km,ok,jaccard_top10,TH56,0.5445269016697588,3054.0,1941.0,1761.0,3234.0
7,across_learners,25km,RF_25km,XGB_25km,ok,jaccard_top10,TH57,0.702826916406521,9507.0,10130.0,8105.0,11532.0
7,across_learners,25km,RF_25km,XGB_25km,ok,jaccard_top10,TH58,0.5172093023255814,675.0,956.0,556.0,1075.0
7,across_learners,25km,RF_25km,LR_25km,ok,ssim_raw_7,TH50,0.6020575761795044,,,,
7,across_learners,25km,RF_25km,LR_25km,ok,ssim_raw_7,TH51,0.6291100382804871,,,,
7,across_learners,25km,RF_25km,LR_25km,ok,ssim_raw_7,TH52,0.6542487144470215,,,,
7,across_learners,25km,RF_25km,LR_25km,ok,ssim_raw_7,TH53,0.6632400155067444,,,,
7,across_learners,25km,RF_25km,LR_25km,ok,ssim_raw_7,TH54,0.6769305467605591,,,,
7,across_learners,25km,RF_25km,LR_25km,ok,ssim_raw_7,TH55,0.6224334836006165,,,,
7,across_learners,25km,RF_25km,LR_25km,ok,ssim_raw_7,TH56,0.6384825706481934,,,,
7,across_learners,25km,RF_25km,LR_25km,ok,ssim_raw_7,TH57,0.6247200965881348,,,,
7,across_learners,25km,RF_25km,LR_25km,ok,ssim_raw_7,TH58,0.6155301928520203,,,,
7,across_learners,25km,RF_25km,LR_25km,ok,ssim_rank_7,TH50,0.3084311783313751,,,,
7,across_learners,25km,RF_25km,LR_25km,ok,ssim_rank_7,TH51,0.5499775409698486,,,,
7,across_learners,25km,RF_25km,LR_25km,ok,ssim_rank_7,TH52,0.4646163880825043,,,,
7,across_learners,25km,RF_25km,LR_25km,ok,ssim_rank_7,TH53,0.47788184881210327,,,,
7,across_learners,25km,RF_25km,LR_25km,ok,ssim_rank_7,TH54,0.43710801005363464,,,,
7,across_learners,25km,RF_25km,LR_25km,ok,ssim_rank_7,TH55,0.26853105425834656,,,,
7,across_learners,25km,RF_25km,LR_25km,ok,ssim_rank_7,TH56,0.4865281283855438,,,,
7,across_learners,25km,RF_25km,LR_25km,ok,ssim_rank_7,TH57,0.5120132565498352,,,,
7,across_learners,25km,RF_25km,LR_25km,ok,ssim_rank_7,TH58,0.12081227451562881,,,,
7,across_learners,25km,RF_25km,LR_25km,ok,ssim_raw_21,TH50,0.6118420958518982,,,,
7,across_learners,25km,RF_25km,LR_25km,ok,ssim_raw_21,TH51,0.6962262988090515,,,,
7,across_learners,25km,RF_25km,LR_25km,ok,ssim_raw_21,TH52,0.7039837837219238,,,,
7,across_learners,25km,RF_25km,LR_25km,ok,ssim_raw_21,TH53,0.736377477645874,,,,
7,across_learners,25km,RF_25km,LR_25km,ok,ssim_raw_21,TH54,0.7004885673522949,,,,
7,across_learners,25km,RF_25km,LR_25km,ok,ssim_raw_21,TH55,0.6310542821884155,,,,
7,across_learners,25km,RF_25km,LR_25km,ok,ssim_raw_21,TH56,0.7107841372489929,,,,
7,across_learners,25km,RF_25km,LR_25km,ok,ssim_raw_21,TH57,0.7145053744316101,,,,
7,across_learners,25km,RF_25km,LR_25km,ok,ssim_raw_21,TH58,0.573467493057251,,,,
7,across_learners,25km,RF_25km,LR_25km,ok,ssim_rank_21,TH50,0.4499157965183258,,,,
7,across_learners,25km,RF_25km,LR_25km,ok,ssim_rank_21,TH51,0.73228919506073,,,,
7,across_learners,25km,RF_25km,LR_25km,ok,ssim_rank_21,TH52,0.6229863166809082,,,,
7,across_learners,25km,RF_25km,LR_25km,ok,ssim_rank_21,TH53,0.6812118291854858,,,,
7,across_learners,25km,RF_25km,LR_25km,ok,ssim_rank_21,TH54,0.6273651719093323,,,,
7,across_learners,25km,RF_25km,LR_25km,ok,ssim_rank_21,TH55,0.44856923818588257,,,,
7,across_learners,25km,RF_25km,LR_25km,ok,ssim_rank_21,TH56,0.6368140578269958,,,,
7,across_learners,25km,RF_25km,LR_25km,ok,ssim_rank_21,TH57,0.6343167424201965,,,,
7,across_learners,25km,RF_25km,LR_25km,ok,ssim_rank_21,TH58,0.28822869062423706,,,,
7,across_learners,25km,RF_25km,LR_25km,ok,jaccard_top10,TH50,0.7236976506639428,8128.0,8747.0,7085.0,9790.0
7,across_learners,25km,RF_25km,LR_25km,ok,jaccard_top10,TH51,0.7661822985468957,3128.0,3557.0,2900.0,3785.0
7,across_learners,25km,RF_25km,LR_25km,ok,jaccard_top10,TH52,0.6233451957295374,6033.0,5371.0,4379.0,7025.0
7,across_learners,25km,RF_25km,LR_25km,ok,jaccard_top10,TH53,0.5430502497796063,2935.0,2316.0,1848.0,3403.0
7,across_learners,25km,RF_25km,LR_25km,ok,jaccard_top10,TH54,0.5592274678111588,2165.0,1468.0,1303.0,2330.0
7,across_learners,25km,RF_25km,LR_25km,ok,jaccard_top10,TH55,0.6208945886768846,2581.0,2601.0,1985.0,3197.0
7,across_learners,25km,RF_25km,LR_25km,ok,jaccard_top10,TH56,0.5524571428571429,3054.0,3738.0,2417.0,4375.0
7,across_learners,25km,RF_25km,LR_25km,ok,jaccard_top10,TH57,0.6813119354555819,9507.0,9665.0,7769.0,11403.0
7,across_learners,25km,RF_25km,LR_25km,ok,jaccard_top10,TH58,0.31906976744186044,675.0,743.0,343.0,1075.0
7,across_learners,25km,XGB_25km,LR_25km,ok,ssim_raw_7,TH50,0.6031633019447327,,,,
7,across_learners,25km,XGB_25km,LR_25km,ok,ssim_raw_7,TH51,0.5445014238357544,,,,
7,across_learners,25km,XGB_25km,LR_25km,ok,ssim_raw_7,TH52,0.6185905337333679,,,,
7,across_learners,25km,XGB_25km,LR_25km,ok,ssim_raw_7,TH53,0.6296641230583191,,,,
7,across_learners,25km,XGB_25km,LR_25km,ok,ssim_raw_7,TH54,0.6323975324630737,,,,
7,across_learners,25km,XGB_25km,LR_25km,ok,ssim_raw_7,TH55,0.6930319666862488,,,,
7,across_learners,25km,XGB_25km,LR_25km,ok,ssim_raw_7,TH56,0.5084508657455444,,,,
7,across_learners,25km,XGB_25km,LR_25km,ok,ssim_raw_7,TH57,0.6482372283935547,,,,
7,across_learners,25km,XGB_25km,LR_25km,ok,ssim_raw_7,TH58,0.7207126617431641,,,,
7,across_learners,25km,XGB_25km,LR_25km,ok,ssim_rank_7,TH50,0.33760932087898254,,,,
7,across_learners,25km,XGB_25km,LR_25km,ok,ssim_rank_7,TH51,0.5813006162643433,,,,
7,across_learners,25km,XGB_25km,LR_25km,ok,ssim_rank_7,TH52,0.5205556750297546,,,,
7,across_learners,25km,XGB_25km,LR_25km,ok,ssim_rank_7,TH53,0.5168778896331787,,,,
7,across_learners,25km,XGB_25km,LR_25km,ok,ssim_rank_7,TH54,0.5083697438240051,,,,
7,across_learners,25km,XGB_25km,LR_25km,ok,ssim_rank_7,TH55,0.3402123749256134,,,,
7,across_learners,25km,XGB_25km,LR_25km,ok,ssim_rank_7,TH56,0.5516610741615295,,,,
7,across_learners,25km,XGB_25km,LR_25km,ok,ssim_rank_7,TH57,0.5388768315315247,,,,
7,across_learners,25km,XGB_25km,LR_25km,ok,ssim_rank_7,TH58,0.10848226398229599,,,,
7,across_learners,25km,XGB_25km,LR_25km,ok,ssim_raw_21,TH50,0.5775349736213684,,,,
7,across_learners,25km,XGB_25km,LR_25km,ok,ssim_raw_21,TH51,0.5752086043357849,,,,
7,across_learners,25km,XGB_25km,LR_25km,ok,ssim_raw_21,TH52,0.6219537258148193,,,,
7,across_learners,25km,XGB_25km,LR_25km,ok,ssim_raw_21,TH53,0.6660557985305786,,,,
7,across_learners,25km,XGB_25km,LR_25km,ok,ssim_raw_21,TH54,0.6344566941261292,,,,
7,across_learners,25km,XGB_25km,LR_25km,ok,ssim_raw_21,TH55,0.66239333152771,,,,
7,across_learners,25km,XGB_25km,LR_25km,ok,ssim_raw_21,TH56,0.5103901624679565,,,,
7,across_learners,25km,XGB_25km,LR_25km,ok,ssim_raw_21,TH57,0.7335525155067444,,,,
7,across_learners,25km,XGB_25km,LR_25km,ok,ssim_raw_21,TH58,0.6390805244445801,,,,
7,across_learners,25km,XGB_25km,LR_25km,ok,ssim_rank_21,TH50,0.5178695321083069,,,,
7,across_learners,25km,XGB_25km,LR_25km,ok,ssim_rank_21,TH51,0.7504711151123047,,,,
7,across_learners,25km,XGB_25km,LR_25km,ok,ssim_rank_21,TH52,0.6936712861061096,,,,
7,across_learners,25km,XGB_25km,LR_25km,ok,ssim_rank_21,TH53,0.6959565281867981,,,,
7,across_learners,25km,XGB_25km,LR_25km,ok,ssim_rank_21,TH54,0.682567298412323,,,,
7,across_learners,25km,XGB_25km,LR_25km,ok,ssim_rank_21,TH55,0.5393801331520081,,,,
7,across_learners,25km,XGB_25km,LR_25km,ok,ssim_rank_21,TH56,0.7169158458709717,,,,
7,across_learners,25km,XGB_25km,LR_25km,ok,ssim_rank_21,TH57,0.6653133034706116,,,,
7,across_learners,25km,XGB_25km,LR_25km,ok,ssim_rank_21,TH58,0.3122933506965637,,,,
7,across_learners,25km,XGB_25km,LR_25km,ok,jaccard_top10,TH50,0.6699770817417876,8741.0,8747.0,7016.0,10472.0
7,across_learners,25km,XGB_25km,LR_25km,ok,jaccard_top10,TH51,0.7253164556962025,3258.0,3557.0,2865.0,3950.0
7,across_learners,25km,XGB_25km,LR_25km,ok,jaccard_top10,TH52,0.5745030843043181,6115.0,5371.0,4191.0,7295.0
7,across_learners,25km,XGB_25km,LR_25km,ok,jaccard_top10,TH53,0.4078908335805399,2430.0,2316.0,1375.0,3371.0
7,across_learners,25km,XGB_25km,LR_25km,ok,jaccard_top10,TH54,0.5518553758325404,1794.0,1468.0,1160.0,2102.0
7,across_learners,25km,XGB_25km,LR_25km,ok,jaccard_top10,TH55,0.596830985915493,2841.0,2601.0,2034.0,3408.0
7,across_learners,25km,XGB_25km,LR_25km,ok,jaccard_top10,TH56,0.409181141439206,1941.0,3738.0,1649.0,4030.0
7,across_learners,25km,XGB_25km,LR_25km,ok,jaccard_top10,TH57,0.6385233010512374,10130.0,9665.0,7714.0,12081.0
7,across_learners,25km,XGB_25km,LR_25km,ok,jaccard_top10,TH58,0.2557280118255728,956.0,743.0,346.0,1353.0
7,across_learners,Rinf,RF_Rinf,XGB_Rinf,ok,ssim_raw_7,TH50,0.6698373556137085,,,,
7,across_learners,Rinf,RF_Rinf,XGB_Rinf,ok,ssim_raw_7,TH51,0.6828415989875793,,,,
7,across_learners,Rinf,RF_Rinf,XGB_Rinf,ok,ssim_raw_7,TH52,0.6864882707595825,,,,
7,across_learners,Rinf,RF_Rinf,XGB_Rinf,ok,ssim_raw_7,TH53,0.6448867321014404,,,,
7,across_learners,Rinf,RF_Rinf,XGB_Rinf,ok,ssim_raw_7,TH54,0.593490481376648,,,,
7,across_learners,Rinf,RF_Rinf,XGB_Rinf,ok,ssim_raw_7,TH55,0.7142624258995056,,,,
7,across_learners,Rinf,RF_Rinf,XGB_Rinf,ok,ssim_raw_7,TH56,0.6199688911437988,,,,
7,across_learners,Rinf,RF_Rinf,XGB_Rinf,ok,ssim_raw_7,TH57,0.6813379526138306,,,,
7,across_learners,Rinf,RF_Rinf,XGB_Rinf,ok,ssim_raw_7,TH58,0.7442312836647034,,,,
7,across_learners,Rinf,RF_Rinf,XGB_Rinf,ok,ssim_rank_7,TH50,0.5718592405319214,,,,
7,across_learners,Rinf,RF_Rinf,XGB_Rinf,ok,ssim_rank_7,TH51,0.697684109210968,,,,
7,across_learners,Rinf,RF_Rinf,XGB_Rinf,ok,ssim_rank_7,TH52,0.6516705751419067,,,,
7,across_learners,Rinf,RF_Rinf,XGB_Rinf,ok,ssim_rank_7,TH53,0.6432951092720032,,,,
7,across_learners,Rinf,RF_Rinf,XGB_Rinf,ok,ssim_rank_7,TH54,0.6584597229957581,,,,
7,across_learners,Rinf,RF_Rinf,XGB_Rinf,ok,ssim_rank_7,TH55,0.5256831049919128,,,,
7,across_learners,Rinf,RF_Rinf,XGB_Rinf,ok,ssim_rank_7,TH56,0.6838409900665283,,,,
7,across_learners,Rinf,RF_Rinf,XGB_Rinf,ok,ssim_rank_7,TH57,0.7342978119850159,,,,
7,across_learners,Rinf,RF_Rinf,XGB_Rinf,ok,ssim_rank_7,TH58,0.4729490280151367,,,,
7,across_learners,Rinf,RF_Rinf,XGB_Rinf,ok,ssim_raw_21,TH50,0.623067319393158,,,,
7,across_learners,Rinf,RF_Rinf,XGB_Rinf,ok,ssim_raw_21,TH51,0.7043086886405945,,,,
7,across_learners,Rinf,RF_Rinf,XGB_Rinf,ok,ssim_raw_21,TH52,0.6883805990219116,,,,
7,across_learners,Rinf,RF_Rinf,XGB_Rinf,ok,ssim_raw_21,TH53,0.6206756234169006,,,,
7,across_learners,Rinf,RF_Rinf,XGB_Rinf,ok,ssim_raw_21,TH54,0.5309299230575562,,,,
7,across_learners,Rinf,RF_Rinf,XGB_Rinf,ok,ssim_raw_21,TH55,0.6956197619438171,,,,
7,across_learners,Rinf,RF_Rinf,XGB_Rinf,ok,ssim_raw_21,TH56,0.6165980100631714,,,,
7,across_learners,Rinf,RF_Rinf,XGB_Rinf,ok,ssim_raw_21,TH57,0.7616434097290039,,,,
7,across_learners,Rinf,RF_Rinf,XGB_Rinf,ok,ssim_raw_21,TH58,0.6863571405410767,,,,
7,across_learners,Rinf,RF_Rinf,XGB_Rinf,ok,ssim_rank_21,TH50,0.6834333539009094,,,,
7,across_learners,Rinf,RF_Rinf,XGB_Rinf,ok,ssim_rank_21,TH51,0.8111218810081482,,,,
7,across_learners,Rinf,RF_Rinf,XGB_Rinf,ok,ssim_rank_21,TH52,0.7648562788963318,,,,
7,across_learners,Rinf,RF_Rinf,XGB_Rinf,ok,ssim_rank_21,TH53,0.7752594947814941,,,,
7,across_learners,Rinf,RF_Rinf,XGB_Rinf,ok,ssim_rank_21,TH54,0.7814594507217407,,,,
7,across_learners,Rinf,RF_Rinf,XGB_Rinf,ok,ssim_rank_21,TH55,0.6650539040565491,,,,
7,across_learners,Rinf,RF_Rinf,XGB_Rinf,ok,ssim_rank_21,TH56,0.7830272316932678,,,,
7,across_learners,Rinf,RF_Rinf,XGB_Rinf,ok,ssim_rank_21,TH57,0.8222596645355225,,,,
7,across_learners,Rinf,RF_Rinf,XGB_Rinf,ok,ssim_rank_21,TH58,0.6288737058639526,,,,
7,across_learners,Rinf,RF_Rinf,XGB_Rinf,ok,jaccard_top10,TH50,0.7191759762221994,8036.0,8738.0,7017.0,9757.0
7,across_learners,Rinf,RF_Rinf,XGB_Rinf,ok,jaccard_top10,TH51,0.7665260196905767,3071.0,3209.0,2725.0,3555.0
7,across_learners,Rinf,RF_Rinf,XGB_Rinf,ok,jaccard_top10,TH52,0.7183458860309792,6027.0,6065.0,5055.0,7037.0
7,across_learners,Rinf,RF_Rinf,XGB_Rinf,ok,jaccard_top10,TH53,0.537995761429004,2682.0,2398.0,1777.0,3303.0
7,across_learners,Rinf,RF_Rinf,XGB_Rinf,ok,jaccard_top10,TH54,0.651541095890411,2161.0,1697.0,1522.0,2336.0
7,across_learners,Rinf,RF_Rinf,XGB_Rinf,ok,jaccard_top10,TH55,0.6421207658321061,2632.0,2943.0,2180.0,3395.0
7,across_learners,Rinf,RF_Rinf,XGB_Rinf,ok,jaccard_top10,TH56,0.5091190108191653,3090.0,1792.0,1647.0,3235.0
7,across_learners,Rinf,RF_Rinf,XGB_Rinf,ok,jaccard_top10,TH57,0.7159390690154029,9808.0,10356.0,8413.0,11751.0
7,across_learners,Rinf,RF_Rinf,XGB_Rinf,ok,jaccard_top10,TH58,0.5132978723404256,699.0,1008.0,579.0,1128.0
7,across_learners,Rinf,RF_Rinf,LR_Rinf,ok,ssim_raw_7,TH50,0.6159325242042542,,,,
7,across_learners,Rinf,RF_Rinf,LR_Rinf,ok,ssim_raw_7,TH51,0.6447351574897766,,,,
7,across_learners,Rinf,RF_Rinf,LR_Rinf,ok,ssim_raw_7,TH52,0.6656268835067749,,,,
7,across_learners,Rinf,RF_Rinf,LR_Rinf,ok,ssim_raw_7,TH53,0.6758235096931458,,,,
7,across_learners,Rinf,RF_Rinf,LR_Rinf,ok,ssim_raw_7,TH54,0.6879079937934875,,,,
7,across_learners,Rinf,RF_Rinf,LR_Rinf,ok,ssim_raw_7,TH55,0.6398154497146606,,,,
7,across_learners,Rinf,RF_Rinf,LR_Rinf,ok,ssim_raw_7,TH56,0.6520949602127075,,,,
7,across_learners,Rinf,RF_Rinf,LR_Rinf,ok,ssim_raw_7,TH57,0.6431769132614136,,,,
7,across_learners,Rinf,RF_Rinf,LR_Rinf,ok,ssim_raw_7,TH58,0.6383596062660217,,,,
7,across_learners,Rinf,RF_Rinf,LR_Rinf,ok,ssim_rank_7,TH50,0.3183024227619171,,,,
7,across_learners,Rinf,RF_Rinf,LR_Rinf,ok,ssim_rank_7,TH51,0.5605483651161194,,,,
7,across_learners,Rinf,RF_Rinf,LR_Rinf,ok,ssim_rank_7,TH52,0.47462353110313416,,,,
7,across_learners,Rinf,RF_Rinf,LR_Rinf,ok,ssim_rank_7,TH53,0.49020951986312866,,,,
7,across_learners,Rinf,RF_Rinf,LR_Rinf,ok,ssim_rank_7,TH54,0.4526938796043396,,,,
7,across_learners,Rinf,RF_Rinf,LR_Rinf,ok,ssim_rank_7,TH55,0.29382166266441345,,,,
7,across_learners,Rinf,RF_Rinf,LR_Rinf,ok,ssim_rank_7,TH56,0.5006071925163269,,,,
7,across_learners,Rinf,RF_Rinf,LR_Rinf,ok,ssim_rank_7,TH57,0.5419463515281677,,,,
7,across_learners,Rinf,RF_Rinf,LR_Rinf,ok,ssim_rank_7,TH58,0.13439548015594482,,,,
7,across_learners,Rinf,RF_Rinf,LR_Rinf,ok,ssim_raw_21,TH50,0.6363250017166138,,,,
7,across_learners,Rinf,RF_Rinf,LR_Rinf,ok,ssim_raw_21,TH51,0.7208895683288574,,,,
7,across_learners,Rinf,RF_Rinf,LR_Rinf,ok,ssim_raw_21,TH52,0.7217922210693359,,,,
7,across_learners,Rinf,RF_Rinf,LR_Rinf,ok,ssim_raw_21,TH53,0.7445857524871826,,,,
7,across_learners,Rinf,RF_Rinf,LR_Rinf,ok,ssim_raw_21,TH54,0.7117576003074646,,,,
7,across_learners,Rinf,RF_Rinf,LR_Rinf,ok,ssim_raw_21,TH55,0.652168333530426,,,,
7,across_learners,Rinf,RF_Rinf,LR_Rinf,ok,ssim_raw_21,TH56,0.7280429005622864,,,,
7,across_learners,Rinf,RF_Rinf,LR_Rinf,ok,ssim_raw_21,TH57,0.7297252416610718,,,,
7,across_learners,Rinf,RF_Rinf,LR_Rinf,ok,ssim_raw_21,TH58,0.5946255922317505,,,,
7,across_learners,Rinf,RF_Rinf,LR_Rinf,ok,ssim_rank_21,TH50,0.45739033818244934,,,,
7,across_learners,Rinf,RF_Rinf,LR_Rinf,ok,ssim_rank_21,TH51,0.7385604977607727,,,,
7,across_learners,Rinf,RF_Rinf,LR_Rinf,ok,ssim_rank_21,TH52,0.6297981142997742,,,,
7,across_learners,Rinf,RF_Rinf,LR_Rinf,ok,ssim_rank_21,TH53,0.6874162554740906,,,,
7,across_learners,Rinf,RF_Rinf,LR_Rinf,ok,ssim_rank_21,TH54,0.6396018862724304,,,,
7,across_learners,Rinf,RF_Rinf,LR_Rinf,ok,ssim_rank_21,TH55,0.4685635268688202,,,,
7,across_learners,Rinf,RF_Rinf,LR_Rinf,ok,ssim_rank_21,TH56,0.6351551413536072,,,,
7,across_learners,Rinf,RF_Rinf,LR_Rinf,ok,ssim_rank_21,TH57,0.6540564894676208,,,,
7,across_learners,Rinf,RF_Rinf,LR_Rinf,ok,ssim_rank_21,TH58,0.2967117428779602,,,,
7,across_learners,Rinf,RF_Rinf,LR_Rinf,ok,jaccard_top10,TH50,0.7501564129301356,8036.0,8748.0,7194.0,9590.0
7,across_learners,Rinf,RF_Rinf,LR_Rinf,ok,jaccard_top10,TH51,0.7755047106325706,3071.0,3525.0,2881.0,3715.0
7,across_learners,Rinf,RF_Rinf,LR_Rinf,ok,jaccard_top10,TH52,0.6409232134931203,6027.0,5064.0,4332.0,6759.0
7,across_learners,Rinf,RF_Rinf,LR_Rinf,ok,jaccard_top10,TH53,0.5765273311897106,2682.0,2221.0,1793.0,3110.0
7,across_learners,Rinf,RF_Rinf,LR_Rinf,ok,jaccard_top10,TH54,0.5842309349418354,2161.0,1516.0,1356.0,2321.0
7,across_learners,Rinf,RF_Rinf,LR_Rinf,ok,jaccard_top10,TH55,0.670758577274158,2632.0,2676.0,2131.0,3177.0
7,across_learners,Rinf,RF_Rinf,LR_Rinf,ok,jaccard_top10,TH56,0.5885780885780886,3090.0,3725.0,2525.0,4290.0
7,across_learners,Rinf,RF_Rinf,LR_Rinf,ok,jaccard_top10,TH57,0.7189156312451125,9808.0,9975.0,8274.0,11509.0
7,across_learners,Rinf,RF_Rinf,LR_Rinf,ok,jaccard_top10,TH58,0.37134778510838834,699.0,756.0,394.0,1061.0
7,across_learners,Rinf,XGB_Rinf,LR_Rinf,ok,ssim_raw_7,TH50,0.5967990756034851,,,,
7,across_learners,Rinf,XGB_Rinf,LR_Rinf,ok,ssim_raw_7,TH51,0.5415379405021667,,,,
7,across_learners,Rinf,XGB_Rinf,LR_Rinf,ok,ssim_raw_7,TH52,0.6213650703430176,,,,
7,across_learners,Rinf,XGB_Rinf,LR_Rinf,ok,ssim_raw_7,TH53,0.6275936365127563,,,,
7,across_learners,Rinf,XGB_Rinf,LR_Rinf,ok,ssim_raw_7,TH54,0.6250383853912354,,,,
7,across_learners,Rinf,XGB_Rinf,LR_Rinf,ok,ssim_raw_7,TH55,0.6827473044395447,,,,
7,across_learners,Rinf,XGB_Rinf,LR_Rinf,ok,ssim_raw_7,TH56,0.49950987100601196,,,,
7,across_learners,Rinf,XGB_Rinf,LR_Rinf,ok,ssim_raw_7,TH57,0.6468358039855957,,,,
7,across_learners,Rinf,XGB_Rinf,LR_Rinf,ok,ssim_raw_7,TH58,0.7172437906265259,,,,
7,across_learners,Rinf,XGB_Rinf,LR_Rinf,ok,ssim_rank_7,TH50,0.3468288779258728,,,,
7,across_learners,Rinf,XGB_Rinf,LR_Rinf,ok,ssim_rank_7,TH51,0.5897506475448608,,,,
7,across_learners,Rinf,XGB_Rinf,LR_Rinf,ok,ssim_rank_7,TH52,0.5169744491577148,,,,
7,across_learners,Rinf,XGB_Rinf,LR_Rinf,ok,ssim_rank_7,TH53,0.5374152064323425,,,,
7,across_learners,Rinf,XGB_Rinf,LR_Rinf,ok,ssim_rank_7,TH54,0.4940538704395294,,,,
7,across_learners,Rinf,XGB_Rinf,LR_Rinf,ok,ssim_rank_7,TH55,0.33873695135116577,,,,
7,across_learners,Rinf,XGB_Rinf,LR_Rinf,ok,ssim_rank_7,TH56,0.5478937029838562,,,,
7,across_learners,Rinf,XGB_Rinf,LR_Rinf,ok,ssim_rank_7,TH57,0.527008056640625,,,,
7,across_learners,Rinf,XGB_Rinf,LR_Rinf,ok,ssim_rank_7,TH58,0.11495057493448257,,,,
7,across_learners,Rinf,XGB_Rinf,LR_Rinf,ok,ssim_raw_21,TH50,0.5767819285392761,,,,
7,across_learners,Rinf,XGB_Rinf,LR_Rinf,ok,ssim_raw_21,TH51,0.5737974643707275,,,,
7,across_learners,Rinf,XGB_Rinf,LR_Rinf,ok,ssim_raw_21,TH52,0.6316922307014465,,,,
7,across_learners,Rinf,XGB_Rinf,LR_Rinf,ok,ssim_raw_21,TH53,0.6528066396713257,,,,
7,across_learners,Rinf,XGB_Rinf,LR_Rinf,ok,ssim_raw_21,TH54,0.6225274205207825,,,,
7,across_learners,Rinf,XGB_Rinf,LR_Rinf,ok,ssim_raw_21,TH55,0.6524122357368469,,,,
7,across_learners,Rinf,XGB_Rinf,LR_Rinf,ok,ssim_raw_21,TH56,0.5033843517303467,,,,
7,across_learners,Rinf,XGB_Rinf,LR_Rinf,ok,ssim_raw_21,TH57,0.739601731300354,,,,
7,across_learners,Rinf,XGB_Rinf,LR_Rinf,ok,ssim_raw_21,TH58,0.6429464221000671,,,,
7,across_learners,Rinf,XGB_Rinf,LR_Rinf,ok,ssim_rank_21,TH50,0.524440348148346,,,,
7,across_learners,Rinf,XGB_Rinf,LR_Rinf,ok,ssim_rank_21,TH51,0.7554952502250671,,,,
7,across_learners,Rinf,XGB_Rinf,LR_Rinf,ok,ssim_rank_21,TH52,0.6818490028381348,,,,
7,across_learners,Rinf,XGB_Rinf,LR_Rinf,ok,ssim_rank_21,TH53,0.7077503204345703,,,,
7,across_learners,Rinf,XGB_Rinf,LR_Rinf,ok,ssim_rank_21,TH54,0.6563007235527039,,,,
7,across_learners,Rinf,XGB_Rinf,LR_Rinf,ok,ssim_rank_21,TH55,0.5316392183303833,,,,
7,across_learners,Rinf,XGB_Rinf,LR_Rinf,ok,ssim_rank_21,TH56,0.7095907926559448,,,,
7,across_learners,Rinf,XGB_Rinf,LR_Rinf,ok,ssim_rank_21,TH57,0.6513125896453857,,,,
7,across_learners,Rinf,XGB_Rinf,LR_Rinf,ok,ssim_rank_21,TH58,0.3190154433250427,,,,
7,across_learners,Rinf,XGB_Rinf,LR_Rinf,ok,jaccard_top10,TH50,0.6871864145117715,8738.0,8748.0,7122.0,10364.0
7,across_learners,Rinf,XGB_Rinf,LR_Rinf,ok,jaccard_top10,TH51,0.7191728363543528,3209.0,3525.0,2817.0,3917.0
7,across_learners,Rinf,XGB_Rinf,LR_Rinf,ok,jaccard_top10,TH52,0.5803748934961659,6065.0,5064.0,4087.0,7042.0
7,across_learners,Rinf,XGB_Rinf,LR_Rinf,ok,jaccard_top10,TH53,0.41904761904761906,2398.0,2221.0,1364.0,3255.0
7,across_learners,Rinf,XGB_Rinf,LR_Rinf,ok,jaccard_top10,TH54,0.5514244326412361,1697.0,1516.0,1142.0,2071.0
7,across_learners,Rinf,XGB_Rinf,LR_Rinf,ok,jaccard_top10,TH55,0.6109518348623854,2943.0,2676.0,2131.0,3488.0
7,across_learners,Rinf,XGB_Rinf,LR_Rinf,ok,jaccard_top10,TH56,0.39283009341075487,1792.0,3725.0,1556.0,3961.0
7,across_learners,Rinf,XGB_Rinf,LR_Rinf,ok,jaccard_top10,TH57,0.6633396056614579,10356.0,9975.0,8108.0,12223.0
7,across_learners,Rinf,XGB_Rinf,LR_Rinf,ok,jaccard_top10,TH58,0.3076352853965901,1008.0,756.0,415.0,1349.0
2024,across_radii,RF,RF_1km,RF_10km,ok,ssim_raw_7,TH50,0.23058319091796875,,,,
2024,across_radii,RF,RF_1km,RF_10km,ok,ssim_raw_7,TH51,0.30117353796958923,,,,
2024,across_radii,RF,RF_1km,RF_10km,ok,ssim_raw_7,TH52,0.25580477714538574,,,,
2024,across_radii,RF,RF_1km,RF_10km,ok,ssim_raw_7,TH53,0.28798291087150574,,,,
2024,across_radii,RF,RF_1km,RF_10km,ok,ssim_raw_7,TH54,0.2833673059940338,,,,
2024,across_radii,RF,RF_1km,RF_10km,ok,ssim_raw_7,TH55,0.21978363394737244,,,,
2024,across_radii,RF,RF_1km,RF_10km,ok,ssim_raw_7,TH56,0.2894201874732971,,,,
2024,across_radii,RF,RF_1km,RF_10km,ok,ssim_raw_7,TH57,0.3177739083766937,,,,
2024,across_radii,RF,RF_1km,RF_10km,ok,ssim_raw_7,TH58,0.19175933301448822,,,,
2024,across_radii,RF,RF_1km,RF_10km,ok,ssim_rank_7,TH50,0.4052813947200775,,,,
2024,across_radii,RF,RF_1km,RF_10km,ok,ssim_rank_7,TH51,0.3625531494617462,,,,
2024,across_radii,RF,RF_1km,RF_10km,ok,ssim_rank_7,TH52,0.3705664873123169,,,,
2024,across_radii,RF,RF_1km,RF_10km,ok,ssim_rank_7,TH53,0.3601010739803314,,,,
2024,across_radii,RF,RF_1km,RF_10km,ok,ssim_rank_7,TH54,0.34557512402534485,,,,
2024,across_radii,RF,RF_1km,RF_10km,ok,ssim_rank_7,TH55,0.2671165466308594,,,,
2024,across_radii,RF,RF_1km,RF_10km,ok,ssim_rank_7,TH56,0.22759924829006195,,,,
2024,across_radii,RF,RF_1km,RF_10km,ok,ssim_rank_7,TH57,0.192474365234375,,,,
2024,across_radii,RF,RF_1km,RF_10km,ok,ssim_rank_7,TH58,0.41997236013412476,,,,
2024,across_radii,RF,RF_1km,RF_10km,ok,ssim_raw_21,TH50,0.23310519754886627,,,,
2024,across_radii,RF,RF_1km,RF_10km,ok,ssim_raw_21,TH51,0.33093157410621643,,,,
2024,across_radii,RF,RF_1km,RF_10km,ok,ssim_raw_21,TH52,0.2715349495410919,,,,
2024,across_radii,RF,RF_1km,RF_10km,ok,ssim_raw_21,TH53,0.33261603116989136,,,,
2024,across_radii,RF,RF_1km,RF_10km,ok,ssim_raw_21,TH54,0.30460694432258606,,,,
2024,across_radii,RF,RF_1km,RF_10km,ok,ssim_raw_21,TH55,0.22229692339897156,,,,
2024,across_radii,RF,RF_1km,RF_10km,ok,ssim_raw_21,TH56,0.3014444410800934,,,,
2024,across_radii,RF,RF_1km,RF_10km,ok,ssim_raw_21,TH57,0.33330267667770386,,,,
2024,across_radii,RF,RF_1km,RF_10km,ok,ssim_raw_21,TH58,0.19122128188610077,,,,
2024,across_radii,RF,RF_1km,RF_10km,ok,ssim_rank_21,TH50,0.3866835832595825,,,,
2024,across_radii,RF,RF_1km,RF_10km,ok,ssim_rank_21,TH51,0.347330778837204,,,,
2024,across_radii,RF,RF_1km,RF_10km,ok,ssim_rank_21,TH52,0.37321770191192627,,,,
2024,across_radii,RF,RF_1km,RF_10km,ok,ssim_rank_21,TH53,0.3873648941516876,,,,
2024,across_radii,RF,RF_1km,RF_10km,ok,ssim_rank_21,TH54,0.33183038234710693,,,,
2024,across_radii,RF,RF_1km,RF_10km,ok,ssim_rank_21,TH55,0.2391464114189148,,,,
2024,across_radii,RF,RF_1km,RF_10km,ok,ssim_rank_21,TH56,0.25052410364151,,,,
2024,across_radii,RF,RF_1km,RF_10km,ok,ssim_rank_21,TH57,0.18004582822322845,,,,
2024,across_radii,RF,RF_1km,RF_10km,ok,ssim_rank_21,TH58,0.35666191577911377,,,,
2024,across_radii,RF,RF_1km,RF_10km,ok,jaccard_top10,TH50,0.18497269648164788,8759.0,8384.0,2676.0,14467.0
2024,across_radii,RF,RF_1km,RF_10km,ok,jaccard_top10,TH51,0.21041569360112097,2114.0,3069.0,901.0,4282.0
2024,across_radii,RF,RF_1km,RF_10km,ok,jaccard_top10,TH52,0.21561105456822985,9294.0,6233.0,2754.0,12773.0
2024,across_radii,RF,RF_1km,RF_10km,ok,jaccard_top10,TH53,0.17682926829268292,3403.0,3352.0,1015.0,5740.0
2024,across_radii,RF,RF_1km,RF_10km,ok,jaccard_top10,TH54,0.21651849727559508,1949.0,2293.0,755.0,3487.0
2024,across_radii,RF,RF_1km,RF_10km,ok,jaccard_top10,TH55,0.14436771687526975,2678.0,2625.0,669.0,4634.0
2024,across_radii,RF,RF_1km,RF_10km,ok,jaccard_top10,TH56,0.21542674577818346,2427.0,2899.0,944.0,4382.0
2024,across_radii,RF,RF_1km,RF_10km,ok,jaccard_top10,TH57,0.26281445053905805,4743.0,8610.0,2779.0,10574.0
2024,across_radii,RF,RF_1km,RF_10km,ok,jaccard_top10,TH58,0.09614206981016533,2839.0,741.0,314.0,3266.0
2024,across_radii,RF,RF_5km,RF_10km,ok,ssim_raw_7,TH50,0.7266001105308533,,,,
2024,across_radii,RF,RF_5km,RF_10km,ok,ssim_raw_7,TH51,0.8566606640815735,,,,
2024,across_radii,RF,RF_5km,RF_10km,ok,ssim_raw_7,TH52,0.7725479602813721,,,,
2024,across_radii,RF,RF_5km,RF_10km,ok,ssim_raw_7,TH53,0.8481582999229431,,,,
2024,across_radii,RF,RF_5km,RF_10km,ok,ssim_raw_7,TH54,0.8078102469444275,,,,
2024,across_radii,RF,RF_5km,RF_10km,ok,ssim_raw_7,TH55,0.7525203227996826,,,,
2024,across_radii,RF,RF_5km,RF_10km,ok,ssim_raw_7,TH56,0.8019553422927856,,,,
2024,across_radii,RF,RF_5km,RF_10km,ok,ssim_raw_7,TH57,0.833734393119812,,,,
2024,across_radii,RF,RF_5km,RF_10km,ok,ssim_raw_7,TH58,0.6596776247024536,,,,
2024,across_radii,RF,RF_5km,RF_10km,ok,ssim_rank_7,TH50,0.8021135330200195,,,,
2024,across_radii,RF,RF_5km,RF_10km,ok,ssim_rank_7,TH51,0.8058061599731445,,,,
2024,across_radii,RF,RF_5km,RF_10km,ok,ssim_rank_7,TH52,0.7563471794128418,,,,
2024,across_radii,RF,RF_5km,RF_10km,ok,ssim_rank_7,TH53,0.7388701438903809,,,,
2024,across_radii,RF,RF_5km,RF_10km,ok,ssim_rank_7,TH54,0.7428764700889587,,,,
2024,across_radii,RF,RF_5km,RF_10km,ok,ssim_rank_7,TH55,0.728484034538269,,,,
2024,across_radii,RF,RF_5km,RF_10km,ok,ssim_rank_7,TH56,0.7060644626617432,,,,
2024,across_radii,RF,RF_5km,RF_10km,ok,ssim_rank_7,TH57,0.7754799723625183,,,,
2024,across_radii,RF,RF_5km,RF_10km,ok,ssim_rank_7,TH58,0.7339802384376526,,,,
2024,across_radii,RF,RF_5km,RF_10km,ok,ssim_raw_21,TH50,0.7677758932113647,,,,
2024,across_radii,RF,RF_5km,RF_10km,ok,ssim_raw_21,TH51,0.9100788235664368,,,,
2024,across_radii,RF,RF_5km,RF_10km,ok,ssim_raw_21,TH52,0.8195135593414307,,,,
2024,across_radii,RF,RF_5km,RF_10km,ok,ssim_raw_21,TH53,0.8877671957015991,,,,
2024,across_radii,RF,RF_5km,RF_10km,ok,ssim_raw_21,TH54,0.8433350920677185,,,,
2024,across_radii,RF,RF_5km,RF_10km,ok,ssim_raw_21,TH55,0.8024767637252808,,,,
2024,across_radii,RF,RF_5km,RF_10km,ok,ssim_raw_21,TH56,0.8306347727775574,,,,
2024,across_radii,RF,RF_5km,RF_10km,ok,ssim_raw_21,TH57,0.8554118275642395,,,,
2024,across_radii,RF,RF_5km,RF_10km,ok,ssim_raw_21,TH58,0.6943255066871643,,,,
2024,across_radii,RF,RF_5km,RF_10km,ok,ssim_rank_21,TH50,0.8592536449432373,,,,
2024,across_radii,RF,RF_5km,RF_10km,ok,ssim_rank_21,TH51,0.8829097151756287,,,,
2024,across_radii,RF,RF_5km,RF_10km,ok,ssim_rank_21,TH52,0.8384456634521484,,,,
2024,across_radii,RF,RF_5km,RF_10km,ok,ssim_rank_21,TH53,0.8572697639465332,,,,
2024,across_radii,RF,RF_5km,RF_10km,ok,ssim_rank_21,TH54,0.8277639746665955,,,,
2024,across_radii,RF,RF_5km,RF_10km,ok,ssim_rank_21,TH55,0.8294334411621094,,,,
2024,across_radii,RF,RF_5km,RF_10km,ok,ssim_rank_21,TH56,0.8089975714683533,,,,
2024,across_radii,RF,RF_5km,RF_10km,ok,ssim_rank_21,TH57,0.8481319546699524,,,,
2024,across_radii,RF,RF_5km,RF_10km,ok,ssim_rank_21,TH58,0.8213152885437012,,,,
2024,across_radii,RF,RF_5km,RF_10km,ok,jaccard_top10,TH50,0.7973759390540683,8603.0,8384.0,7536.0,9451.0
2024,across_radii,RF,RF_5km,RF_10km,ok,jaccard_top10,TH51,0.8011245930748743,3017.0,3069.0,2707.0,3379.0
2024,across_radii,RF,RF_5km,RF_10km,ok,jaccard_top10,TH52,0.7590851690753473,6304.0,6233.0,5410.0,7127.0
2024,across_radii,RF,RF_5km,RF_10km,ok,jaccard_top10,TH53,0.8220858895705522,3479.0,3352.0,3082.0,3749.0
2024,across_radii,RF,RF_5km,RF_10km,ok,jaccard_top10,TH54,0.7396544797107272,2037.0,2293.0,1841.0,2489.0
2024,across_radii,RF,RF_5km,RF_10km,ok,jaccard_top10,TH55,0.7811346089291709,2681.0,2625.0,2327.0,2979.0
2024,across_radii,RF,RF_5km,RF_10km,ok,jaccard_top10,TH56,0.73635806253832,2765.0,2899.0,2402.0,3262.0
2024,across_radii,RF,RF_5km,RF_10km,ok,jaccard_top10,TH57,0.7771987663511645,8101.0,8610.0,7308.0,9403.0
2024,across_radii,RF,RF_5km,RF_10km,ok,jaccard_top10,TH58,0.5973920130399348,1219.0,741.0,733.0,1227.0
2024,across_radii,RF,RF_20km,RF_10km,ok,ssim_raw_7,TH50,0.853245198726654,,,,
2024,across_radii,RF,RF_20km,RF_10km,ok,ssim_raw_7,TH51,0.9308834075927734,,,,
2024,across_radii,RF,RF_20km,RF_10km,ok,ssim_raw_7,TH52,0.8794700503349304,,,,
2024,across_radii,RF,RF_20km,RF_10km,ok,ssim_raw_7,TH53,0.9278053045272827,,,,
2024,across_radii,RF,RF_20km,RF_10km,ok,ssim_raw_7,TH54,0.8994553685188293,,,,
2024,across_radii,RF,RF_20km,RF_10km,ok,ssim_raw_7,TH55,0.8487111330032349,,,,
2024,across_radii,RF,RF_20km,RF_10km,ok,ssim_raw_7,TH56,0.900296151638031,,,,
2024,across_radii,RF,RF_20km,RF_10km,ok,ssim_raw_7,TH57,0.9181712865829468,,,,
2024,across_radii,RF,RF_20km,RF_10km,ok,ssim_raw_7,TH58,0.7469157576560974,,,,
2024,across_radii,RF,RF_20km,RF_10km,ok,ssim_rank_7,TH50,0.8266393542289734,,,,
2024,across_radii,RF,RF_20km,RF_10km,ok,ssim_rank_7,TH51,0.8720134496688843,,,,
2024,across_radii,RF,RF_20km,RF_10km,ok,ssim_rank_7,TH52,0.7910606265068054,,,,
2024,across_radii,RF,RF_20km,RF_10km,ok,ssim_rank_7,TH53,0.820168673992157,,,,
2024,across_radii,RF,RF_20km,RF_10km,ok,ssim_rank_7,TH54,0.7897936105728149,,,,
2024,across_radii,RF,RF_20km,RF_10km,ok,ssim_rank_7,TH55,0.7629594802856445,,,,
2024,across_radii,RF,RF_20km,RF_10km,ok,ssim_rank_7,TH56,0.8016567826271057,,,,
2024,across_radii,RF,RF_20km,RF_10km,ok,ssim_rank_7,TH57,0.8324933648109436,,,,
2024,across_radii,RF,RF_20km,RF_10km,ok,ssim_rank_7,TH58,0.6907467246055603,,,,
2024,across_radii,RF,RF_20km,RF_10km,ok,ssim_raw_21,TH50,0.8736535906791687,,,,
2024,across_radii,RF,RF_20km,RF_10km,ok,ssim_raw_21,TH51,0.9585511088371277,,,,
2024,across_radii,RF,RF_20km,RF_10km,ok,ssim_raw_21,TH52,0.888113796710968,,,,
2024,across_radii,RF,RF_20km,RF_10km,ok,ssim_raw_21,TH53,0.9416936635971069,,,,
2024,across_radii,RF,RF_20km,RF_10km,ok,ssim_raw_21,TH54,0.9075721502304077,,,,
2024,across_radii,RF,RF_20km,RF_10km,ok,ssim_raw_21,TH55,0.8690584897994995,,,,
2024,across_radii,RF,RF_20km,RF_10km,ok,ssim_raw_21,TH56,0.9083932042121887,,,,
2024,across_radii,RF,RF_20km,RF_10km,ok,ssim_raw_21,TH57,0.9378594160079956,,,,
2024,across_radii,RF,RF_20km,RF_10km,ok,ssim_raw_21,TH58,0.7775374054908752,,,,
2024,across_radii,RF,RF_20km,RF_10km,ok,ssim_rank_21,TH50,0.86268150806427,,,,
2024,across_radii,RF,RF_20km,RF_10km,ok,ssim_rank_21,TH51,0.9385554194450378,,,,
2024,across_radii,RF,RF_20km,RF_10km,ok,ssim_rank_21,TH52,0.8436747193336487,,,,
2024,across_radii,RF,RF_20km,RF_10km,ok,ssim_rank_21,TH53,0.9005705118179321,,,,
2024,across_radii,RF,RF_20km,RF_10km,ok,ssim_rank_21,TH54,0.836601197719574,,,,
2024,across_radii,RF,RF_20km,RF_10km,ok,ssim_rank_21,TH55,0.8288640379905701,,,,
2024,across_radii,RF,RF_20km,RF_10km,ok,ssim_rank_21,TH56,0.8673405647277832,,,,
2024,across_radii,RF,RF_20km,RF_10km,ok,ssim_rank_21,TH57,0.8684741854667664,,,,
2024,across_radii,RF,RF_20km,RF_10km,ok,ssim_rank_21,TH58,0.744929313659668,,,,
2024,across_radii,RF,RF_20km,RF_10km,ok,jaccard_top10,TH50,0.8963994565217391,8365.0,8384.0,7917.0,8832.0
2024,across_radii,RF,RF_20km,RF_10km,ok,jaccard_top10,TH51,0.8860606060606061,3155.0,3069.0,2924.0,3300.0
2024,across_radii,RF,RF_20km,RF_10km,ok,jaccard_top10,TH52,0.8766047424860293,6192.0,6233.0,5804.0,6621.0
2024,across_radii,RF,RF_20km,RF_10km,ok,jaccard_top10,TH53,0.8798063229849046,3248.0,3352.0,3089.0,3511.0
2024,across_radii,RF,RF_20km,RF_10km,ok,jaccard_top10,TH54,0.8656532456861133,2248.0,2293.0,2107.0,2434.0
2024,across_radii,RF,RF_20km,RF_10km,ok,jaccard_top10,TH55,0.8656980864635011,2640.0,2625.0,2443.0,2822.0
2024,across_radii,RF,RF_20km,RF_10km,ok,jaccard_top10,TH56,0.8162826420890937,3013.0,2899.0,2657.0,3255.0
2024,across_radii,RF,RF_20km,RF_10km,ok,jaccard_top10,TH57,0.8739304668038558,8692.0,8610.0,8069.0,9233.0
2024,across_radii,RF,RF_20km,RF_10km,ok,jaccard_top10,TH58,0.7917737789203085,653.0,741.0,616.0,778.0
2024,across_radii,RF,RF_25km,RF_10km,ok,ssim_raw_7,TH50,0.8365380167961121,,,,
2024,across_radii,RF,RF_25km,RF_10km,ok,ssim_raw_7,TH51,0.9231591820716858,,,,
2024,across_radii,RF,RF_25km,RF_10km,ok,ssim_raw_7,TH52,0.8656111359596252,,,,
2024,across_radii,RF,RF_25km,RF_10km,ok,ssim_raw_7,TH53,0.9120712280273438,,,,
2024,across_radii,RF,RF_25km,RF_10km,ok,ssim_raw_7,TH54,0.8931816816329956,,,,
2024,across_radii,RF,RF_25km,RF_10km,ok,ssim_raw_7,TH55,0.8276287913322449,,,,
2024,across_radii,RF,RF_25km,RF_10km,ok,ssim_raw_7,TH56,0.8848046660423279,,,,
2024,across_radii,RF,RF_25km,RF_10km,ok,ssim_raw_7,TH57,0.9034389853477478,,,,
2024,across_radii,RF,RF_25km,RF_10km,ok,ssim_raw_7,TH58,0.7139264345169067,,,,
2024,across_radii,RF,RF_25km,RF_10km,ok,ssim_rank_7,TH50,0.8078427314758301,,,,
2024,across_radii,RF,RF_25km,RF_10km,ok,ssim_rank_7,TH51,0.8648796081542969,,,,
2024,across_radii,RF,RF_25km,RF_10km,ok,ssim_rank_7,TH52,0.7693324685096741,,,,
2024,across_radii,RF,RF_25km,RF_10km,ok,ssim_rank_7,TH53,0.8125542402267456,,,,
2024,across_radii,RF,RF_25km,RF_10km,ok,ssim_rank_7,TH54,0.7704504728317261,,,,
2024,across_radii,RF,RF_25km,RF_10km,ok,ssim_rank_7,TH55,0.7373984456062317,,,,
2024,across_radii,RF,RF_25km,RF_10km,ok,ssim_rank_7,TH56,0.7756643891334534,,,,
2024,across_radii,RF,RF_25km,RF_10km,ok,ssim_rank_7,TH57,0.8114644289016724,,,,
2024,across_radii,RF,RF_25km,RF_10km,ok,ssim_rank_7,TH58,0.6549010872840881,,,,
2024,across_radii,RF,RF_25km,RF_10km,ok,ssim_raw_21,TH50,0.8564152717590332,,,,
2024,across_radii,RF,RF_25km,RF_10km,ok,ssim_raw_21,TH51,0.9499271512031555,,,,
2024,across_radii,RF,RF_25km,RF_10km,ok,ssim_raw_21,TH52,0.8725396990776062,,,,
2024,across_radii,RF,RF_25km,RF_10km,ok,ssim_raw_21,TH53,0.9244034886360168,,,,
2024,across_radii,RF,RF_25km,RF_10km,ok,ssim_raw_21,TH54,0.8963252305984497,,,,
2024,across_radii,RF,RF_25km,RF_10km,ok,ssim_raw_21,TH55,0.8490461111068726,,,,
2024,across_radii,RF,RF_25km,RF_10km,ok,ssim_raw_21,TH56,0.8927639722824097,,,,
2024,across_radii,RF,RF_25km,RF_10km,ok,ssim_raw_21,TH57,0.9259867072105408,,,,
2024,across_radii,RF,RF_25km,RF_10km,ok,ssim_raw_21,TH58,0.7448770403862,,,,
2024,across_radii,RF,RF_25km,RF_10km,ok,ssim_rank_21,TH50,0.850396990776062,,,,
2024,across_radii,RF,RF_25km,RF_10km,ok,ssim_rank_21,TH51,0.9265625476837158,,,,
2024,across_radii,RF,RF_25km,RF_10km,ok,ssim_rank_21,TH52,0.8228133320808411,,,,
2024,across_radii,RF,RF_25km,RF_10km,ok,ssim_rank_21,TH53,0.8945569396018982,,,,
2024,across_radii,RF,RF_25km,RF_10km,ok,ssim_rank_21,TH54,0.8191764950752258,,,,
2024,across_radii,RF,RF_25km,RF_10km,ok,ssim_rank_21,TH55,0.8066806197166443,,,,
2024,across_radii,RF,RF_25km,RF_10km,ok,ssim_rank_21,TH56,0.8468457460403442,,,,
2024,across_radii,RF,RF_25km,RF_10km,ok,ssim_rank_21,TH57,0.8498620390892029,,,,
2024,across_radii,RF,RF_25km,RF_10km,ok,ssim_rank_21,TH58,0.714625358581543,,,,
2024,across_radii,RF,RF_25km,RF_10km,ok,jaccard_top10,TH50,0.8849778585216305,8217.0,8384.0,7794.0,8807.0
2024,across_radii,RF,RF_25km,RF_10km,ok,jaccard_top10,TH51,0.8799034399517199,3161.0,3069.0,2916.0,3314.0
2024,across_radii,RF,RF_25km,RF_10km,ok,jaccard_top10,TH52,0.8699713726081061,6178.0,6233.0,5774.0,6637.0
2024,across_radii,RF,RF_25km,RF_10km,ok,jaccard_top10,TH53,0.8206492815327302,3490.0,3352.0,3084.0,3758.0
2024,across_radii,RF,RF_25km,RF_10km,ok,jaccard_top10,TH54,0.8057471264367816,2420.0,2293.0,2103.0,2610.0
2024,across_radii,RF,RF_25km,RF_10km,ok,jaccard_top10,TH55,0.8585750089509488,2566.0,2625.0,2398.0,2793.0
2024,across_radii,RF,RF_25km,RF_10km,ok,jaccard_top10,TH56,0.8040926873307253,3096.0,2899.0,2672.0,3323.0
2024,across_radii,RF,RF_25km,RF_10km,ok,jaccard_top10,TH57,0.8725597718797982,8464.0,8610.0,7956.0,9118.0
2024,across_radii,RF,RF_25km,RF_10km,ok,jaccard_top10,TH58,0.7828947368421053,614.0,741.0,595.0,760.0
2024,across_radii,RF,RF_Rinf,RF_10km,ok,ssim_raw_7,TH50,0.8261284828186035,,,,
2024,across_radii,RF,RF_Rinf,RF_10km,ok,ssim_raw_7,TH51,0.9097451567649841,,,,
2024,across_radii,RF,RF_Rinf,RF_10km,ok,ssim_raw_7,TH52,0.8498741388320923,,,,
2024,across_radii,RF,RF_Rinf,RF_10km,ok,ssim_raw_7,TH53,0.8967379331588745,,,,
2024,across_radii,RF,RF_Rinf,RF_10km,ok,ssim_raw_7,TH54,0.8666457533836365,,,,
2024,across_radii,RF,RF_Rinf,RF_10km,ok,ssim_raw_7,TH55,0.8122836351394653,,,,
2024,across_radii,RF,RF_Rinf,RF_10km,ok,ssim_raw_7,TH56,0.8547539114952087,,,,
2024,across_radii,RF,RF_Rinf,RF_10km,ok,ssim_raw_7,TH57,0.8793242573738098,,,,
2024,across_radii,RF,RF_Rinf,RF_10km,ok,ssim_raw_7,TH58,0.6884438395500183,,,,
2024,across_radii,RF,RF_Rinf,RF_10km,ok,ssim_rank_7,TH50,0.790594756603241,,,,
2024,across_radii,RF,RF_Rinf,RF_10km,ok,ssim_rank_7,TH51,0.8420112133026123,,,,
2024,across_radii,RF,RF_Rinf,RF_10km,ok,ssim_rank_7,TH52,0.7586594223976135,,,,
2024,across_radii,RF,RF_Rinf,RF_10km,ok,ssim_rank_7,TH53,0.7884026765823364,,,,
2024,across_radii,RF,RF_Rinf,RF_10km,ok,ssim_rank_7,TH54,0.7369694709777832,,,,
2024,across_radii,RF,RF_Rinf,RF_10km,ok,ssim_rank_7,TH55,0.7344173192977905,,,,
2024,across_radii,RF,RF_Rinf,RF_10km,ok,ssim_rank_7,TH56,0.769642174243927,,,,
2024,across_radii,RF,RF_Rinf,RF_10km,ok,ssim_rank_7,TH57,0.8051902055740356,,,,
2024,across_radii,RF,RF_Rinf,RF_10km,ok,ssim_rank_7,TH58,0.6217847466468811,,,,
2024,across_radii,RF,RF_Rinf,RF_10km,ok,ssim_raw_21,TH50,0.8481063842773438,,,,
2024,across_radii,RF,RF_Rinf,RF_10km,ok,ssim_raw_21,TH51,0.9377143979072571,,,,
2024,across_radii,RF,RF_Rinf,RF_10km,ok,ssim_raw_21,TH52,0.8593605160713196,,,,
2024,across_radii,RF,RF_Rinf,RF_10km,ok,ssim_raw_21,TH53,0.9091039299964905,,,,
2024,across_radii,RF,RF_Rinf,RF_10km,ok,ssim_raw_21,TH54,0.8772997260093689,,,,
2024,across_radii,RF,RF_Rinf,RF_10km,ok,ssim_raw_21,TH55,0.840185821056366,,,,
2024,across_radii,RF,RF_Rinf,RF_10km,ok,ssim_raw_21,TH56,0.8701893091201782,,,,
2024,across_radii,RF,RF_Rinf,RF_10km,ok,ssim_raw_21,TH57,0.9080165028572083,,,,
2024,across_radii,RF,RF_Rinf,RF_10km,ok,ssim_raw_21,TH58,0.7250070571899414,,,,
2024,across_radii,RF,RF_Rinf,RF_10km,ok,ssim_rank_21,TH50,0.8346245288848877,,,,
2024,across_radii,RF,RF_Rinf,RF_10km,ok,ssim_rank_21,TH51,0.9095866680145264,,,,
2024,across_radii,RF,RF_Rinf,RF_10km,ok,ssim_rank_21,TH52,0.8170982003211975,,,,
2024,across_radii,RF,RF_Rinf,RF_10km,ok,ssim_rank_21,TH53,0.8777222037315369,,,,
2024,across_radii,RF,RF_Rinf,RF_10km,ok,ssim_rank_21,TH54,0.7918860912322998,,,,
2024,across_radii,RF,RF_Rinf,RF_10km,ok,ssim_rank_21,TH55,0.8011612296104431,,,,
2024,across_radii,RF,RF_Rinf,RF_10km,ok,ssim_rank_21,TH56,0.83845454454422,,,,
2024,across_radii,RF,RF_Rinf,RF_10km,ok,ssim_rank_21,TH57,0.8404322266578674,,,,
2024,across_radii,RF,RF_Rinf,RF_10km,ok,ssim_rank_21,TH58,0.6848368048667908,,,,
2024,across_radii,RF,RF_Rinf,RF_10km,ok,jaccard_top10,TH50,0.8774860779634049,8136.0,8384.0,7721.0,8799.0
2024,across_radii,RF,RF_Rinf,RF_10km,ok,jaccard_top10,TH51,0.8811338006705273,3103.0,3069.0,2891.0,3281.0
2024,across_radii,RF,RF_Rinf,RF_10km,ok,jaccard_top10,TH52,0.8398529411764706,6278.0,6233.0,5711.0,6800.0
2024,across_radii,RF,RF_Rinf,RF_10km,ok,jaccard_top10,TH53,0.8242621175196317,3385.0,3352.0,3044.0,3693.0
2024,across_radii,RF,RF_Rinf,RF_10km,ok,jaccard_top10,TH54,0.7863312054074352,2464.0,2293.0,2094.0,2663.0
2024,across_radii,RF,RF_Rinf,RF_10km,ok,jaccard_top10,TH55,0.8414893617021276,2568.0,2625.0,2373.0,2820.0
2024,across_radii,RF,RF_Rinf,RF_10km,ok,jaccard_top10,TH56,0.7807772174428953,3104.0,2899.0,2632.0,3371.0
2024,across_radii,RF,RF_Rinf,RF_10km,ok,jaccard_top10,TH57,0.8567582121701669,8630.0,8610.0,7955.0,9285.0
2024,across_radii,RF,RF_Rinf,RF_10km,ok,jaccard_top10,TH58,0.7167785234899329,538.0,741.0,534.0,745.0
2024,across_radii,XGB,XGB_1km,XGB_10km,ok,ssim_raw_7,TH50,0.15355342626571655,,,,
2024,across_radii,XGB,XGB_1km,XGB_10km,ok,ssim_raw_7,TH51,0.25095537304878235,,,,
2024,across_radii,XGB,XGB_1km,XGB_10km,ok,ssim_raw_7,TH52,0.19750282168388367,,,,
2024,across_radii,XGB,XGB_1km,XGB_10km,ok,ssim_raw_7,TH53,0.22254174947738647,,,,
2024,across_radii,XGB,XGB_1km,XGB_10km,ok,ssim_raw_7,TH54,0.21227025985717773,,,,
2024,across_radii,XGB,XGB_1km,XGB_10km,ok,ssim_raw_7,TH55,0.1338214874267578,,,,
2024,across_radii,XGB,XGB_1km,XGB_10km,ok,ssim_raw_7,TH56,0.20249231159687042,,,,
2024,across_radii,XGB,XGB_1km,XGB_10km,ok,ssim_raw_7,TH57,0.2521718144416809,,,,
2024,across_radii,XGB,XGB_1km,XGB_10km,ok,ssim_raw_7,TH58,0.06701106578111649,,,,
2024,across_radii,XGB,XGB_1km,XGB_10km,ok,ssim_rank_7,TH50,0.2639864385128021,,,,
2024,across_radii,XGB,XGB_1km,XGB_10km,ok,ssim_rank_7,TH51,0.37975120544433594,,,,
2024,across_radii,XGB,XGB_1km,XGB_10km,ok,ssim_rank_7,TH52,0.38903212547302246,,,,
2024,across_radii,XGB,XGB_1km,XGB_10km,ok,ssim_rank_7,TH53,0.3731550872325897,,,,
2024,across_radii,XGB,XGB_1km,XGB_10km,ok,ssim_rank_7,TH54,0.3845236599445343,,,,
2024,across_radii,XGB,XGB_1km,XGB_10km,ok,ssim_rank_7,TH55,0.27804216742515564,,,,
2024,across_radii,XGB,XGB_1km,XGB_10km,ok,ssim_rank_7,TH56,0.3166992962360382,,,,
2024,across_radii,XGB,XGB_1km,XGB_10km,ok,ssim_rank_7,TH57,0.24092964828014374,,,,
2024,across_radii,XGB,XGB_1km,XGB_10km,ok,ssim_rank_7,TH58,0.196441650390625,,,,
2024,across_radii,XGB,XGB_1km,XGB_10km,ok,ssim_raw_21,TH50,0.15533743798732758,,,,
2024,across_radii,XGB,XGB_1km,XGB_10km,ok,ssim_raw_21,TH51,0.29917246103286743,,,,
2024,across_radii,XGB,XGB_1km,XGB_10km,ok,ssim_raw_21,TH52,0.2299044281244278,,,,
2024,across_radii,XGB,XGB_1km,XGB_10km,ok,ssim_raw_21,TH53,0.28150081634521484,,,,
2024,across_radii,XGB,XGB_1km,XGB_10km,ok,ssim_raw_21,TH54,0.2405046671628952,,,,
2024,across_radii,XGB,XGB_1km,XGB_10km,ok,ssim_raw_21,TH55,0.1402856707572937,,,,
2024,across_radii,XGB,XGB_1km,XGB_10km,ok,ssim_raw_21,TH56,0.21396106481552124,,,,
2024,across_radii,XGB,XGB_1km,XGB_10km,ok,ssim_raw_21,TH57,0.2776809334754944,,,,
2024,across_radii,XGB,XGB_1km,XGB_10km,ok,ssim_raw_21,TH58,0.07964792847633362,,,,
2024,across_radii,XGB,XGB_1km,XGB_10km,ok,ssim_rank_21,TH50,0.18157681822776794,,,,
2024,across_radii,XGB,XGB_1km,XGB_10km,ok,ssim_rank_21,TH51,0.3750913441181183,,,,
2024,across_radii,XGB,XGB_1km,XGB_10km,ok,ssim_rank_21,TH52,0.4184461534023285,,,,
2024,across_radii,XGB,XGB_1km,XGB_10km,ok,ssim_rank_21,TH53,0.3794781565666199,,,,
2024,across_radii,XGB,XGB_1km,XGB_10km,ok,ssim_rank_21,TH54,0.397042453289032,,,,
2024,across_radii,XGB,XGB_1km,XGB_10km,ok,ssim_rank_21,TH55,0.18129940330982208,,,,
2024,across_radii,XGB,XGB_1km,XGB_10km,ok,ssim_rank_21,TH56,0.3029053211212158,,,,
2024,across_radii,XGB,XGB_1km,XGB_10km,ok,ssim_rank_21,TH57,0.21099664270877838,,,,
2024,across_radii,XGB,XGB_1km,XGB_10km,ok,ssim_rank_21,TH58,0.06129393354058266,,,,
2024,across_radii,XGB,XGB_1km,XGB_10km,ok,jaccard_top10,TH50,0.19806143539305823,7842.0,8968.0,2779.0,14031.0
2024,across_radii,XGB,XGB_1km,XGB_10km,ok,jaccard_top10,TH51,0.2531041069723018,2118.0,3130.0,1060.0,4188.0
2024,across_radii,XGB,XGB_1km,XGB_10km,ok,jaccard_top10,TH52,0.24516021361815754,8673.0,6249.0,2938.0,11984.0
2024,across_radii,XGB,XGB_1km,XGB_10km,ok,jaccard_top10,TH53,0.17266811279826463,2538.0,2868.0,796.0,4610.0
2024,across_radii,XGB,XGB_1km,XGB_10km,ok,jaccard_top10,TH54,0.16851918250268913,1409.0,1850.0,470.0,2789.0
2024,across_radii,XGB,XGB_1km,XGB_10km,ok,jaccard_top10,TH55,0.14023270055113288,2731.0,2855.0,687.0,4899.0
2024,across_radii,XGB,XGB_1km,XGB_10km,ok,jaccard_top10,TH56,0.1557759626604434,1894.0,2068.0,534.0,3428.0
2024,across_radii,XGB,XGB_1km,XGB_10km,ok,jaccard_top10,TH57,0.20097120463452037,4801.0,9296.0,2359.0,11738.0
2024,across_radii,XGB,XGB_1km,XGB_10km,ok,jaccard_top10,TH58,0.05950609937518596,6200.0,922.0,400.0,6722.0
2024,across_radii,XGB,XGB_5km,XGB_10km,ok,ssim_raw_7,TH50,0.725480854511261,,,,
2024,across_radii,XGB,XGB_5km,XGB_10km,ok,ssim_raw_7,TH51,0.8393041491508484,,,,
2024,across_radii,XGB,XGB_5km,XGB_10km,ok,ssim_raw_7,TH52,0.7918617725372314,,,,
2024,across_radii,XGB,XGB_5km,XGB_10km,ok,ssim_raw_7,TH53,0.877438485622406,,,,
2024,across_radii,XGB,XGB_5km,XGB_10km,ok,ssim_raw_7,TH54,0.8521183133125305,,,,
2024,across_radii,XGB,XGB_5km,XGB_10km,ok,ssim_raw_7,TH55,0.8162086009979248,,,,
2024,across_radii,XGB,XGB_5km,XGB_10km,ok,ssim_raw_7,TH56,0.8780803084373474,,,,
2024,across_radii,XGB,XGB_5km,XGB_10km,ok,ssim_raw_7,TH57,0.7967482209205627,,,,
2024,across_radii,XGB,XGB_5km,XGB_10km,ok,ssim_raw_7,TH58,0.6503652334213257,,,,
2024,across_radii,XGB,XGB_5km,XGB_10km,ok,ssim_rank_7,TH50,0.7691763043403625,,,,
2024,across_radii,XGB,XGB_5km,XGB_10km,ok,ssim_rank_7,TH51,0.8416717052459717,,,,
2024,across_radii,XGB,XGB_5km,XGB_10km,ok,ssim_rank_7,TH52,0.7917742133140564,,,,
2024,across_radii,XGB,XGB_5km,XGB_10km,ok,ssim_rank_7,TH53,0.8014175295829773,,,,
2024,across_radii,XGB,XGB_5km,XGB_10km,ok,ssim_rank_7,TH54,0.75131756067276,,,,
2024,across_radii,XGB,XGB_5km,XGB_10km,ok,ssim_rank_7,TH55,0.7924274206161499,,,,
2024,across_radii,XGB,XGB_5km,XGB_10km,ok,ssim_rank_7,TH56,0.8019405007362366,,,,
2024,across_radii,XGB,XGB_5km,XGB_10km,ok,ssim_rank_7,TH57,0.8401342630386353,,,,
2024,across_radii,XGB,XGB_5km,XGB_10km,ok,ssim_rank_7,TH58,0.7186577916145325,,,,
2024,across_radii,XGB,XGB_5km,XGB_10km,ok,ssim_raw_21,TH50,0.7094005346298218,,,,
2024,across_radii,XGB,XGB_5km,XGB_10km,ok,ssim_raw_21,TH51,0.8656716346740723,,,,
2024,across_radii,XGB,XGB_5km,XGB_10km,ok,ssim_raw_21,TH52,0.8089945316314697,,,,
2024,across_radii,XGB,XGB_5km,XGB_10km,ok,ssim_raw_21,TH53,0.8929194808006287,,,,
2024,across_radii,XGB,XGB_5km,XGB_10km,ok,ssim_raw_21,TH54,0.8316477537155151,,,,
2024,across_radii,XGB,XGB_5km,XGB_10km,ok,ssim_raw_21,TH55,0.8272848129272461,,,,
2024,across_radii,XGB,XGB_5km,XGB_10km,ok,ssim_raw_21,TH56,0.8742579221725464,,,,
2024,across_radii,XGB,XGB_5km,XGB_10km,ok,ssim_raw_21,TH57,0.803560197353363,,,,
2024,across_radii,XGB,XGB_5km,XGB_10km,ok,ssim_raw_21,TH58,0.6145942211151123,,,,
2024,across_radii,XGB,XGB_5km,XGB_10km,ok,ssim_rank_21,TH50,0.8014289736747742,,,,
2024,across_radii,XGB,XGB_5km,XGB_10km,ok,ssim_rank_21,TH51,0.8782540559768677,,,,
2024,across_radii,XGB,XGB_5km,XGB_10km,ok,ssim_rank_21,TH52,0.84315425157547,,,,
2024,across_radii,XGB,XGB_5km,XGB_10km,ok,ssim_rank_21,TH53,0.8643311262130737,,,,
2024,across_radii,XGB,XGB_5km,XGB_10km,ok,ssim_rank_21,TH54,0.8116101026535034,,,,
2024,across_radii,XGB,XGB_5km,XGB_10km,ok,ssim_rank_21,TH55,0.8414245843887329,,,,
2024,across_radii,XGB,XGB_5km,XGB_10km,ok,ssim_rank_21,TH56,0.8661150932312012,,,,
2024,across_radii,XGB,XGB_5km,XGB_10km,ok,ssim_rank_21,TH57,0.8791062235832214,,,,
2024,across_radii,XGB,XGB_5km,XGB_10km,ok,ssim_rank_21,TH58,0.7697579860687256,,,,
2024,across_radii,XGB,XGB_5km,XGB_10km,ok,jaccard_top10,TH50,0.7488111089975271,9419.0,8968.0,7873.0,10514.0
2024,across_radii,XGB,XGB_5km,XGB_10km,ok,jaccard_top10,TH51,0.8010113027959548,2925.0,3130.0,2693.0,3362.0
2024,across_radii,XGB,XGB_5km,XGB_10km,ok,jaccard_top10,TH52,0.7400552486187846,6349.0,6249.0,5358.0,7240.0
2024,across_radii,XGB,XGB_5km,XGB_10km,ok,jaccard_top10,TH53,0.7021146184492798,2686.0,2868.0,2291.0,3263.0
2024,across_radii,XGB,XGB_5km,XGB_10km,ok,jaccard_top10,TH54,0.6264822134387352,1442.0,1850.0,1268.0,2024.0
2024,across_radii,XGB,XGB_5km,XGB_10km,ok,jaccard_top10,TH55,0.7342908438061041,2941.0,2855.0,2454.0,3342.0
2024,across_radii,XGB,XGB_5km,XGB_10km,ok,jaccard_top10,TH56,0.7039106145251397,2202.0,2068.0,1764.0,2506.0
2024,across_radii,XGB,XGB_5km,XGB_10km,ok,jaccard_top10,TH57,0.7532757449286616,8768.0,9296.0,7761.0,10303.0
2024,across_radii,XGB,XGB_5km,XGB_10km,ok,jaccard_top10,TH58,0.5097668557025835,1474.0,922.0,809.0,1587.0
2024,across_radii,XGB,XGB_20km,XGB_10km,ok,ssim_raw_7,TH50,0.9150416851043701,,,,
2024,across_radii,XGB,XGB_20km,XGB_10km,ok,ssim_raw_7,TH51,0.9175717234611511,,,,
2024,across_radii,XGB,XGB_20km,XGB_10km,ok,ssim_raw_7,TH52,0.9221604466438293,,,,
2024,across_radii,XGB,XGB_20km,XGB_10km,ok,ssim_raw_7,TH53,0.8993159532546997,,,,
2024,across_radii,XGB,XGB_20km,XGB_10km,ok,ssim_raw_7,TH54,0.916948676109314,,,,
2024,across_radii,XGB,XGB_20km,XGB_10km,ok,ssim_raw_7,TH55,0.9343502521514893,,,,
2024,across_radii,XGB,XGB_20km,XGB_10km,ok,ssim_raw_7,TH56,0.9189108610153198,,,,
2024,across_radii,XGB,XGB_20km,XGB_10km,ok,ssim_raw_7,TH57,0.8981291651725769,,,,
2024,across_radii,XGB,XGB_20km,XGB_10km,ok,ssim_raw_7,TH58,0.9520719647407532,,,,
2024,across_radii,XGB,XGB_20km,XGB_10km,ok,ssim_rank_7,TH50,0.8718395829200745,,,,
2024,across_radii,XGB,XGB_20km,XGB_10km,ok,ssim_rank_7,TH51,0.9182935357093811,,,,
2024,across_radii,XGB,XGB_20km,XGB_10km,ok,ssim_rank_7,TH52,0.8932992815971375,,,,
2024,across_radii,XGB,XGB_20km,XGB_10km,ok,ssim_rank_7,TH53,0.914384663105011,,,,
2024,across_radii,XGB,XGB_20km,XGB_10km,ok,ssim_rank_7,TH54,0.903753936290741,,,,
2024,across_radii,XGB,XGB_20km,XGB_10km,ok,ssim_rank_7,TH55,0.8801368474960327,,,,
2024,across_radii,XGB,XGB_20km,XGB_10km,ok,ssim_rank_7,TH56,0.8982607126235962,,,,
2024,across_radii,XGB,XGB_20km,XGB_10km,ok,ssim_rank_7,TH57,0.8958790898323059,,,,
2024,across_radii,XGB,XGB_20km,XGB_10km,ok,ssim_rank_7,TH58,0.8496021628379822,,,,
2024,across_radii,XGB,XGB_20km,XGB_10km,ok,ssim_raw_21,TH50,0.9042251706123352,,,,
2024,across_radii,XGB,XGB_20km,XGB_10km,ok,ssim_raw_21,TH51,0.9238022565841675,,,,
2024,across_radii,XGB,XGB_20km,XGB_10km,ok,ssim_raw_21,TH52,0.9250615239143372,,,,
2024,across_radii,XGB,XGB_20km,XGB_10km,ok,ssim_raw_21,TH53,0.899402916431427,,,,
2024,across_radii,XGB,XGB_20km,XGB_10km,ok,ssim_raw_21,TH54,0.8992394208908081,,,,
2024,across_radii,XGB,XGB_20km,XGB_10km,ok,ssim_raw_21,TH55,0.922545313835144,,,,
2024,across_radii,XGB,XGB_20km,XGB_10km,ok,ssim_raw_21,TH56,0.9278408885002136,,,,
2024,across_radii,XGB,XGB_20km,XGB_10km,ok,ssim_raw_21,TH57,0.9070397019386292,,,,
2024,across_radii,XGB,XGB_20km,XGB_10km,ok,ssim_raw_21,TH58,0.9436449408531189,,,,
2024,across_radii,XGB,XGB_20km,XGB_10km,ok,ssim_rank_21,TH50,0.9093806147575378,,,,
2024,across_radii,XGB,XGB_20km,XGB_10km,ok,ssim_rank_21,TH51,0.9557153582572937,,,,
2024,across_radii,XGB,XGB_20km,XGB_10km,ok,ssim_rank_21,TH52,0.9301724433898926,,,,
2024,across_radii,XGB,XGB_20km,XGB_10km,ok,ssim_rank_21,TH53,0.9473811984062195,,,,
2024,across_radii,XGB,XGB_20km,XGB_10km,ok,ssim_rank_21,TH54,0.9414652585983276,,,,
2024,across_radii,XGB,XGB_20km,XGB_10km,ok,ssim_rank_21,TH55,0.9189866185188293,,,,
2024,across_radii,XGB,XGB_20km,XGB_10km,ok,ssim_rank_21,TH56,0.9361394047737122,,,,
2024,across_radii,XGB,XGB_20km,XGB_10km,ok,ssim_rank_21,TH57,0.9313552379608154,,,,
2024,across_radii,XGB,XGB_20km,XGB_10km,ok,ssim_rank_21,TH58,0.8906375765800476,,,,
2024,across_radii,XGB,XGB_20km,XGB_10km,ok,jaccard_top10,TH50,0.8228913219789132,9013.0,8968.0,8117.0,9864.0
2024,across_radii,XGB,XGB_20km,XGB_10km,ok,jaccard_top10,TH51,0.833283626603042,3017.0,3130.0,2794.0,3353.0
2024,across_radii,XGB,XGB_20km,XGB_10km,ok,jaccard_top10,TH52,0.8135815035626,6223.0,6249.0,5595.0,6877.0
2024,across_radii,XGB,XGB_20km,XGB_10km,ok,jaccard_top10,TH53,0.7236654296317442,3170.0,2868.0,2535.0,3503.0
2024,across_radii,XGB,XGB_20km,XGB_10km,ok,jaccard_top10,TH54,0.7187218721872187,1969.0,1850.0,1597.0,2222.0
2024,across_radii,XGB,XGB_20km,XGB_10km,ok,jaccard_top10,TH55,0.7648507232994768,2879.0,2855.0,2485.0,3249.0
2024,across_radii,XGB,XGB_20km,XGB_10km,ok,jaccard_top10,TH56,0.6983362521891419,1811.0,2068.0,1595.0,2284.0
2024,across_radii,XGB,XGB_20km,XGB_10km,ok,jaccard_top10,TH57,0.7878700499807766,9305.0,9296.0,8197.0,10404.0
2024,across_radii,XGB,XGB_20km,XGB_10km,ok,jaccard_top10,TH58,0.7135826771653543,819.0,922.0,725.0,1016.0
2024,across_radii,XGB,XGB_25km,XGB_10km,ok,ssim_raw_7,TH50,0.9087673425674438,,,,
2024,across_radii,XGB,XGB_25km,XGB_10km,ok,ssim_raw_7,TH51,0.9078028798103333,,,,
2024,across_radii,XGB,XGB_25km,XGB_10km,ok,ssim_raw_7,TH52,0.9144331812858582,,,,
2024,across_radii,XGB,XGB_25km,XGB_10km,ok,ssim_raw_7,TH53,0.8810997605323792,,,,
2024,across_radii,XGB,XGB_25km,XGB_10km,ok,ssim_raw_7,TH54,0.900916337966919,,,,
2024,across_radii,XGB,XGB_25km,XGB_10km,ok,ssim_raw_7,TH55,0.923628032207489,,,,
2024,across_radii,XGB,XGB_25km,XGB_10km,ok,ssim_raw_7,TH56,0.8959400057792664,,,,
2024,across_radii,XGB,XGB_25km,XGB_10km,ok,ssim_raw_7,TH57,0.8808680176734924,,,,
2024,across_radii,XGB,XGB_25km,XGB_10km,ok,ssim_raw_7,TH58,0.9392203092575073,,,,
2024,across_radii,XGB,XGB_25km,XGB_10km,ok,ssim_rank_7,TH50,0.8527956008911133,,,,
2024,across_radii,XGB,XGB_25km,XGB_10km,ok,ssim_rank_7,TH51,0.9111971855163574,,,,
2024,across_radii,XGB,XGB_25km,XGB_10km,ok,ssim_rank_7,TH52,0.8727095723152161,,,,
2024,across_radii,XGB,XGB_25km,XGB_10km,ok,ssim_rank_7,TH53,0.8938629031181335,,,,
2024,across_radii,XGB,XGB_25km,XGB_10km,ok,ssim_rank_7,TH54,0.8818437457084656,,,,
2024,across_radii,XGB,XGB_25km,XGB_10km,ok,ssim_rank_7,TH55,0.859552800655365,,,,
2024,across_radii,XGB,XGB_25km,XGB_10km,ok,ssim_rank_7,TH56,0.8712573051452637,,,,
2024,across_radii,XGB,XGB_25km,XGB_10km,ok,ssim_rank_7,TH57,0.8631292581558228,,,,
2024,across_radii,XGB,XGB_25km,XGB_10km,ok,ssim_rank_7,TH58,0.8099626898765564,,,,
2024,across_radii,XGB,XGB_25km,XGB_10km,ok,ssim_raw_21,TH50,0.8968701362609863,,,,
2024,across_radii,XGB,XGB_25km,XGB_10km,ok,ssim_raw_21,TH51,0.9151719212532043,,,,
2024,across_radii,XGB,XGB_25km,XGB_10km,ok,ssim_raw_21,TH52,0.91627436876297,,,,
2024,across_radii,XGB,XGB_25km,XGB_10km,ok,ssim_raw_21,TH53,0.874032199382782,,,,
2024,across_radii,XGB,XGB_25km,XGB_10km,ok,ssim_raw_21,TH54,0.8755820989608765,,,,
2024,across_radii,XGB,XGB_25km,XGB_10km,ok,ssim_raw_21,TH55,0.9103336334228516,,,,
2024,across_radii,XGB,XGB_25km,XGB_10km,ok,ssim_raw_21,TH56,0.8908178806304932,,,,
2024,across_radii,XGB,XGB_25km,XGB_10km,ok,ssim_raw_21,TH57,0.9002155661582947,,,,
2024,across_radii,XGB,XGB_25km,XGB_10km,ok,ssim_raw_21,TH58,0.927898645401001,,,,
2024,across_radii,XGB,XGB_25km,XGB_10km,ok,ssim_rank_21,TH50,0.8929964303970337,,,,
2024,across_radii,XGB,XGB_25km,XGB_10km,ok,ssim_rank_21,TH51,0.9459983706474304,,,,
2024,across_radii,XGB,XGB_25km,XGB_10km,ok,ssim_rank_21,TH52,0.9125823378562927,,,,
2024,across_radii,XGB,XGB_25km,XGB_10km,ok,ssim_rank_21,TH53,0.9344174861907959,,,,
2024,across_radii,XGB,XGB_25km,XGB_10km,ok,ssim_rank_21,TH54,0.9250619411468506,,,,
2024,across_radii,XGB,XGB_25km,XGB_10km,ok,ssim_rank_21,TH55,0.9045200347900391,,,,
2024,across_radii,XGB,XGB_25km,XGB_10km,ok,ssim_rank_21,TH56,0.9176434278488159,,,,
2024,across_radii,XGB,XGB_25km,XGB_10km,ok,ssim_rank_21,TH57,0.9051742553710938,,,,
2024,across_radii,XGB,XGB_25km,XGB_10km,ok,ssim_rank_21,TH58,0.8546885251998901,,,,
2024,across_radii,XGB,XGB_25km,XGB_10km,ok,jaccard_top10,TH50,0.8080808080808081,8753.0,8968.0,7920.0,9801.0
2024,across_radii,XGB,XGB_25km,XGB_10km,ok,jaccard_top10,TH51,0.8334814814814815,3058.0,3130.0,2813.0,3375.0
2024,across_radii,XGB,XGB_25km,XGB_10km,ok,jaccard_top10,TH52,0.8019372560358536,6215.0,6249.0,5547.0,6917.0
2024,across_radii,XGB,XGB_25km,XGB_10km,ok,jaccard_top10,TH53,0.6884176182707994,3342.0,2868.0,2532.0,3678.0
2024,across_radii,XGB,XGB_25km,XGB_10km,ok,jaccard_top10,TH54,0.722875226039783,1961.0,1850.0,1599.0,2212.0
2024,across_radii,XGB,XGB_25km,XGB_10km,ok,jaccard_top10,TH55,0.7412199630314233,2797.0,2855.0,2406.0,3246.0
2024,across_radii,XGB,XGB_25km,XGB_10km,ok,jaccard_top10,TH56,0.6445907034142329,1930.0,2068.0,1567.0,2431.0
2024,across_radii,XGB,XGB_25km,XGB_10km,ok,jaccard_top10,TH57,0.7742642156395847,9332.0,9296.0,8129.0,10499.0
2024,across_radii,XGB,XGB_25km,XGB_10km,ok,jaccard_top10,TH58,0.7058823529411765,818.0,922.0,720.0,1020.0
2024,across_radii,XGB,XGB_Rinf,XGB_10km,ok,ssim_raw_7,TH50,0.8990869522094727,,,,
2024,across_radii,XGB,XGB_Rinf,XGB_10km,ok,ssim_raw_7,TH51,0.8888272047042847,,,,
2024,across_radii,XGB,XGB_Rinf,XGB_10km,ok,ssim_raw_7,TH52,0.9021386504173279,,,,
2024,across_radii,XGB,XGB_Rinf,XGB_10km,ok,ssim_raw_7,TH53,0.8801106214523315,,,,
2024,across_radii,XGB,XGB_Rinf,XGB_10km,ok,ssim_raw_7,TH54,0.890677809715271,,,,
2024,across_radii,XGB,XGB_Rinf,XGB_10km,ok,ssim_raw_7,TH55,0.9187285900115967,,,,
2024,across_radii,XGB,XGB_Rinf,XGB_10km,ok,ssim_raw_7,TH56,0.8798878192901611,,,,
2024,across_radii,XGB,XGB_Rinf,XGB_10km,ok,ssim_raw_7,TH57,0.8549849390983582,,,,
2024,across_radii,XGB,XGB_Rinf,XGB_10km,ok,ssim_raw_7,TH58,0.9378709197044373,,,,
2024,across_radii,XGB,XGB_Rinf,XGB_10km,ok,ssim_rank_7,TH50,0.8390360474586487,,,,
2024,across_radii,XGB,XGB_Rinf,XGB_10km,ok,ssim_rank_7,TH51,0.9002445936203003,,,,
2024,across_radii,XGB,XGB_Rinf,XGB_10km,ok,ssim_rank_7,TH52,0.8700873255729675,,,,
2024,across_radii,XGB,XGB_Rinf,XGB_10km,ok,ssim_rank_7,TH53,0.8872893452644348,,,,
2024,across_radii,XGB,XGB_Rinf,XGB_10km,ok,ssim_rank_7,TH54,0.8815333247184753,,,,
2024,across_radii,XGB,XGB_Rinf,XGB_10km,ok,ssim_rank_7,TH55,0.8533939719200134,,,,
2024,across_radii,XGB,XGB_Rinf,XGB_10km,ok,ssim_rank_7,TH56,0.8805240988731384,,,,
2024,across_radii,XGB,XGB_Rinf,XGB_10km,ok,ssim_rank_7,TH57,0.8845680356025696,,,,
2024,across_radii,XGB,XGB_Rinf,XGB_10km,ok,ssim_rank_7,TH58,0.7821160554885864,,,,
2024,across_radii,XGB,XGB_Rinf,XGB_10km,ok,ssim_raw_21,TH50,0.8889922499656677,,,,
2024,across_radii,XGB,XGB_Rinf,XGB_10km,ok,ssim_raw_21,TH51,0.8932995796203613,,,,
2024,across_radii,XGB,XGB_Rinf,XGB_10km,ok,ssim_raw_21,TH52,0.8985092639923096,,,,
2024,across_radii,XGB,XGB_Rinf,XGB_10km,ok,ssim_raw_21,TH53,0.8637914657592773,,,,
2024,across_radii,XGB,XGB_Rinf,XGB_10km,ok,ssim_raw_21,TH54,0.8699960708618164,,,,
2024,across_radii,XGB,XGB_Rinf,XGB_10km,ok,ssim_raw_21,TH55,0.9063388109207153,,,,
2024,across_radii,XGB,XGB_Rinf,XGB_10km,ok,ssim_raw_21,TH56,0.8786090612411499,,,,
2024,across_radii,XGB,XGB_Rinf,XGB_10km,ok,ssim_raw_21,TH57,0.8675181865692139,,,,
2024,across_radii,XGB,XGB_Rinf,XGB_10km,ok,ssim_raw_21,TH58,0.9314346313476562,,,,
2024,across_radii,XGB,XGB_Rinf,XGB_10km,ok,ssim_rank_21,TH50,0.8816794157028198,,,,
2024,across_radii,XGB,XGB_Rinf,XGB_10km,ok,ssim_rank_21,TH51,0.9340668320655823,,,,
2024,across_radii,XGB,XGB_Rinf,XGB_10km,ok,ssim_rank_21,TH52,0.9124578237533569,,,,
2024,across_radii,XGB,XGB_Rinf,XGB_10km,ok,ssim_rank_21,TH53,0.9296969771385193,,,,
2024,across_radii,XGB,XGB_Rinf,XGB_10km,ok,ssim_rank_21,TH54,0.9217806458473206,,,,
2024,across_radii,XGB,XGB_Rinf,XGB_10km,ok,ssim_rank_21,TH55,0.8987169861793518,,,,
2024,across_radii,XGB,XGB_Rinf,XGB_10km,ok,ssim_rank_21,TH56,0.9260421395301819,,,,
2024,across_radii,XGB,XGB_Rinf,XGB_10km,ok,ssim_rank_21,TH57,0.9180924296379089,,,,
2024,across_radii,XGB,XGB_Rinf,XGB_10km,ok,ssim_rank_21,TH58,0.8371621370315552,,,,
2024,across_radii,XGB,XGB_Rinf,XGB_10km,ok,jaccard_top10,TH50,0.8010272213662044,8565.0,8968.0,7798.0,9735.0
2024,across_radii,XGB,XGB_Rinf,XGB_10km,ok,jaccard_top10,TH51,0.8253595538597006,3089.0,3130.0,2812.0,3407.0
2024,across_radii,XGB,XGB_Rinf,XGB_10km,ok,jaccard_top10,TH52,0.8000578703703703,6193.0,6249.0,5530.0,6912.0
2024,across_radii,XGB,XGB_Rinf,XGB_10km,ok,jaccard_top10,TH53,0.7021819212241428,3139.0,2868.0,2478.0,3529.0
2024,across_radii,XGB,XGB_Rinf,XGB_10km,ok,jaccard_top10,TH54,0.7101513802315227,1991.0,1850.0,1595.0,2246.0
2024,across_radii,XGB,XGB_Rinf,XGB_10km,ok,jaccard_top10,TH55,0.7332089552238806,2719.0,2855.0,2358.0,3216.0
2024,across_radii,XGB,XGB_Rinf,XGB_10km,ok,jaccard_top10,TH56,0.6815126050420168,1934.0,2068.0,1622.0,2380.0
2024,across_radii,XGB,XGB_Rinf,XGB_10km,ok,jaccard_top10,TH57,0.7703703703703704,9824.0,9296.0,8320.0,10800.0
2024,across_radii,XGB,XGB_Rinf,XGB_10km,ok,jaccard_top10,TH58,0.7012195121951219,752.0,922.0,690.0,984.0
2024,across_radii,LR,LR_1km,LR_10km,ok,ssim_raw_7,TH50,0.16013482213020325,,,,
2024,across_radii,LR,LR_1km,LR_10km,ok,ssim_raw_7,TH51,0.24641501903533936,,,,
2024,across_radii,LR,LR_1km,LR_10km,ok,ssim_raw_7,TH52,0.20101599395275116,,,,
2024,across_radii,LR,LR_1km,LR_10km,ok,ssim_raw_7,TH53,0.2073703408241272,,,,
2024,across_radii,LR,LR_1km,LR_10km,ok,ssim_raw_7,TH54,0.1847621649503708,,,,
2024,across_radii,LR,LR_1km,LR_10km,ok,ssim_raw_7,TH55,0.14664147794246674,,,,
2024,across_radii,LR,LR_1km,LR_10km,ok,ssim_raw_7,TH56,0.2450224757194519,,,,
2024,across_radii,LR,LR_1km,LR_10km,ok,ssim_raw_7,TH57,0.2789538502693176,,,,
2024,across_radii,LR,LR_1km,LR_10km,ok,ssim_raw_7,TH58,0.094215027987957,,,,
2024,across_radii,LR,LR_1km,LR_10km,ok,ssim_rank_7,TH50,0.44621050357818604,,,,
2024,across_radii,LR,LR_1km,LR_10km,ok,ssim_rank_7,TH51,0.39917394518852234,,,,
2024,across_radii,LR,LR_1km,LR_10km,ok,ssim_rank_7,TH52,0.4208338260650635,,,,
2024,across_radii,LR,LR_1km,LR_10km,ok,ssim_rank_7,TH53,0.39942577481269836,,,,
2024,across_radii,LR,LR_1km,LR_10km,ok,ssim_rank_7,TH54,0.4021861255168915,,,,
2024,across_radii,LR,LR_1km,LR_10km,ok,ssim_rank_7,TH55,0.3848303258419037,,,,
2024,across_radii,LR,LR_1km,LR_10km,ok,ssim_rank_7,TH56,0.4167102873325348,,,,
2024,across_radii,LR,LR_1km,LR_10km,ok,ssim_rank_7,TH57,0.3956981599330902,,,,
2024,across_radii,LR,LR_1km,LR_10km,ok,ssim_rank_7,TH58,0.43066006898880005,,,,
2024,across_radii,LR,LR_1km,LR_10km,ok,ssim_raw_21,TH50,0.1746932566165924,,,,
2024,across_radii,LR,LR_1km,LR_10km,ok,ssim_raw_21,TH51,0.25592005252838135,,,,
2024,across_radii,LR,LR_1km,LR_10km,ok,ssim_raw_21,TH52,0.18935780227184296,,,,
2024,across_radii,LR,LR_1km,LR_10km,ok,ssim_raw_21,TH53,0.21869441866874695,,,,
2024,across_radii,LR,LR_1km,LR_10km,ok,ssim_raw_21,TH54,0.1668998748064041,,,,
2024,across_radii,LR,LR_1km,LR_10km,ok,ssim_raw_21,TH55,0.17101909220218658,,,,
2024,across_radii,LR,LR_1km,LR_10km,ok,ssim_raw_21,TH56,0.20289959013462067,,,,
2024,across_radii,LR,LR_1km,LR_10km,ok,ssim_raw_21,TH57,0.2854069173336029,,,,
2024,across_radii,LR,LR_1km,LR_10km,ok,ssim_raw_21,TH58,0.13827763497829437,,,,
2024,across_radii,LR,LR_1km,LR_10km,ok,ssim_rank_21,TH50,0.46641823649406433,,,,
2024,across_radii,LR,LR_1km,LR_10km,ok,ssim_rank_21,TH51,0.38396456837654114,,,,
2024,across_radii,LR,LR_1km,LR_10km,ok,ssim_rank_21,TH52,0.4075918197631836,,,,
2024,across_radii,LR,LR_1km,LR_10km,ok,ssim_rank_21,TH53,0.38176223635673523,,,,
2024,across_radii,LR,LR_1km,LR_10km,ok,ssim_rank_21,TH54,0.3442205786705017,,,,
2024,across_radii,LR,LR_1km,LR_10km,ok,ssim_rank_21,TH55,0.3699071407318115,,,,
2024,across_radii,LR,LR_1km,LR_10km,ok,ssim_rank_21,TH56,0.35018566250801086,,,,
2024,across_radii,LR,LR_1km,LR_10km,ok,ssim_rank_21,TH57,0.3976157307624817,,,,
2024,across_radii,LR,LR_1km,LR_10km,ok,ssim_rank_21,TH58,0.482785701751709,,,,
2024,across_radii,LR,LR_1km,LR_10km,ok,jaccard_top10,TH50,0.1857152546971444,8891.0,8590.0,2738.0,14743.0
2024,across_radii,LR,LR_1km,LR_10km,ok,jaccard_top10,TH51,0.16435713032801264,3061.0,3577.0,937.0,5701.0
2024,across_radii,LR,LR_1km,LR_10km,ok,jaccard_top10,TH52,0.20005699629524082,11022.0,5822.0,2808.0,14036.0
2024,across_radii,LR,LR_1km,LR_10km,ok,jaccard_top10,TH53,0.11078830137516947,2879.0,2856.0,572.0,5163.0
2024,across_radii,LR,LR_1km,LR_10km,ok,jaccard_top10,TH54,0.15827862873814733,3030.0,1734.0,651.0,4113.0
2024,across_radii,LR,LR_1km,LR_10km,ok,jaccard_top10,TH55,0.18984375,1960.0,2609.0,729.0,3840.0
2024,across_radii,LR,LR_1km,LR_10km,ok,jaccard_top10,TH56,0.11696897779284625,3086.0,3503.0,690.0,5899.0
2024,across_radii,LR,LR_1km,LR_10km,ok,jaccard_top10,TH57,0.15092177898135611,2544.0,8506.0,1449.0,9601.0
2024,across_radii,LR,LR_1km,LR_10km,ok,jaccard_top10,TH58,0.2825070159027128,1733.0,1009.0,604.0,2138.0
2024,across_radii,LR,LR_5km,LR_10km,ok,ssim_raw_7,TH50,0.9686166048049927,,,,
2024,across_radii,LR,LR_5km,LR_10km,ok,ssim_raw_7,TH51,0.9558545351028442,,,,
2024,across_radii,LR,LR_5km,LR_10km,ok,ssim_raw_7,TH52,0.9705689549446106,,,,
2024,across_radii,LR,LR_5km,LR_10km,ok,ssim_raw_7,TH53,0.9654785394668579,,,,
2024,across_radii,LR,LR_5km,LR_10km,ok,ssim_raw_7,TH54,0.9741701483726501,,,,
2024,across_radii,LR,LR_5km,LR_10km,ok,ssim_raw_7,TH55,0.9808028340339661,,,,
2024,across_radii,LR,LR_5km,LR_10km,ok,ssim_raw_7,TH56,0.962674081325531,,,,
2024,across_radii,LR,LR_5km,LR_10km,ok,ssim_raw_7,TH57,0.9546495079994202,,,,
2024,across_radii,LR,LR_5km,LR_10km,ok,ssim_raw_7,TH58,0.9797238707542419,,,,
2024,across_radii,LR,LR_5km,LR_10km,ok,ssim_rank_7,TH50,0.9850276112556458,,,,
2024,across_radii,LR,LR_5km,LR_10km,ok,ssim_rank_7,TH51,0.9873285293579102,,,,
2024,across_radii,LR,LR_5km,LR_10km,ok,ssim_rank_7,TH52,0.9847971200942993,,,,
2024,across_radii,LR,LR_5km,LR_10km,ok,ssim_rank_7,TH53,0.9887171983718872,,,,
2024,across_radii,LR,LR_5km,LR_10km,ok,ssim_rank_7,TH54,0.9868170022964478,,,,
2024,across_radii,LR,LR_5km,LR_10km,ok,ssim_rank_7,TH55,0.9849677085876465,,,,
2024,across_radii,LR,LR_5km,LR_10km,ok,ssim_rank_7,TH56,0.9876832365989685,,,,
2024,across_radii,LR,LR_5km,LR_10km,ok,ssim_rank_7,TH57,0.9858600497245789,,,,
2024,across_radii,LR,LR_5km,LR_10km,ok,ssim_rank_7,TH58,0.9822005033493042,,,,
2024,across_radii,LR,LR_5km,LR_10km,ok,ssim_raw_21,TH50,0.9733547568321228,,,,
2024,across_radii,LR,LR_5km,LR_10km,ok,ssim_raw_21,TH51,0.9654415249824524,,,,
2024,across_radii,LR,LR_5km,LR_10km,ok,ssim_raw_21,TH52,0.9720247387886047,,,,
2024,across_radii,LR,LR_5km,LR_10km,ok,ssim_raw_21,TH53,0.9664333462715149,,,,
2024,across_radii,LR,LR_5km,LR_10km,ok,ssim_raw_21,TH54,0.9694178104400635,,,,
2024,across_radii,LR,LR_5km,LR_10km,ok,ssim_raw_21,TH55,0.9746060967445374,,,,
2024,across_radii,LR,LR_5km,LR_10km,ok,ssim_raw_21,TH56,0.9592305421829224,,,,
2024,across_radii,LR,LR_5km,LR_10km,ok,ssim_raw_21,TH57,0.9476991295814514,,,,
2024,across_radii,LR,LR_5km,LR_10km,ok,ssim_raw_21,TH58,0.9801356792449951,,,,
2024,across_radii,LR,LR_5km,LR_10km,ok,ssim_rank_21,TH50,0.9912912249565125,,,,
2024,across_radii,LR,LR_5km,LR_10km,ok,ssim_rank_21,TH51,0.9940709471702576,,,,
2024,across_radii,LR,LR_5km,LR_10km,ok,ssim_rank_21,TH52,0.9931576251983643,,,,
2024,across_radii,LR,LR_5km,LR_10km,ok,ssim_rank_21,TH53,0.9952213764190674,,,,
2024,across_radii,LR,LR_5km,LR_10km,ok,ssim_rank_21,TH54,0.9938806295394897,,,,
2024,across_radii,LR,LR_5km,LR_10km,ok,ssim_rank_21,TH55,0.9915425777435303,,,,
2024,across_radii,LR,LR_5km,LR_10km,ok,ssim_rank_21,TH56,0.9942145347595215,,,,
2024,across_radii,LR,LR_5km,LR_10km,ok,ssim_rank_21,TH57,0.9921404123306274,,,,
2024,across_radii,LR,LR_5km,LR_10km,ok,ssim_rank_21,TH58,0.9885505437850952,,,,
2024,across_radii,LR,LR_5km,LR_10km,ok,jaccard_top10,TH50,0.8634242455667324,9379.0,8590.0,8326.0,9643.0
2024,across_radii,LR,LR_5km,LR_10km,ok,jaccard_top10,TH51,0.8865428644110913,3839.0,3577.0,3485.0,3931.0
2024,across_radii,LR,LR_5km,LR_10km,ok,jaccard_top10,TH52,0.7789229205980549,6433.0,5822.0,5366.0,6889.0
2024,across_radii,LR,LR_5km,LR_10km,ok,jaccard_top10,TH53,0.7903329065300896,2737.0,2856.0,2469.0,3124.0
2024,across_radii,LR,LR_5km,LR_10km,ok,jaccard_top10,TH54,0.7157172995780591,1519.0,1734.0,1357.0,1896.0
2024,across_radii,LR,LR_5km,LR_10km,ok,jaccard_top10,TH55,0.8415982875490546,2553.0,2609.0,2359.0,2803.0
2024,across_radii,LR,LR_5km,LR_10km,ok,jaccard_top10,TH56,0.7792030567685589,3016.0,3503.0,2855.0,3664.0
2024,across_radii,LR,LR_5km,LR_10km,ok,jaccard_top10,TH57,0.8316427655357351,7204.0,8506.0,7133.0,8577.0
2024,across_radii,LR,LR_5km,LR_10km,ok,jaccard_top10,TH58,0.6482444733420026,1526.0,1009.0,997.0,1538.0
2024,across_radii,LR,LR_20km,LR_10km,ok,ssim_raw_7,TH50,0.9892415404319763,,,,
2024,across_radii,LR,LR_20km,LR_10km,ok,ssim_raw_7,TH51,0.9823290705680847,,,,
2024,across_radii,LR,LR_20km,LR_10km,ok,ssim_raw_7,TH52,0.9848244786262512,,,,
2024,across_radii,LR,LR_20km,LR_10km,ok,ssim_raw_7,TH53,0.9779998064041138,,,,
2024,across_radii,LR,LR_20km,LR_10km,ok,ssim_raw_7,TH54,0.9792645573616028,,,,
2024,across_radii,LR,LR_20km,LR_10km,ok,ssim_raw_7,TH55,0.9882606267929077,,,,
2024,across_radii,LR,LR_20km,LR_10km,ok,ssim_raw_7,TH56,0.9747958779335022,,,,
2024,across_radii,LR,LR_20km,LR_10km,ok,ssim_raw_7,TH57,0.9774731397628784,,,,
2024,across_radii,LR,LR_20km,LR_10km,ok,ssim_raw_7,TH58,0.994663655757904,,,,
2024,across_radii,LR,LR_20km,LR_10km,ok,ssim_rank_7,TH50,0.9944512248039246,,,,
2024,across_radii,LR,LR_20km,LR_10km,ok,ssim_rank_7,TH51,0.9949585795402527,,,,
2024,across_radii,LR,LR_20km,LR_10km,ok,ssim_rank_7,TH52,0.9927247166633606,,,,
2024,across_radii,LR,LR_20km,LR_10km,ok,ssim_rank_7,TH53,0.994541585445404,,,,
2024,across_radii,LR,LR_20km,LR_10km,ok,ssim_rank_7,TH54,0.993545413017273,,,,
2024,across_radii,LR,LR_20km,LR_10km,ok,ssim_rank_7,TH55,0.992150068283081,,,,
2024,across_radii,LR,LR_20km,LR_10km,ok,ssim_rank_7,TH56,0.9942016005516052,,,,
2024,across_radii,LR,LR_20km,LR_10km,ok,ssim_rank_7,TH57,0.9939257502555847,,,,
2024,across_radii,LR,LR_20km,LR_10km,ok,ssim_rank_7,TH58,0.9948452711105347,,,,
2024,across_radii,LR,LR_20km,LR_10km,ok,ssim_raw_21,TH50,0.9903990626335144,,,,
2024,across_radii,LR,LR_20km,LR_10km,ok,ssim_raw_21,TH51,0.9840286374092102,,,,
2024,across_radii,LR,LR_20km,LR_10km,ok,ssim_raw_21,TH52,0.9833284616470337,,,,
2024,across_radii,LR,LR_20km,LR_10km,ok,ssim_raw_21,TH53,0.9776787161827087,,,,
2024,across_radii,LR,LR_20km,LR_10km,ok,ssim_raw_21,TH54,0.9755222201347351,,,,
2024,across_radii,LR,LR_20km,LR_10km,ok,ssim_raw_21,TH55,0.9855606555938721,,,,
2024,across_radii,LR,LR_20km,LR_10km,ok,ssim_raw_21,TH56,0.9734184145927429,,,,
2024,across_radii,LR,LR_20km,LR_10km,ok,ssim_raw_21,TH57,0.9779760837554932,,,,
2024,across_radii,LR,LR_20km,LR_10km,ok,ssim_raw_21,TH58,0.9946119785308838,,,,
2024,across_radii,LR,LR_20km,LR_10km,ok,ssim_rank_21,TH50,0.996903121471405,,,,
2024,across_radii,LR,LR_20km,LR_10km,ok,ssim_rank_21,TH51,0.9976069331169128,,,,
2024,across_radii,LR,LR_20km,LR_10km,ok,ssim_rank_21,TH52,0.9966372847557068,,,,
2024,across_radii,LR,LR_20km,LR_10km,ok,ssim_rank_21,TH53,0.9972399473190308,,,,
2024,across_radii,LR,LR_20km,LR_10km,ok,ssim_rank_21,TH54,0.9968178272247314,,,,
2024,across_radii,LR,LR_20km,LR_10km,ok,ssim_rank_21,TH55,0.9952190518379211,,,,
2024,across_radii,LR,LR_20km,LR_10km,ok,ssim_rank_21,TH56,0.9971745014190674,,,,
2024,across_radii,LR,LR_20km,LR_10km,ok,ssim_rank_21,TH57,0.9966296553611755,,,,
2024,across_radii,LR,LR_20km,LR_10km,ok,ssim_rank_21,TH58,0.9967361092567444,,,,
2024,across_radii,LR,LR_20km,LR_10km,ok,jaccard_top10,TH50,0.9321313734497014,8235.0,8590.0,8117.0,8708.0
2024,across_radii,LR,LR_20km,LR_10km,ok,jaccard_top10,TH51,0.9470782800441014,3487.0,3577.0,3436.0,3628.0
2024,across_radii,LR,LR_20km,LR_10km,ok,jaccard_top10,TH52,0.8653309246181639,5536.0,5822.0,5269.0,6089.0
2024,across_radii,LR,LR_20km,LR_10km,ok,jaccard_top10,TH53,0.8646803227808815,3152.0,2856.0,2786.0,3222.0
2024,across_radii,LR,LR_20km,LR_10km,ok,jaccard_top10,TH54,0.8423194303153612,1888.0,1734.0,1656.0,1966.0
2024,across_radii,LR,LR_20km,LR_10km,ok,jaccard_top10,TH55,0.9328859060402684,2575.0,2609.0,2502.0,2682.0
2024,across_radii,LR,LR_20km,LR_10km,ok,jaccard_top10,TH56,0.9030126849894292,3698.0,3503.0,3417.0,3784.0
2024,across_radii,LR,LR_20km,LR_10km,ok,jaccard_top10,TH57,0.9358917480035492,8948.0,8506.0,8438.0,9016.0
2024,across_radii,LR,LR_20km,LR_10km,ok,jaccard_top10,TH58,0.6808721506442021,687.0,1009.0,687.0,1009.0
2024,across_radii,LR,LR_25km,LR_10km,ok,ssim_raw_7,TH50,0.984321653842926,,,,
2024,across_radii,LR,LR_25km,LR_10km,ok,ssim_raw_7,TH51,0.972419798374176,,,,
2024,across_radii,LR,LR_25km,LR_10km,ok,ssim_raw_7,TH52,0.9730952382087708,,,,
2024,across_radii,LR,LR_25km,LR_10km,ok,ssim_raw_7,TH53,0.9644660353660583,,,,
2024,across_radii,LR,LR_25km,LR_10km,ok,ssim_raw_7,TH54,0.9622277617454529,,,,
2024,across_radii,LR,LR_25km,LR_10km,ok,ssim_raw_7,TH55,0.9812137484550476,,,,
2024,across_radii,LR,LR_25km,LR_10km,ok,ssim_raw_7,TH56,0.95600426197052,,,,
2024,across_radii,LR,LR_25km,LR_10km,ok,ssim_raw_7,TH57,0.9635323286056519,,,,
2024,across_radii,LR,LR_25km,LR_10km,ok,ssim_raw_7,TH58,0.9927369356155396,,,,
2024,across_radii,LR,LR_25km,LR_10km,ok,ssim_rank_7,TH50,0.9919494986534119,,,,
2024,across_radii,LR,LR_25km,LR_10km,ok,ssim_rank_7,TH51,0.9928106069564819,,,,
2024,across_radii,LR,LR_25km,LR_10km,ok,ssim_rank_7,TH52,0.9890440106391907,,,,
2024,across_radii,LR,LR_25km,LR_10km,ok,ssim_rank_7,TH53,0.9917873740196228,,,,
2024,across_radii,LR,LR_25km,LR_10km,ok,ssim_rank_7,TH54,0.9900402426719666,,,,
2024,across_radii,LR,LR_25km,LR_10km,ok,ssim_rank_7,TH55,0.9879507422447205,,,,
2024,across_radii,LR,LR_25km,LR_10km,ok,ssim_rank_7,TH56,0.9912219047546387,,,,
2024,across_radii,LR,LR_25km,LR_10km,ok,ssim_rank_7,TH57,0.9910831451416016,,,,
2024,across_radii,LR,LR_25km,LR_10km,ok,ssim_rank_7,TH58,0.9921076893806458,,,,
2024,across_radii,LR,LR_25km,LR_10km,ok,ssim_raw_21,TH50,0.9857372045516968,,,,
2024,across_radii,LR,LR_25km,LR_10km,ok,ssim_raw_21,TH51,0.974628210067749,,,,
2024,across_radii,LR,LR_25km,LR_10km,ok,ssim_raw_21,TH52,0.970295786857605,,,,
2024,across_radii,LR,LR_25km,LR_10km,ok,ssim_raw_21,TH53,0.9636424779891968,,,,
2024,across_radii,LR,LR_25km,LR_10km,ok,ssim_raw_21,TH54,0.956019937992096,,,,
2024,across_radii,LR,LR_25km,LR_10km,ok,ssim_raw_21,TH55,0.9771104454994202,,,,
2024,across_radii,LR,LR_25km,LR_10km,ok,ssim_raw_21,TH56,0.9543262124061584,,,,
2024,across_radii,LR,LR_25km,LR_10km,ok,ssim_raw_21,TH57,0.9649554491043091,,,,
2024,across_radii,LR,LR_25km,LR_10km,ok,ssim_raw_21,TH58,0.9925546646118164,,,,
2024,across_radii,LR,LR_25km,LR_10km,ok,ssim_rank_21,TH50,0.9952676296234131,,,,
2024,across_radii,LR,LR_25km,LR_10km,ok,ssim_rank_21,TH51,0.9964502453804016,,,,
2024,across_radii,LR,LR_25km,LR_10km,ok,ssim_rank_21,TH52,0.9945512413978577,,,,
2024,across_radii,LR,LR_25km,LR_10km,ok,ssim_rank_21,TH53,0.995730996131897,,,,
2024,across_radii,LR,LR_25km,LR_10km,ok,ssim_rank_21,TH54,0.9947481751441956,,,,
2024,across_radii,LR,LR_25km,LR_10km,ok,ssim_rank_21,TH55,0.9923367500305176,,,,
2024,across_radii,LR,LR_25km,LR_10km,ok,ssim_rank_21,TH56,0.99552983045578,,,,
2024,across_radii,LR,LR_25km,LR_10km,ok,ssim_rank_21,TH57,0.994870126247406,,,,
2024,across_radii,LR,LR_25km,LR_10km,ok,ssim_rank_21,TH58,0.9947175979614258,,,,
2024,across_radii,LR,LR_25km,LR_10km,ok,jaccard_top10,TH50,0.9194530621624727,8115.0,8590.0,8002.0,8703.0
2024,across_radii,LR,LR_25km,LR_10km,ok,jaccard_top10,TH51,0.9383599339570721,3467.0,3577.0,3410.0,3634.0
2024,across_radii,LR,LR_25km,LR_10km,ok,jaccard_top10,TH52,0.8508413657899037,5507.0,5822.0,5208.0,6121.0
2024,across_radii,LR,LR_25km,LR_10km,ok,jaccard_top10,TH53,0.8470229007633587,3193.0,2856.0,2774.0,3275.0
2024,across_radii,LR,LR_25km,LR_10km,ok,jaccard_top10,TH54,0.8109575518262586,1935.0,1734.0,1643.0,2026.0
2024,across_radii,LR,LR_25km,LR_10km,ok,jaccard_top10,TH55,0.9146159582401193,2526.0,2609.0,2453.0,2682.0
2024,across_radii,LR,LR_25km,LR_10km,ok,jaccard_top10,TH56,0.8747433264887063,3801.0,3503.0,3408.0,3896.0
2024,across_radii,LR,LR_25km,LR_10km,ok,jaccard_top10,TH57,0.9243255099802589,9040.0,8506.0,8428.0,9118.0
2024,across_radii,LR,LR_25km,LR_10km,ok,jaccard_top10,TH58,0.6164519326065411,622.0,1009.0,622.0,1009.0
2024,across_radii,LR,LR_Rinf,LR_10km,ok,ssim_raw_7,TH50,0.9800494909286499,,,,
2024,across_radii,LR,LR_Rinf,LR_10km,ok,ssim_raw_7,TH51,0.9648110866546631,,,,
2024,across_radii,LR,LR_Rinf,LR_10km,ok,ssim_raw_7,TH52,0.9623109698295593,,,,
2024,across_radii,LR,LR_Rinf,LR_10km,ok,ssim_raw_7,TH53,0.9536369442939758,,,,
2024,across_radii,LR,LR_Rinf,LR_10km,ok,ssim_raw_7,TH54,0.9425613284111023,,,,
2024,across_radii,LR,LR_Rinf,LR_10km,ok,ssim_raw_7,TH55,0.9735133647918701,,,,
2024,across_radii,LR,LR_Rinf,LR_10km,ok,ssim_raw_7,TH56,0.930514931678772,,,,
2024,across_radii,LR,LR_Rinf,LR_10km,ok,ssim_raw_7,TH57,0.9394961595535278,,,,
2024,across_radii,LR,LR_Rinf,LR_10km,ok,ssim_raw_7,TH58,0.9922472834587097,,,,
2024,across_radii,LR,LR_Rinf,LR_10km,ok,ssim_rank_7,TH50,0.9903383851051331,,,,
2024,across_radii,LR,LR_Rinf,LR_10km,ok,ssim_rank_7,TH51,0.9916159510612488,,,,
2024,across_radii,LR,LR_Rinf,LR_10km,ok,ssim_rank_7,TH52,0.9869909882545471,,,,
2024,across_radii,LR,LR_Rinf,LR_10km,ok,ssim_rank_7,TH53,0.9906996488571167,,,,
2024,across_radii,LR,LR_Rinf,LR_10km,ok,ssim_rank_7,TH54,0.9878482222557068,,,,
2024,across_radii,LR,LR_Rinf,LR_10km,ok,ssim_rank_7,TH55,0.9861657023429871,,,,
2024,across_radii,LR,LR_Rinf,LR_10km,ok,ssim_rank_7,TH56,0.9889931082725525,,,,
2024,across_radii,LR,LR_Rinf,LR_10km,ok,ssim_rank_7,TH57,0.988442599773407,,,,
2024,across_radii,LR,LR_Rinf,LR_10km,ok,ssim_rank_7,TH58,0.990041196346283,,,,
2024,across_radii,LR,LR_Rinf,LR_10km,ok,ssim_raw_21,TH50,0.9813203811645508,,,,
2024,across_radii,LR,LR_Rinf,LR_10km,ok,ssim_raw_21,TH51,0.967221200466156,,,,
2024,across_radii,LR,LR_Rinf,LR_10km,ok,ssim_raw_21,TH52,0.9575827121734619,,,,
2024,across_radii,LR,LR_Rinf,LR_10km,ok,ssim_raw_21,TH53,0.9507785439491272,,,,
2024,across_radii,LR,LR_Rinf,LR_10km,ok,ssim_raw_21,TH54,0.9332989454269409,,,,
2024,across_radii,LR,LR_Rinf,LR_10km,ok,ssim_raw_21,TH55,0.9668390154838562,,,,
2024,across_radii,LR,LR_Rinf,LR_10km,ok,ssim_raw_21,TH56,0.9290298819541931,,,,
2024,across_radii,LR,LR_Rinf,LR_10km,ok,ssim_raw_21,TH57,0.9418001770973206,,,,
2024,across_radii,LR,LR_Rinf,LR_10km,ok,ssim_raw_21,TH58,0.9917925000190735,,,,
2024,across_radii,LR,LR_Rinf,LR_10km,ok,ssim_rank_21,TH50,0.9943405389785767,,,,
2024,across_radii,LR,LR_Rinf,LR_10km,ok,ssim_rank_21,TH51,0.9959961175918579,,,,
2024,across_radii,LR,LR_Rinf,LR_10km,ok,ssim_rank_21,TH52,0.9937058687210083,,,,
2024,across_radii,LR,LR_Rinf,LR_10km,ok,ssim_rank_21,TH53,0.995424211025238,,,,
2024,across_radii,LR,LR_Rinf,LR_10km,ok,ssim_rank_21,TH54,0.993691086769104,,,,
2024,across_radii,LR,LR_Rinf,LR_10km,ok,ssim_rank_21,TH55,0.9914464950561523,,,,
2024,across_radii,LR,LR_Rinf,LR_10km,ok,ssim_rank_21,TH56,0.9946629405021667,,,,
2024,across_radii,LR,LR_Rinf,LR_10km,ok,ssim_rank_21,TH57,0.99329674243927,,,,
2024,across_radii,LR,LR_Rinf,LR_10km,ok,ssim_rank_21,TH58,0.9932013154029846,,,,
2024,across_radii,LR,LR_Rinf,LR_10km,ok,jaccard_top10,TH50,0.903541043918142,7967.0,8590.0,7859.0,8698.0
2024,across_radii,LR,LR_Rinf,LR_10km,ok,jaccard_top10,TH51,0.926829268292683,3375.0,3577.0,3344.0,3608.0
2024,across_radii,LR,LR_Rinf,LR_10km,ok,jaccard_top10,TH52,0.8376954732510288,5342.0,5822.0,5089.0,6075.0
2024,across_radii,LR,LR_Rinf,LR_10km,ok,jaccard_top10,TH53,0.876468720228644,3053.0,2856.0,2760.0,3149.0
2024,across_radii,LR,LR_Rinf,LR_10km,ok,jaccard_top10,TH54,0.7812798471824259,1996.0,1734.0,1636.0,2094.0
2024,across_radii,LR,LR_Rinf,LR_10km,ok,jaccard_top10,TH55,0.9001862197392924,2493.0,2609.0,2417.0,2685.0
2024,across_radii,LR,LR_Rinf,LR_10km,ok,jaccard_top10,TH56,0.8329256360078278,3990.0,3503.0,3405.0,4088.0
2024,across_radii,LR,LR_Rinf,LR_10km,ok,jaccard_top10,TH57,0.8894864494358325,9412.0,8506.0,8435.0,9483.0
2024,across_radii,LR,LR_Rinf,LR_10km,ok,jaccard_top10,TH58,0.5728444003964321,578.0,1009.0,578.0,1009.0
2024,across_learners,1km,RF_1km,XGB_1km,ok,ssim_raw_7,TH50,0.6339262127876282,,,,
2024,across_learners,1km,RF_1km,XGB_1km,ok,ssim_raw_7,TH51,0.6754254102706909,,,,
2024,across_learners,1km,RF_1km,XGB_1km,ok,ssim_raw_7,TH52,0.7032639384269714,,,,
2024,across_learners,1km,RF_1km,XGB_1km,ok,ssim_raw_7,TH53,0.6493005752563477,,,,
2024,across_learners,1km,RF_1km,XGB_1km,ok,ssim_raw_7,TH54,0.6164053678512573,,,,
2024,across_learners,1km,RF_1km,XGB_1km,ok,ssim_raw_7,TH55,0.6400637626647949,,,,
2024,across_learners,1km,RF_1km,XGB_1km,ok,ssim_raw_7,TH56,0.6734488606452942,,,,
2024,across_learners,1km,RF_1km,XGB_1km,ok,ssim_raw_7,TH57,0.6521661281585693,,,,
2024,across_learners,1km,RF_1km,XGB_1km,ok,ssim_raw_7,TH58,0.6277652382850647,,,,
2024,across_learners,1km,RF_1km,XGB_1km,ok,ssim_rank_7,TH50,0.5178800821304321,,,,
2024,across_learners,1km,RF_1km,XGB_1km,ok,ssim_rank_7,TH51,0.6331199407577515,,,,
2024,across_learners,1km,RF_1km,XGB_1km,ok,ssim_rank_7,TH52,0.5909103155136108,,,,
2024,across_learners,1km,RF_1km,XGB_1km,ok,ssim_rank_7,TH53,0.5536906719207764,,,,
2024,across_learners,1km,RF_1km,XGB_1km,ok,ssim_rank_7,TH54,0.4980810582637787,,,,
2024,across_learners,1km,RF_1km,XGB_1km,ok,ssim_rank_7,TH55,0.5344318151473999,,,,
2024,across_learners,1km,RF_1km,XGB_1km,ok,ssim_rank_7,TH56,0.4859057366847992,,,,
2024,across_learners,1km,RF_1km,XGB_1km,ok,ssim_rank_7,TH57,0.4379483461380005,,,,
2024,across_learners,1km,RF_1km,XGB_1km,ok,ssim_rank_7,TH58,0.4839560091495514,,,,
2024,across_learners,1km,RF_1km,XGB_1km,ok,ssim_raw_21,TH50,0.6627750992774963,,,,
2024,across_learners,1km,RF_1km,XGB_1km,ok,ssim_raw_21,TH51,0.7114850878715515,,,,
2024,across_learners,1km,RF_1km,XGB_1km,ok,ssim_raw_21,TH52,0.7269737720489502,,,,
2024,across_learners,1km,RF_1km,XGB_1km,ok,ssim_raw_21,TH53,0.6732449531555176,,,,
2024,across_learners,1km,RF_1km,XGB_1km,ok,ssim_raw_21,TH54,0.6369326114654541,,,,
2024,across_learners,1km,RF_1km,XGB_1km,ok,ssim_raw_21,TH55,0.6728378534317017,,,,
2024,across_learners,1km,RF_1km,XGB_1km,ok,ssim_raw_21,TH56,0.7171460390090942,,,,
2024,across_learners,1km,RF_1km,XGB_1km,ok,ssim_raw_21,TH57,0.7015542387962341,,,,
2024,across_learners,1km,RF_1km,XGB_1km,ok,ssim_raw_21,TH58,0.6187903881072998,,,,
2024,across_learners,1km,RF_1km,XGB_1km,ok,ssim_rank_21,TH50,0.5725072026252747,,,,
2024,across_learners,1km,RF_1km,XGB_1km,ok,ssim_rank_21,TH51,0.6907259821891785,,,,
2024,across_learners,1km,RF_1km,XGB_1km,ok,ssim_rank_21,TH52,0.6512274146080017,,,,
2024,across_learners,1km,RF_1km,XGB_1km,ok,ssim_rank_21,TH53,0.6284803748130798,,,,
2024,across_learners,1km,RF_1km,XGB_1km,ok,ssim_rank_21,TH54,0.5474509596824646,,,,
2024,across_learners,1km,RF_1km,XGB_1km,ok,ssim_rank_21,TH55,0.6290395855903625,,,,
2024,across_learners,1km,RF_1km,XGB_1km,ok,ssim_rank_21,TH56,0.5592619180679321,,,,
2024,across_learners,1km,RF_1km,XGB_1km,ok,ssim_rank_21,TH57,0.466394305229187,,,,
2024,across_learners,1km,RF_1km,XGB_1km,ok,ssim_rank_21,TH58,0.5007382035255432,,,,
2024,across_learners,1km,RF_1km,XGB_1km,ok,jaccard_top10,TH50,0.39445611087778243,8759.0,7842.0,4696.0,11905.0
2024,across_learners,1km,RF_1km,XGB_1km,ok,jaccard_top10,TH51,0.5547391623806025,2114.0,2118.0,1510.0,2722.0
2024,across_learners,1km,RF_1km,XGB_1km,ok,jaccard_top10,TH52,0.6480462300495322,9294.0,8673.0,7065.0,10902.0
2024,across_learners,1km,RF_1km,XGB_1km,ok,jaccard_top10,TH53,0.43018777082330284,3403.0,2538.0,1787.0,4154.0
2024,across_learners,1km,RF_1km,XGB_1km,ok,jaccard_top10,TH54,0.49977668602054487,1949.0,1409.0,1119.0,2239.0
2024,across_learners,1km,RF_1km,XGB_1km,ok,jaccard_top10,TH55,0.44548369855692144,2678.0,2731.0,1667.0,3742.0
2024,across_learners,1km,RF_1km,XGB_1km,ok,jaccard_top10,TH56,0.5571171171171171,2427.0,1894.0,1546.0,2775.0
2024,across_learners,1km,RF_1km,XGB_1km,ok,jaccard_top10,TH57,0.4156036784336992,4743.0,4801.0,2802.0,6742.0
2024,across_learners,1km,RF_1km,XGB_1km,ok,jaccard_top10,TH58,0.2583878602255325,2839.0,6200.0,1856.0,7183.0
2024,across_learners,1km,RF_1km,LR_1km,ok,ssim_raw_7,TH50,0.11005733162164688,,,,
2024,across_learners,1km,RF_1km,LR_1km,ok,ssim_raw_7,TH51,0.2671400010585785,,,,
2024,across_learners,1km,RF_1km,LR_1km,ok,ssim_raw_7,TH52,0.3170110285282135,,,,
2024,across_learners,1km,RF_1km,LR_1km,ok,ssim_raw_7,TH53,0.18530693650245667,,,,
2024,across_learners,1km,RF_1km,LR_1km,ok,ssim_raw_7,TH54,0.2547394931316376,,,,
2024,across_learners,1km,RF_1km,LR_1km,ok,ssim_raw_7,TH55,0.16070018708705902,,,,
2024,across_learners,1km,RF_1km,LR_1km,ok,ssim_raw_7,TH56,0.36025479435920715,,,,
2024,across_learners,1km,RF_1km,LR_1km,ok,ssim_raw_7,TH57,0.4014800190925598,,,,
2024,across_learners,1km,RF_1km,LR_1km,ok,ssim_raw_7,TH58,-0.06548826396465302,,,,
2024,across_learners,1km,RF_1km,LR_1km,ok,ssim_rank_7,TH50,-0.07324271649122238,,,,
2024,across_learners,1km,RF_1km,LR_1km,ok,ssim_rank_7,TH51,0.030551506206393242,,,,
2024,across_learners,1km,RF_1km,LR_1km,ok,ssim_rank_7,TH52,0.15715181827545166,,,,
2024,across_learners,1km,RF_1km,LR_1km,ok,ssim_rank_7,TH53,-0.03231522813439369,,,,
2024,across_learners,1km,RF_1km,LR_1km,ok,ssim_rank_7,TH54,0.08573266118764877,,,,
2024,across_learners,1km,RF_1km,LR_1km,ok,ssim_rank_7,TH55,0.03375094383955002,,,,
2024,across_learners,1km,RF_1km,LR_1km,ok,ssim_rank_7,TH56,0.20302647352218628,,,,
2024,across_learners,1km,RF_1km,LR_1km,ok,ssim_rank_7,TH57,0.22585739195346832,,,,
2024,across_learners,1km,RF_1km,LR_1km,ok,ssim_rank_7,TH58,-0.2573400139808655,,,,
2024,across_learners,1km,RF_1km,LR_1km,ok,ssim_raw_21,TH50,0.11548559367656708,,,,
2024,across_learners,1km,RF_1km,LR_1km,ok,ssim_raw_21,TH51,0.3357464671134949,,,,
2024,across_learners,1km,RF_1km,LR_1km,ok,ssim_raw_21,TH52,0.3536061942577362,,,,
2024,across_learners,1km,RF_1km,LR_1km,ok,ssim_raw_21,TH53,0.23316894471645355,,,,
2024,across_learners,1km,RF_1km,LR_1km,ok,ssim_raw_21,TH54,0.28717753291130066,,,,
2024,across_learners,1km,RF_1km,LR_1km,ok,ssim_raw_21,TH55,0.18165966868400574,,,,
2024,across_learners,1km,RF_1km,LR_1km,ok,ssim_raw_21,TH56,0.3729681372642517,,,,
2024,across_learners,1km,RF_1km,LR_1km,ok,ssim_raw_21,TH57,0.432218998670578,,,,
2024,across_learners,1km,RF_1km,LR_1km,ok,ssim_raw_21,TH58,-0.08989551663398743,,,,
2024,across_learners,1km,RF_1km,LR_1km,ok,ssim_rank_21,TH50,-0.11225990951061249,,,,
2024,across_learners,1km,RF_1km,LR_1km,ok,ssim_rank_21,TH51,0.04820750653743744,,,,
2024,across_learners,1km,RF_1km,LR_1km,ok,ssim_rank_21,TH52,0.16908837854862213,,,,
2024,across_learners,1km,RF_1km,LR_1km,ok,ssim_rank_21,TH53,-0.05062362924218178,,,,
2024,across_learners,1km,RF_1km,LR_1km,ok,ssim_rank_21,TH54,0.08520197868347168,,,,
2024,across_learners,1km,RF_1km,LR_1km,ok,ssim_rank_21,TH55,0.022228138521313667,,,,
2024,across_learners,1km,RF_1km,LR_1km,ok,ssim_rank_21,TH56,0.16451039910316467,,,,
2024,across_learners,1km,RF_1km,LR_1km,ok,ssim_rank_21,TH57,0.19780197739601135,,,,
2024,across_learners,1km,RF_1km,LR_1km,ok,ssim_rank_21,TH58,-0.3015891909599304,,,,
2024,across_learners,1km,RF_1km,LR_1km,ok,jaccard_top10,TH50,0.22153782268669112,8759.0,8891.0,3201.0,14449.0
2024,across_learners,1km,RF_1km,LR_1km,ok,jaccard_top10,TH51,0.3994050838290968,2114.0,3061.0,1477.0,3698.0
2024,across_learners,1km,RF_1km,LR_1km,ok,jaccard_top10,TH52,0.4705754614549403,9294.0,11022.0,6501.0,13815.0
2024,across_learners,1km,RF_1km,LR_1km,ok,jaccard_top10,TH53,0.19566044918157594,3403.0,2879.0,1028.0,5254.0
2024,across_learners,1km,RF_1km,LR_1km,ok,jaccard_top10,TH54,0.42013690815744437,1949.0,3030.0,1473.0,3506.0
2024,across_learners,1km,RF_1km,LR_1km,ok,jaccard_top10,TH55,0.29661727704780544,2678.0,1960.0,1061.0,3577.0
2024,across_learners,1km,RF_1km,LR_1km,ok,jaccard_top10,TH56,0.4654439128123339,2427.0,3086.0,1751.0,3762.0
2024,across_learners,1km,RF_1km,LR_1km,ok,jaccard_top10,TH57,0.3532033426183844,4743.0,2544.0,1902.0,5385.0
2024,across_learners,1km,RF_1km,LR_1km,ok,jaccard_top10,TH58,0.07047529852493561,2839.0,1733.0,301.0,4271.0
2024,across_learners,1km,XGB_1km,LR_1km,ok,ssim_raw_7,TH50,0.08481546491384506,,,,
2024,across_learners,1km,XGB_1km,LR_1km,ok,ssim_raw_7,TH51,0.20505084097385406,,,,
2024,across_learners,1km,XGB_1km,LR_1km,ok,ssim_raw_7,TH52,0.27479031682014465,,,,
2024,across_learners,1km,XGB_1km,LR_1km,ok,ssim_raw_7,TH53,0.14346979558467865,,,,
2024,across_learners,1km,XGB_1km,LR_1km,ok,ssim_raw_7,TH54,0.16787497699260712,,,,
2024,across_learners,1km,XGB_1km,LR_1km,ok,ssim_raw_7,TH55,0.158698171377182,,,,
2024,across_learners,1km,XGB_1km,LR_1km,ok,ssim_raw_7,TH56,0.29089778661727905,,,,
2024,across_learners,1km,XGB_1km,LR_1km,ok,ssim_raw_7,TH57,0.3574160635471344,,,,
2024,across_learners,1km,XGB_1km,LR_1km,ok,ssim_raw_7,TH58,-0.0313984639942646,,,,
2024,across_learners,1km,XGB_1km,LR_1km,ok,ssim_rank_7,TH50,-0.009292760863900185,,,,
2024,across_learners,1km,XGB_1km,LR_1km,ok,ssim_rank_7,TH51,0.05390573665499687,,,,
2024,across_learners,1km,XGB_1km,LR_1km,ok,ssim_rank_7,TH52,0.1562906801700592,,,,
2024,across_learners,1km,XGB_1km,LR_1km,ok,ssim_rank_7,TH53,-0.016982989385724068,,,,
2024,across_learners,1km,XGB_1km,LR_1km,ok,ssim_rank_7,TH54,0.023449759930372238,,,,
2024,across_learners,1km,XGB_1km,LR_1km,ok,ssim_rank_7,TH55,0.03861478716135025,,,,
2024,across_learners,1km,XGB_1km,LR_1km,ok,ssim_rank_7,TH56,0.15647302567958832,,,,
2024,across_learners,1km,XGB_1km,LR_1km,ok,ssim_rank_7,TH57,0.18896551430225372,,,,
2024,across_learners,1km,XGB_1km,LR_1km,ok,ssim_rank_7,TH58,-0.10949830710887909,,,,
2024,across_learners,1km,XGB_1km,LR_1km,ok,ssim_raw_21,TH50,0.09619473665952682,,,,
2024,across_learners,1km,XGB_1km,LR_1km,ok,ssim_raw_21,TH51,0.2533172369003296,,,,
2024,across_learners,1km,XGB_1km,LR_1km,ok,ssim_raw_21,TH52,0.3073568344116211,,,,
2024,across_learners,1km,XGB_1km,LR_1km,ok,ssim_raw_21,TH53,0.18449868261814117,,,,
2024,across_learners,1km,XGB_1km,LR_1km,ok,ssim_raw_21,TH54,0.1850360482931137,,,,
2024,across_learners,1km,XGB_1km,LR_1km,ok,ssim_raw_21,TH55,0.17637528479099274,,,,
2024,across_learners,1km,XGB_1km,LR_1km,ok,ssim_raw_21,TH56,0.32165342569351196,,,,
2024,across_learners,1km,XGB_1km,LR_1km,ok,ssim_raw_21,TH57,0.38429418206214905,,,,
2024,across_learners,1km,XGB_1km,LR_1km,ok,ssim_raw_21,TH58,-0.0407441221177578,,,,
2024,across_learners,1km,XGB_1km,LR_1km,ok,ssim_rank_21,TH50,-0.023346571251749992,,,,
2024,across_learners,1km,XGB_1km,LR_1km,ok,ssim_rank_21,TH51,0.07548290491104126,,,,
2024,across_learners,1km,XGB_1km,LR_1km,ok,ssim_rank_21,TH52,0.17044919729232788,,,,
2024,across_learners,1km,XGB_1km,LR_1km,ok,ssim_rank_21,TH53,-0.01943838596343994,,,,
2024,across_learners,1km,XGB_1km,LR_1km,ok,ssim_rank_21,TH54,0.023582715541124344,,,,
2024,across_learners,1km,XGB_1km,LR_1km,ok,ssim_rank_21,TH55,0.012794661335647106,,,,
2024,across_learners,1km,XGB_1km,LR_1km,ok,ssim_rank_21,TH56,0.16256646811962128,,,,
2024,across_learners,1km,XGB_1km,LR_1km,ok,ssim_rank_21,TH57,0.17228779196739197,,,,
2024,across_learners,1km,XGB_1km,LR_1km,ok,ssim_rank_21,TH58,-0.125088170170784,,,,
2024,across_learners,1km,XGB_1km,LR_1km,ok,jaccard_top10,TH50,0.2032070180484648,7842.0,8891.0,2826.0,13907.0
2024,across_learners,1km,XGB_1km,LR_1km,ok,jaccard_top10,TH51,0.32218534592800613,2118.0,3061.0,1262.0,3917.0
2024,across_learners,1km,XGB_1km,LR_1km,ok,jaccard_top10,TH52,0.44646004700352526,8673.0,11022.0,6079.0,13616.0
2024,across_learners,1km,XGB_1km,LR_1km,ok,jaccard_top10,TH53,0.18300939069665867,2538.0,2879.0,838.0,4579.0
2024,across_learners,1km,XGB_1km,LR_1km,ok,jaccard_top10,TH54,0.31409117821195975,1409.0,3030.0,1061.0,3378.0
2024,across_learners,1km,XGB_1km,LR_1km,ok,jaccard_top10,TH55,0.2633988688392136,2731.0,1960.0,978.0,3713.0
2024,across_learners,1km,XGB_1km,LR_1km,ok,jaccard_top10,TH56,0.434331797235023,1894.0,3086.0,1508.0,3472.0
2024,across_learners,1km,XGB_1km,LR_1km,ok,jaccard_top10,TH57,0.2769471488178025,4801.0,2544.0,1593.0,5752.0
2024,across_learners,1km,XGB_1km,LR_1km,ok,jaccard_top10,TH58,0.04025701547338054,6200.0,1733.0,307.0,7626.0
2024,across_learners,5km,RF_5km,XGB_5km,ok,ssim_raw_7,TH50,0.5514588952064514,,,,
2024,across_learners,5km,RF_5km,XGB_5km,ok,ssim_raw_7,TH51,0.6576479077339172,,,,
2024,across_learners,5km,RF_5km,XGB_5km,ok,ssim_raw_7,TH52,0.6011050343513489,,,,
2024,across_learners,5km,RF_5km,XGB_5km,ok,ssim_raw_7,TH53,0.6060201525688171,,,,
2024,across_learners,5km,RF_5km,XGB_5km,ok,ssim_raw_7,TH54,0.5224964022636414,,,,
2024,across_learners,5km,RF_5km,XGB_5km,ok,ssim_raw_7,TH55,0.5224677920341492,,,,
2024,across_learners,5km,RF_5km,XGB_5km,ok,ssim_raw_7,TH56,0.5733553767204285,,,,
2024,across_learners,5km,RF_5km,XGB_5km,ok,ssim_raw_7,TH57,0.6675171852111816,,,,
2024,across_learners,5km,RF_5km,XGB_5km,ok,ssim_raw_7,TH58,0.48229581117630005,,,,
2024,across_learners,5km,RF_5km,XGB_5km,ok,ssim_rank_7,TH50,0.6119145750999451,,,,
2024,across_learners,5km,RF_5km,XGB_5km,ok,ssim_rank_7,TH51,0.6540395617485046,,,,
2024,across_learners,5km,RF_5km,XGB_5km,ok,ssim_rank_7,TH52,0.6023666262626648,,,,
2024,across_learners,5km,RF_5km,XGB_5km,ok,ssim_rank_7,TH53,0.5956231355667114,,,,
2024,across_learners,5km,RF_5km,XGB_5km,ok,ssim_rank_7,TH54,0.6099178194999695,,,,
2024,across_learners,5km,RF_5km,XGB_5km,ok,ssim_rank_7,TH55,0.5202165246009827,,,,
2024,across_learners,5km,RF_5km,XGB_5km,ok,ssim_rank_7,TH56,0.628639280796051,,,,
2024,across_learners,5km,RF_5km,XGB_5km,ok,ssim_rank_7,TH57,0.6760755181312561,,,,
2024,across_learners,5km,RF_5km,XGB_5km,ok,ssim_rank_7,TH58,0.5329353213310242,,,,
2024,across_learners,5km,RF_5km,XGB_5km,ok,ssim_raw_21,TH50,0.5836459994316101,,,,
2024,across_learners,5km,RF_5km,XGB_5km,ok,ssim_raw_21,TH51,0.6821805238723755,,,,
2024,across_learners,5km,RF_5km,XGB_5km,ok,ssim_raw_21,TH52,0.6138856410980225,,,,
2024,across_learners,5km,RF_5km,XGB_5km,ok,ssim_raw_21,TH53,0.5887708067893982,,,,
2024,across_learners,5km,RF_5km,XGB_5km,ok,ssim_raw_21,TH54,0.4769516885280609,,,,
2024,across_learners,5km,RF_5km,XGB_5km,ok,ssim_raw_21,TH55,0.5380595922470093,,,,
2024,across_learners,5km,RF_5km,XGB_5km,ok,ssim_raw_21,TH56,0.5534486174583435,,,,
2024,across_learners,5km,RF_5km,XGB_5km,ok,ssim_raw_21,TH57,0.7266549468040466,,,,
2024,across_learners,5km,RF_5km,XGB_5km,ok,ssim_raw_21,TH58,0.49892857670783997,,,,
2024,across_learners,5km,RF_5km,XGB_5km,ok,ssim_rank_21,TH50,0.7107284665107727,,,,
2024,across_learners,5km,RF_5km,XGB_5km,ok,ssim_rank_21,TH51,0.7663088440895081,,,,
2024,across_learners,5km,RF_5km,XGB_5km,ok,ssim_rank_21,TH52,0.7096332907676697,,,,
2024,across_learners,5km,RF_5km,XGB_5km,ok,ssim_rank_21,TH53,0.7460420727729797,,,,
2024,across_learners,5km,RF_5km,XGB_5km,ok,ssim_rank_21,TH54,0.7304532527923584,,,,
2024,across_learners,5km,RF_5km,XGB_5km,ok,ssim_rank_21,TH55,0.6534566879272461,,,,
2024,across_learners,5km,RF_5km,XGB_5km,ok,ssim_rank_21,TH56,0.7609133720397949,,,,
2024,across_learners,5km,RF_5km,XGB_5km,ok,ssim_rank_21,TH57,0.81510329246521,,,,
2024,across_learners,5km,RF_5km,XGB_5km,ok,ssim_rank_21,TH58,0.6713888049125671,,,,
2024,across_learners,5km,RF_5km,XGB_5km,ok,jaccard_top10,TH50,0.650064090825856,8603.0,9419.0,7100.0,10922.0
2024,across_learners,5km,RF_5km,XGB_5km,ok,jaccard_top10,TH51,0.6528511821974965,3017.0,2925.0,2347.0,3595.0
2024,across_learners,5km,RF_5km,XGB_5km,ok,jaccard_top10,TH52,0.6413283175509145,6304.0,6349.0,4944.0,7709.0
2024,across_learners,5km,RF_5km,XGB_5km,ok,jaccard_top10,TH53,0.5203452527743526,3479.0,2686.0,2110.0,4055.0
2024,across_learners,5km,RF_5km,XGB_5km,ok,jaccard_top10,TH54,0.4766553480475382,2037.0,1442.0,1123.0,2356.0
2024,across_learners,5km,RF_5km,XGB_5km,ok,jaccard_top10,TH55,0.5953461975028377,2681.0,2941.0,2098.0,3524.0
2024,across_learners,5km,RF_5km,XGB_5km,ok,jaccard_top10,TH56,0.5590081607030759,2765.0,2202.0,1781.0,3186.0
2024,across_learners,5km,RF_5km,XGB_5km,ok,jaccard_top10,TH57,0.6159593830826707,8101.0,8768.0,6430.0,10439.0
2024,across_learners,5km,RF_5km,XGB_5km,ok,jaccard_top10,TH58,0.506152125279642,1219.0,1474.0,905.0,1788.0
2024,across_learners,5km,RF_5km,LR_5km,ok,ssim_raw_7,TH50,0.3315594494342804,,,,
2024,across_learners,5km,RF_5km,LR_5km,ok,ssim_raw_7,TH51,0.49466657638549805,,,,
2024,across_learners,5km,RF_5km,LR_5km,ok,ssim_raw_7,TH52,0.40782421827316284,,,,
2024,across_learners,5km,RF_5km,LR_5km,ok,ssim_raw_7,TH53,0.5009298920631409,,,,
2024,across_learners,5km,RF_5km,LR_5km,ok,ssim_raw_7,TH54,0.4796716868877411,,,,
2024,across_learners,5km,RF_5km,LR_5km,ok,ssim_raw_7,TH55,0.33722153306007385,,,,
2024,across_learners,5km,RF_5km,LR_5km,ok,ssim_raw_7,TH56,0.4641362428665161,,,,
2024,across_learners,5km,RF_5km,LR_5km,ok,ssim_raw_7,TH57,0.5061145424842834,,,,
2024,across_learners,5km,RF_5km,LR_5km,ok,ssim_raw_7,TH58,0.1991620808839798,,,,
2024,across_learners,5km,RF_5km,LR_5km,ok,ssim_rank_7,TH50,0.14226020872592926,,,,
2024,across_learners,5km,RF_5km,LR_5km,ok,ssim_rank_7,TH51,0.3342198431491852,,,,
2024,across_learners,5km,RF_5km,LR_5km,ok,ssim_rank_7,TH52,0.2484884262084961,,,,
2024,across_learners,5km,RF_5km,LR_5km,ok,ssim_rank_7,TH53,0.23987168073654175,,,,
2024,across_learners,5km,RF_5km,LR_5km,ok,ssim_rank_7,TH54,0.19147363305091858,,,,
2024,across_learners,5km,RF_5km,LR_5km,ok,ssim_rank_7,TH55,0.08517728000879288,,,,
2024,across_learners,5km,RF_5km,LR_5km,ok,ssim_rank_7,TH56,0.22008825838565826,,,,
2024,across_learners,5km,RF_5km,LR_5km,ok,ssim_rank_7,TH57,0.32725757360458374,,,,
2024,across_learners,5km,RF_5km,LR_5km,ok,ssim_rank_7,TH58,-0.04421580582857132,,,,
2024,across_learners,5km,RF_5km,LR_5km,ok,ssim_raw_21,TH50,0.38861268758773804,,,,
2024,across_learners,5km,RF_5km,LR_5km,ok,ssim_raw_21,TH51,0.6108431220054626,,,,
2024,across_learners,5km,RF_5km,LR_5km,ok,ssim_raw_21,TH52,0.4754362106323242,,,,
2024,across_learners,5km,RF_5km,LR_5km,ok,ssim_raw_21,TH53,0.611401379108429,,,,
2024,across_learners,5km,RF_5km,LR_5km,ok,ssim_raw_21,TH54,0.5256994366645813,,,,
2024,across_learners,5km,RF_5km,LR_5km,ok,ssim_raw_21,TH55,0.42191094160079956,,,,
2024,across_learners,5km,RF_5km,LR_5km,ok,ssim_raw_21,TH56,0.5427109003067017,,,,
2024,across_learners,5km,RF_5km,LR_5km,ok,ssim_raw_21,TH57,0.5902841687202454,,,,
2024,across_learners,5km,RF_5km,LR_5km,ok,ssim_raw_21,TH58,0.23867659270763397,,,,
2024,across_learners,5km,RF_5km,LR_5km,ok,ssim_rank_21,TH50,0.19223417341709137,,,,
2024,across_learners,5km,RF_5km,LR_5km,ok,ssim_rank_21,TH51,0.5035229325294495,,,,
2024,across_learners,5km,RF_5km,LR_5km,ok,ssim_rank_21,TH52,0.313864141702652,,,,
2024,across_learners,5km,RF_5km,LR_5km,ok,ssim_rank_21,TH53,0.41146573424339294,,,,
2024,across_learners,5km,RF_5km,LR_5km,ok,ssim_rank_21,TH54,0.2803492546081543,,,,
2024,across_learners,5km,RF_5km,LR_5km,ok,ssim_rank_21,TH55,0.18884055316448212,,,,
2024,across_learners,5km,RF_5km,LR_5km,ok,ssim_rank_21,TH56,0.3006604015827179,,,,
2024,across_learners,5km,RF_5km,LR_5km,ok,ssim_rank_21,TH57,0.41741710901260376,,,,
2024,across_learners,5km,RF_5km,LR_5km,ok,ssim_rank_21,TH58,0.010923505760729313,,,,
2024,across_learners,5km,RF_5km,LR_5km,ok,jaccard_top10,TH50,0.5385010266940452,8603.0,9379.0,6294.0,11688.0
2024,across_learners,5km,RF_5km,LR_5km,ok,jaccard_top10,TH51,0.5348108350123125,3017.0,3839.0,2389.0,4467.0
2024,across_learners,5km,RF_5km,LR_5km,ok,jaccard_top10,TH52,0.4563228904642122,6304.0,6433.0,3991.0,8746.0
2024,across_learners,5km,RF_5km,LR_5km,ok,jaccard_top10,TH53,0.45131916880691103,3479.0,2737.0,1933.0,4283.0
2024,across_learners,5km,RF_5km,LR_5km,ok,jaccard_top10,TH54,0.4538021259198692,2037.0,1519.0,1110.0,2446.0
2024,across_learners,5km,RF_5km,LR_5km,ok,jaccard_top10,TH55,0.5057537399309551,2681.0,2553.0,1758.0,3476.0
2024,across_learners,5km,RF_5km,LR_5km,ok,jaccard_top10,TH56,0.4459729864932466,2765.0,3016.0,1783.0,3998.0
2024,across_learners,5km,RF_5km,LR_5km,ok,jaccard_top10,TH57,0.5623723968966925,8101.0,7204.0,5509.0,9796.0
2024,across_learners,5km,RF_5km,LR_5km,ok,jaccard_top10,TH58,0.2954223690420009,1219.0,1526.0,626.0,2119.0
2024,across_learners,5km,XGB_5km,LR_5km,ok,ssim_raw_7,TH50,0.473966121673584,,,,
2024,across_learners,5km,XGB_5km,LR_5km,ok,ssim_raw_7,TH51,0.4965868592262268,,,,
2024,across_learners,5km,XGB_5km,LR_5km,ok,ssim_raw_7,TH52,0.5377405285835266,,,,
2024,across_learners,5km,XGB_5km,LR_5km,ok,ssim_raw_7,TH53,0.55173659324646,,,,
2024,across_learners,5km,XGB_5km,LR_5km,ok,ssim_raw_7,TH54,0.563444197177887,,,,
2024,across_learners,5km,XGB_5km,LR_5km,ok,ssim_raw_7,TH55,0.5613153576850891,,,,
2024,across_learners,5km,XGB_5km,LR_5km,ok,ssim_raw_7,TH56,0.5296273231506348,,,,
2024,across_learners,5km,XGB_5km,LR_5km,ok,ssim_raw_7,TH57,0.5761321783065796,,,,
2024,across_learners,5km,XGB_5km,LR_5km,ok,ssim_raw_7,TH58,0.4210182726383209,,,,
2024,across_learners,5km,XGB_5km,LR_5km,ok,ssim_rank_7,TH50,0.16181381046772003,,,,
2024,across_learners,5km,XGB_5km,LR_5km,ok,ssim_rank_7,TH51,0.3878241181373596,,,,
2024,across_learners,5km,XGB_5km,LR_5km,ok,ssim_rank_7,TH52,0.3265482783317566,,,,
2024,across_learners,5km,XGB_5km,LR_5km,ok,ssim_rank_7,TH53,0.308467835187912,,,,
2024,across_learners,5km,XGB_5km,LR_5km,ok,ssim_rank_7,TH54,0.2623787820339203,,,,
2024,across_learners,5km,XGB_5km,LR_5km,ok,ssim_rank_7,TH55,0.1372579038143158,,,,
2024,across_learners,5km,XGB_5km,LR_5km,ok,ssim_rank_7,TH56,0.3670941889286041,,,,
2024,across_learners,5km,XGB_5km,LR_5km,ok,ssim_rank_7,TH57,0.3982601463794708,,,,
2024,across_learners,5km,XGB_5km,LR_5km,ok,ssim_rank_7,TH58,-0.03161797299981117,,,,
2024,across_learners,5km,XGB_5km,LR_5km,ok,ssim_raw_21,TH50,0.4611878991127014,,,,
2024,across_learners,5km,XGB_5km,LR_5km,ok,ssim_raw_21,TH51,0.5021854639053345,,,,
2024,across_learners,5km,XGB_5km,LR_5km,ok,ssim_raw_21,TH52,0.5366426706314087,,,,
2024,across_learners,5km,XGB_5km,LR_5km,ok,ssim_raw_21,TH53,0.6002544164657593,,,,
2024,across_learners,5km,XGB_5km,LR_5km,ok,ssim_raw_21,TH54,0.5529289841651917,,,,
2024,across_learners,5km,XGB_5km,LR_5km,ok,ssim_raw_21,TH55,0.5702945590019226,,,,
2024,across_learners,5km,XGB_5km,LR_5km,ok,ssim_raw_21,TH56,0.5429781079292297,,,,
2024,across_learners,5km,XGB_5km,LR_5km,ok,ssim_raw_21,TH57,0.6316531300544739,,,,
2024,across_learners,5km,XGB_5km,LR_5km,ok,ssim_raw_21,TH58,0.35659128427505493,,,,
2024,across_learners,5km,XGB_5km,LR_5km,ok,ssim_rank_21,TH50,0.25394999980926514,,,,
2024,across_learners,5km,XGB_5km,LR_5km,ok,ssim_rank_21,TH51,0.5542300939559937,,,,
2024,across_learners,5km,XGB_5km,LR_5km,ok,ssim_rank_21,TH52,0.4438704550266266,,,,
2024,across_learners,5km,XGB_5km,LR_5km,ok,ssim_rank_21,TH53,0.4557030200958252,,,,
2024,across_learners,5km,XGB_5km,LR_5km,ok,ssim_rank_21,TH54,0.3663850724697113,,,,
2024,across_learners,5km,XGB_5km,LR_5km,ok,ssim_rank_21,TH55,0.2821195423603058,,,,
2024,across_learners,5km,XGB_5km,LR_5km,ok,ssim_rank_21,TH56,0.48507827520370483,,,,
2024,across_learners,5km,XGB_5km,LR_5km,ok,ssim_rank_21,TH57,0.4919109344482422,,,,
2024,across_learners,5km,XGB_5km,LR_5km,ok,ssim_rank_21,TH58,0.06289178133010864,,,,
2024,across_learners,5km,XGB_5km,LR_5km,ok,jaccard_top10,TH50,0.5357843137254902,9419.0,9379.0,6558.0,12240.0
2024,across_learners,5km,XGB_5km,LR_5km,ok,jaccard_top10,TH51,0.5639306358381503,2925.0,3839.0,2439.0,4325.0
2024,across_learners,5km,XGB_5km,LR_5km,ok,jaccard_top10,TH52,0.44119968429360695,6349.0,6433.0,3913.0,8869.0
2024,across_learners,5km,XGB_5km,LR_5km,ok,jaccard_top10,TH53,0.3823604384399694,2686.0,2737.0,1500.0,3923.0
2024,across_learners,5km,XGB_5km,LR_5km,ok,jaccard_top10,TH54,0.41810344827586204,1442.0,1519.0,873.0,2088.0
2024,across_learners,5km,XGB_5km,LR_5km,ok,jaccard_top10,TH55,0.5252637423653526,2941.0,2553.0,1892.0,3602.0
2024,across_learners,5km,XGB_5km,LR_5km,ok,jaccard_top10,TH56,0.46285393888421644,2202.0,3016.0,1651.0,3567.0
2024,across_learners,5km,XGB_5km,LR_5km,ok,jaccard_top10,TH57,0.5464756003098373,8768.0,7204.0,5644.0,10328.0
2024,across_learners,5km,XGB_5km,LR_5km,ok,jaccard_top10,TH58,0.2825994014536127,1474.0,1526.0,661.0,2339.0
2024,across_learners,10km,RF_10km,XGB_10km,ok,ssim_raw_7,TH50,0.5758154392242432,,,,
2024,across_learners,10km,RF_10km,XGB_10km,ok,ssim_raw_7,TH51,0.6610248684883118,,,,
2024,across_learners,10km,RF_10km,XGB_10km,ok,ssim_raw_7,TH52,0.6347673535346985,,,,
2024,across_learners,10km,RF_10km,XGB_10km,ok,ssim_raw_7,TH53,0.6530267596244812,,,,
2024,across_learners,10km,RF_10km,XGB_10km,ok,ssim_raw_7,TH54,0.5843480229377747,,,,
2024,across_learners,10km,RF_10km,XGB_10km,ok,ssim_raw_7,TH55,0.5800399780273438,,,,
2024,across_learners,10km,RF_10km,XGB_10km,ok,ssim_raw_7,TH56,0.624747633934021,,,,
2024,across_learners,10km,RF_10km,XGB_10km,ok,ssim_raw_7,TH57,0.6701374650001526,,,,
2024,across_learners,10km,RF_10km,XGB_10km,ok,ssim_raw_7,TH58,0.49258577823638916,,,,
2024,across_learners,10km,RF_10km,XGB_10km,ok,ssim_rank_7,TH50,0.5429100394248962,,,,
2024,across_learners,10km,RF_10km,XGB_10km,ok,ssim_rank_7,TH51,0.6767300963401794,,,,
2024,across_learners,10km,RF_10km,XGB_10km,ok,ssim_rank_7,TH52,0.6042564511299133,,,,
2024,across_learners,10km,RF_10km,XGB_10km,ok,ssim_rank_7,TH53,0.6183172464370728,,,,
2024,across_learners,10km,RF_10km,XGB_10km,ok,ssim_rank_7,TH54,0.602839469909668,,,,
2024,across_learners,10km,RF_10km,XGB_10km,ok,ssim_rank_7,TH55,0.4856847822666168,,,,
2024,across_learners,10km,RF_10km,XGB_10km,ok,ssim_rank_7,TH56,0.6315556764602661,,,,
2024,across_learners,10km,RF_10km,XGB_10km,ok,ssim_rank_7,TH57,0.6803759932518005,,,,
2024,across_learners,10km,RF_10km,XGB_10km,ok,ssim_rank_7,TH58,0.4309087097644806,,,,
2024,across_learners,10km,RF_10km,XGB_10km,ok,ssim_raw_21,TH50,0.5632708668708801,,,,
2024,across_learners,10km,RF_10km,XGB_10km,ok,ssim_raw_21,TH51,0.6812425851821899,,,,
2024,across_learners,10km,RF_10km,XGB_10km,ok,ssim_raw_21,TH52,0.6286983489990234,,,,
2024,across_learners,10km,RF_10km,XGB_10km,ok,ssim_raw_21,TH53,0.6615445613861084,,,,
2024,across_learners,10km,RF_10km,XGB_10km,ok,ssim_raw_21,TH54,0.532103419303894,,,,
2024,across_learners,10km,RF_10km,XGB_10km,ok,ssim_raw_21,TH55,0.5761143565177917,,,,
2024,across_learners,10km,RF_10km,XGB_10km,ok,ssim_raw_21,TH56,0.5788785815238953,,,,
2024,across_learners,10km,RF_10km,XGB_10km,ok,ssim_raw_21,TH57,0.7190449237823486,,,,
2024,across_learners,10km,RF_10km,XGB_10km,ok,ssim_raw_21,TH58,0.45953044295310974,,,,
2024,across_learners,10km,RF_10km,XGB_10km,ok,ssim_rank_21,TH50,0.6528281569480896,,,,
2024,across_learners,10km,RF_10km,XGB_10km,ok,ssim_rank_21,TH51,0.7968994975090027,,,,
2024,across_learners,10km,RF_10km,XGB_10km,ok,ssim_rank_21,TH52,0.7099361419677734,,,,
2024,across_learners,10km,RF_10km,XGB_10km,ok,ssim_rank_21,TH53,0.7659499049186707,,,,
2024,across_learners,10km,RF_10km,XGB_10km,ok,ssim_rank_21,TH54,0.7141693830490112,,,,
2024,across_learners,10km,RF_10km,XGB_10km,ok,ssim_rank_21,TH55,0.6296932697296143,,,,
2024,across_learners,10km,RF_10km,XGB_10km,ok,ssim_rank_21,TH56,0.7594127058982849,,,,
2024,across_learners,10km,RF_10km,XGB_10km,ok,ssim_rank_21,TH57,0.7985600233078003,,,,
2024,across_learners,10km,RF_10km,XGB_10km,ok,ssim_rank_21,TH58,0.588542103767395,,,,
2024,across_learners,10km,RF_10km,XGB_10km,ok,jaccard_top10,TH50,0.711073858593827,8384.0,8968.0,7211.0,10141.0
2024,across_learners,10km,RF_10km,XGB_10km,ok,jaccard_top10,TH51,0.7257795100222717,3069.0,3130.0,2607.0,3592.0
2024,across_learners,10km,RF_10km,XGB_10km,ok,jaccard_top10,TH52,0.6913279132791328,6233.0,6249.0,5102.0,7380.0
2024,across_learners,10km,RF_10km,XGB_10km,ok,jaccard_top10,TH53,0.5818921668362157,3352.0,2868.0,2288.0,3932.0
2024,across_learners,10km,RF_10km,XGB_10km,ok,jaccard_top10,TH54,0.5879647374472978,2293.0,1850.0,1534.0,2609.0
2024,across_learners,10km,RF_10km,XGB_10km,ok,jaccard_top10,TH55,0.639736684619988,2625.0,2855.0,2138.0,3342.0
2024,across_learners,10km,RF_10km,XGB_10km,ok,jaccard_top10,TH56,0.5344454742045104,2899.0,2068.0,1730.0,3237.0
2024,across_learners,10km,RF_10km,XGB_10km,ok,jaccard_top10,TH57,0.6747100635989525,8610.0,9296.0,7214.0,10692.0
2024,across_learners,10km,RF_10km,XGB_10km,ok,jaccard_top10,TH58,0.5585754451733833,741.0,922.0,596.0,1067.0
2024,across_learners,10km,RF_10km,LR_10km,ok,ssim_raw_7,TH50,0.4803886115550995,,,,
2024,across_learners,10km,RF_10km,LR_10km,ok,ssim_raw_7,TH51,0.5948984622955322,,,,
2024,across_learners,10km,RF_10km,LR_10km,ok,ssim_raw_7,TH52,0.5421083569526672,,,,
2024,across_learners,10km,RF_10km,LR_10km,ok,ssim_raw_7,TH53,0.6095468401908875,,,,
2024,across_learners,10km,RF_10km,LR_10km,ok,ssim_raw_7,TH54,0.5913265347480774,,,,
2024,across_learners,10km,RF_10km,LR_10km,ok,ssim_raw_7,TH55,0.49570682644844055,,,,
2024,across_learners,10km,RF_10km,LR_10km,ok,ssim_raw_7,TH56,0.5939427018165588,,,,
2024,across_learners,10km,RF_10km,LR_10km,ok,ssim_raw_7,TH57,0.5969201326370239,,,,
2024,across_learners,10km,RF_10km,LR_10km,ok,ssim_raw_7,TH58,0.36789053678512573,,,,
2024,across_learners,10km,RF_10km,LR_10km,ok,ssim_rank_7,TH50,0.23858915269374847,,,,
2024,across_learners,10km,RF_10km,LR_10km,ok,ssim_rank_7,TH51,0.48751410841941833,,,,
2024,across_learners,10km,RF_10km,LR_10km,ok,ssim_rank_7,TH52,0.3622344732284546,,,,
2024,across_learners,10km,RF_10km,LR_10km,ok,ssim_rank_7,TH53,0.387452095746994,,,,
2024,across_learners,10km,RF_10km,LR_10km,ok,ssim_rank_7,TH54,0.3186630606651306,,,,
2024,across_learners,10km,RF_10km,LR_10km,ok,ssim_rank_7,TH55,0.20045293867588043,,,,
2024,across_learners,10km,RF_10km,LR_10km,ok,ssim_rank_7,TH56,0.39561888575553894,,,,
2024,across_learners,10km,RF_10km,LR_10km,ok,ssim_rank_7,TH57,0.4494212567806244,,,,
2024,across_learners,10km,RF_10km,LR_10km,ok,ssim_rank_7,TH58,0.05298846215009689,,,,
2024,across_learners,10km,RF_10km,LR_10km,ok,ssim_raw_21,TH50,0.5080111622810364,,,,
2024,across_learners,10km,RF_10km,LR_10km,ok,ssim_raw_21,TH51,0.6831770539283752,,,,
2024,across_learners,10km,RF_10km,LR_10km,ok,ssim_raw_21,TH52,0.5878150463104248,,,,
2024,across_learners,10km,RF_10km,LR_10km,ok,ssim_raw_21,TH53,0.7089036107063293,,,,
2024,across_learners,10km,RF_10km,LR_10km,ok,ssim_raw_21,TH54,0.6197947859764099,,,,
2024,across_learners,10km,RF_10km,LR_10km,ok,ssim_raw_21,TH55,0.5355587601661682,,,,
2024,across_learners,10km,RF_10km,LR_10km,ok,ssim_raw_21,TH56,0.6573476791381836,,,,
2024,across_learners,10km,RF_10km,LR_10km,ok,ssim_raw_21,TH57,0.6818261742591858,,,,
2024,across_learners,10km,RF_10km,LR_10km,ok,ssim_raw_21,TH58,0.3627850413322449,,,,
2024,across_learners,10km,RF_10km,LR_10km,ok,ssim_rank_21,TH50,0.33927467465400696,,,,
2024,across_learners,10km,RF_10km,LR_10km,ok,ssim_rank_21,TH51,0.6731038093566895,,,,
2024,across_learners,10km,RF_10km,LR_10km,ok,ssim_rank_21,TH52,0.4732087552547455,,,,
2024,across_learners,10km,RF_10km,LR_10km,ok,ssim_rank_21,TH53,0.5796411037445068,,,,
2024,across_learners,10km,RF_10km,LR_10km,ok,ssim_rank_21,TH54,0.46305087208747864,,,,
2024,across_learners,10km,RF_10km,LR_10km,ok,ssim_rank_21,TH55,0.3462284803390503,,,,
2024,across_learners,10km,RF_10km,LR_10km,ok,ssim_rank_21,TH56,0.5077157616615295,,,,
2024,across_learners,10km,RF_10km,LR_10km,ok,ssim_rank_21,TH57,0.5564923286437988,,,,
2024,across_learners,10km,RF_10km,LR_10km,ok,ssim_rank_21,TH58,0.14818833768367767,,,,
2024,across_learners,10km,RF_10km,LR_10km,ok,jaccard_top10,TH50,0.6621621621621622,8384.0,8590.0,6762.0,10212.0
2024,across_learners,10km,RF_10km,LR_10km,ok,jaccard_top10,TH51,0.6590114827758362,3069.0,3577.0,2640.0,4006.0
2024,across_learners,10km,RF_10km,LR_10km,ok,jaccard_top10,TH52,0.5528790416076259,6233.0,5822.0,4292.0,7763.0
2024,across_learners,10km,RF_10km,LR_10km,ok,jaccard_top10,TH53,0.5523880970242561,3352.0,2856.0,2209.0,3999.0
2024,across_learners,10km,RF_10km,LR_10km,ok,jaccard_top10,TH54,0.5705928237129485,2293.0,1734.0,1463.0,2564.0
2024,across_learners,10km,RF_10km,LR_10km,ok,jaccard_top10,TH55,0.6011012542061792,2625.0,2609.0,1965.0,3269.0
2024,across_learners,10km,RF_10km,LR_10km,ok,jaccard_top10,TH56,0.5370948379351741,2899.0,3503.0,2237.0,4165.0
2024,across_learners,10km,RF_10km,LR_10km,ok,jaccard_top10,TH57,0.6773814190513524,8610.0,8506.0,6912.0,10204.0
2024,across_learners,10km,RF_10km,LR_10km,ok,jaccard_top10,TH58,0.34099616858237547,741.0,1009.0,445.0,1305.0
2024,across_learners,10km,XGB_10km,LR_10km,ok,ssim_raw_7,TH50,0.6186479926109314,,,,
2024,across_learners,10km,XGB_10km,LR_10km,ok,ssim_raw_7,TH51,0.5368042588233948,,,,
2024,across_learners,10km,XGB_10km,LR_10km,ok,ssim_raw_7,TH52,0.6252256035804749,,,,
2024,across_learners,10km,XGB_10km,LR_10km,ok,ssim_raw_7,TH53,0.6179812550544739,,,,
2024,across_learners,10km,XGB_10km,LR_10km,ok,ssim_raw_7,TH54,0.6284147500991821,,,,
2024,across_learners,10km,XGB_10km,LR_10km,ok,ssim_raw_7,TH55,0.6825078129768372,,,,
2024,across_learners,10km,XGB_10km,LR_10km,ok,ssim_raw_7,TH56,0.550403356552124,,,,
2024,across_learners,10km,XGB_10km,LR_10km,ok,ssim_raw_7,TH57,0.6586267352104187,,,,
2024,across_learners,10km,XGB_10km,LR_10km,ok,ssim_raw_7,TH58,0.7048678994178772,,,,
2024,across_learners,10km,XGB_10km,LR_10km,ok,ssim_rank_7,TH50,0.293820858001709,,,,
2024,across_learners,10km,XGB_10km,LR_10km,ok,ssim_rank_7,TH51,0.5410522222518921,,,,
2024,across_learners,10km,XGB_10km,LR_10km,ok,ssim_rank_7,TH52,0.46075278520584106,,,,
2024,across_learners,10km,XGB_10km,LR_10km,ok,ssim_rank_7,TH53,0.4729658365249634,,,,
2024,across_learners,10km,XGB_10km,LR_10km,ok,ssim_rank_7,TH54,0.44192004203796387,,,,
2024,across_learners,10km,XGB_10km,LR_10km,ok,ssim_rank_7,TH55,0.2684493064880371,,,,
2024,across_learners,10km,XGB_10km,LR_10km,ok,ssim_rank_7,TH56,0.4920769929885864,,,,
2024,across_learners,10km,XGB_10km,LR_10km,ok,ssim_rank_7,TH57,0.48664775490760803,,,,
2024,across_learners,10km,XGB_10km,LR_10km,ok,ssim_rank_7,TH58,0.07112174481153488,,,,
2024,across_learners,10km,XGB_10km,LR_10km,ok,ssim_raw_21,TH50,0.5899736881256104,,,,
2024,across_learners,10km,XGB_10km,LR_10km,ok,ssim_raw_21,TH51,0.5399588346481323,,,,
2024,across_learners,10km,XGB_10km,LR_10km,ok,ssim_raw_21,TH52,0.6168012619018555,,,,
2024,across_learners,10km,XGB_10km,LR_10km,ok,ssim_raw_21,TH53,0.6615273356437683,,,,
2024,across_learners,10km,XGB_10km,LR_10km,ok,ssim_raw_21,TH54,0.6193768382072449,,,,
2024,across_learners,10km,XGB_10km,LR_10km,ok,ssim_raw_21,TH55,0.654629647731781,,,,
2024,across_learners,10km,XGB_10km,LR_10km,ok,ssim_raw_21,TH56,0.5426509380340576,,,,
2024,across_learners,10km,XGB_10km,LR_10km,ok,ssim_raw_21,TH57,0.7177345156669617,,,,
2024,across_learners,10km,XGB_10km,LR_10km,ok,ssim_raw_21,TH58,0.6229590177536011,,,,
2024,across_learners,10km,XGB_10km,LR_10km,ok,ssim_rank_21,TH50,0.4598127007484436,,,,
2024,across_learners,10km,XGB_10km,LR_10km,ok,ssim_rank_21,TH51,0.7233404517173767,,,,
2024,across_learners,10km,XGB_10km,LR_10km,ok,ssim_rank_21,TH52,0.6204245090484619,,,,
2024,across_learners,10km,XGB_10km,LR_10km,ok,ssim_rank_21,TH53,0.6499503254890442,,,,
2024,across_learners,10km,XGB_10km,LR_10km,ok,ssim_rank_21,TH54,0.5967510938644409,,,,
2024,across_learners,10km,XGB_10km,LR_10km,ok,ssim_rank_21,TH55,0.4699948728084564,,,,
2024,across_learners,10km,XGB_10km,LR_10km,ok,ssim_rank_21,TH56,0.6430325508117676,,,,
2024,across_learners,10km,XGB_10km,LR_10km,ok,ssim_rank_21,TH57,0.6101962327957153,,,,
2024,across_learners,10km,XGB_10km,LR_10km,ok,ssim_rank_21,TH58,0.24563097953796387,,,,
2024,across_learners,10km,XGB_10km,LR_10km,ok,jaccard_top10,TH50,0.646319737458978,8968.0,8590.0,6893.0,10665.0
2024,across_learners,10km,XGB_10km,LR_10km,ok,jaccard_top10,TH51,0.6605595444416935,3130.0,3577.0,2668.0,4039.0
2024,across_learners,10km,XGB_10km,LR_10km,ok,jaccard_top10,TH52,0.523731380964403,6249.0,5822.0,4149.0,7922.0
2024,across_learners,10km,XGB_10km,LR_10km,ok,jaccard_top10,TH53,0.4748776088636949,2868.0,2856.0,1843.0,3881.0
2024,across_learners,10km,XGB_10km,LR_10km,ok,jaccard_top10,TH54,0.5231619209519762,1850.0,1734.0,1231.0,2353.0
2024,across_learners,10km,XGB_10km,LR_10km,ok,jaccard_top10,TH55,0.5990635059994147,2855.0,2609.0,2047.0,3417.0
2024,across_learners,10km,XGB_10km,LR_10km,ok,jaccard_top10,TH56,0.47186261558784676,2068.0,3503.0,1786.0,3785.0
2024,across_learners,10km,XGB_10km,LR_10km,ok,jaccard_top10,TH57,0.6440709272257111,9296.0,8506.0,6974.0,10828.0
2024,across_learners,10km,XGB_10km,LR_10km,ok,jaccard_top10,TH58,0.3381843381843382,922.0,1009.0,488.0,1443.0
2024,across_learners,20km,RF_20km,XGB_20km,ok,ssim_raw_7,TH50,0.6633774638175964,,,,
2024,across_learners,20km,RF_20km,XGB_20km,ok,ssim_raw_7,TH51,0.6649908423423767,,,,
2024,across_learners,20km,RF_20km,XGB_20km,ok,ssim_raw_7,TH52,0.6940592527389526,,,,
2024,across_learners,20km,RF_20km,XGB_20km,ok,ssim_raw_7,TH53,0.6755032539367676,,,,
2024,across_learners,20km,RF_20km,XGB_20km,ok,ssim_raw_7,TH54,0.6549572348594666,,,,
2024,across_learners,20km,RF_20km,XGB_20km,ok,ssim_raw_7,TH55,0.7044709324836731,,,,
2024,across_learners,20km,RF_20km,XGB_20km,ok,ssim_raw_7,TH56,0.631854772567749,,,,
2024,across_learners,20km,RF_20km,XGB_20km,ok,ssim_raw_7,TH57,0.6717528104782104,,,,
2024,across_learners,20km,RF_20km,XGB_20km,ok,ssim_raw_7,TH58,0.7022502422332764,,,,
2024,across_learners,20km,RF_20km,XGB_20km,ok,ssim_rank_7,TH50,0.5410393476486206,,,,
2024,across_learners,20km,RF_20km,XGB_20km,ok,ssim_rank_7,TH51,0.6958402991294861,,,,
2024,across_learners,20km,RF_20km,XGB_20km,ok,ssim_rank_7,TH52,0.651435375213623,,,,
2024,across_learners,20km,RF_20km,XGB_20km,ok,ssim_rank_7,TH53,0.6542365550994873,,,,
2024,across_learners,20km,RF_20km,XGB_20km,ok,ssim_rank_7,TH54,0.6641625761985779,,,,
2024,across_learners,20km,RF_20km,XGB_20km,ok,ssim_rank_7,TH55,0.5497190356254578,,,,
2024,across_learners,20km,RF_20km,XGB_20km,ok,ssim_rank_7,TH56,0.6860738396644592,,,,
2024,across_learners,20km,RF_20km,XGB_20km,ok,ssim_rank_7,TH57,0.7106899619102478,,,,
2024,across_learners,20km,RF_20km,XGB_20km,ok,ssim_rank_7,TH58,0.4488673806190491,,,,
2024,across_learners,20km,RF_20km,XGB_20km,ok,ssim_raw_21,TH50,0.6253116726875305,,,,
2024,across_learners,20km,RF_20km,XGB_20km,ok,ssim_raw_21,TH51,0.6644165515899658,,,,
2024,across_learners,20km,RF_20km,XGB_20km,ok,ssim_raw_21,TH52,0.6897119283676147,,,,
2024,across_learners,20km,RF_20km,XGB_20km,ok,ssim_raw_21,TH53,0.6624961495399475,,,,
2024,across_learners,20km,RF_20km,XGB_20km,ok,ssim_raw_21,TH54,0.6080074906349182,,,,
2024,across_learners,20km,RF_20km,XGB_20km,ok,ssim_raw_21,TH55,0.690502941608429,,,,
2024,across_learners,20km,RF_20km,XGB_20km,ok,ssim_raw_21,TH56,0.5889225006103516,,,,
2024,across_learners,20km,RF_20km,XGB_20km,ok,ssim_raw_21,TH57,0.7336488366127014,,,,
2024,across_learners,20km,RF_20km,XGB_20km,ok,ssim_raw_21,TH58,0.6426572203636169,,,,
2024,across_learners,20km,RF_20km,XGB_20km,ok,ssim_rank_21,TH50,0.660792887210846,,,,
2024,across_learners,20km,RF_20km,XGB_20km,ok,ssim_rank_21,TH51,0.8058087229728699,,,,
2024,across_learners,20km,RF_20km,XGB_20km,ok,ssim_rank_21,TH52,0.7659519910812378,,,,
2024,across_learners,20km,RF_20km,XGB_20km,ok,ssim_rank_21,TH53,0.7868903279304504,,,,
2024,across_learners,20km,RF_20km,XGB_20km,ok,ssim_rank_21,TH54,0.7785052061080933,,,,
2024,across_learners,20km,RF_20km,XGB_20km,ok,ssim_rank_21,TH55,0.696913480758667,,,,
2024,across_learners,20km,RF_20km,XGB_20km,ok,ssim_rank_21,TH56,0.8040909767150879,,,,
2024,across_learners,20km,RF_20km,XGB_20km,ok,ssim_rank_21,TH57,0.8218737244606018,,,,
2024,across_learners,20km,RF_20km,XGB_20km,ok,ssim_rank_21,TH58,0.6075288653373718,,,,
2024,across_learners,20km,RF_20km,XGB_20km,ok,jaccard_top10,TH50,0.7067373796896484,8365.0,9013.0,7196.0,10182.0
2024,across_learners,20km,RF_20km,XGB_20km,ok,jaccard_top10,TH51,0.7519159806982685,3155.0,3017.0,2649.0,3523.0
2024,across_learners,20km,RF_20km,XGB_20km,ok,jaccard_top10,TH52,0.7055914273938728,6192.0,6223.0,5136.0,7279.0
2024,across_learners,20km,RF_20km,XGB_20km,ok,jaccard_top10,TH53,0.5905824039653036,3248.0,3170.0,2383.0,4035.0
2024,across_learners,20km,RF_20km,XGB_20km,ok,jaccard_top10,TH54,0.6479093395857757,2248.0,1969.0,1658.0,2559.0
2024,across_learners,20km,RF_20km,XGB_20km,ok,jaccard_top10,TH55,0.6739460115256294,2640.0,2879.0,2222.0,3297.0
2024,across_learners,20km,RF_20km,XGB_20km,ok,jaccard_top10,TH56,0.4829388256993544,3013.0,1811.0,1571.0,3253.0
2024,across_learners,20km,RF_20km,XGB_20km,ok,jaccard_top10,TH57,0.6651554404145078,8692.0,9305.0,7189.0,10808.0
2024,across_learners,20km,RF_20km,XGB_20km,ok,jaccard_top10,TH58,0.5445960125918153,653.0,819.0,519.0,953.0
2024,across_learners,20km,RF_20km,LR_20km,ok,ssim_raw_7,TH50,0.600792407989502,,,,
2024,across_learners,20km,RF_20km,LR_20km,ok,ssim_raw_7,TH51,0.6418784260749817,,,,
2024,across_learners,20km,RF_20km,LR_20km,ok,ssim_raw_7,TH52,0.6509312987327576,,,,
2024,across_learners,20km,RF_20km,LR_20km,ok,ssim_raw_7,TH53,0.6728909015655518,,,,
2024,across_learners,20km,RF_20km,LR_20km,ok,ssim_raw_7,TH54,0.6768679022789001,,,,
2024,across_learners,20km,RF_20km,LR_20km,ok,ssim_raw_7,TH55,0.6268477439880371,,,,
2024,across_learners,20km,RF_20km,LR_20km,ok,ssim_raw_7,TH56,0.6751776337623596,,,,
2024,across_learners,20km,RF_20km,LR_20km,ok,ssim_raw_7,TH57,0.6447949409484863,,,,
2024,across_learners,20km,RF_20km,LR_20km,ok,ssim_raw_7,TH58,0.6017266511917114,,,,
2024,across_learners,20km,RF_20km,LR_20km,ok,ssim_rank_7,TH50,0.2966940999031067,,,,
2024,across_learners,20km,RF_20km,LR_20km,ok,ssim_rank_7,TH51,0.546127200126648,,,,
2024,across_learners,20km,RF_20km,LR_20km,ok,ssim_rank_7,TH52,0.4511723816394806,,,,
2024,across_learners,20km,RF_20km,LR_20km,ok,ssim_rank_7,TH53,0.47887781262397766,,,,
2024,across_learners,20km,RF_20km,LR_20km,ok,ssim_rank_7,TH54,0.4117150902748108,,,,
2024,across_learners,20km,RF_20km,LR_20km,ok,ssim_rank_7,TH55,0.25708553194999695,,,,
2024,across_learners,20km,RF_20km,LR_20km,ok,ssim_rank_7,TH56,0.4992426335811615,,,,
2024,across_learners,20km,RF_20km,LR_20km,ok,ssim_rank_7,TH57,0.5126503109931946,,,,
2024,across_learners,20km,RF_20km,LR_20km,ok,ssim_rank_7,TH58,0.10006746649742126,,,,
2024,across_learners,20km,RF_20km,LR_20km,ok,ssim_raw_21,TH50,0.6046979427337646,,,,
2024,across_learners,20km,RF_20km,LR_20km,ok,ssim_raw_21,TH51,0.7150692939758301,,,,
2024,across_learners,20km,RF_20km,LR_20km,ok,ssim_raw_21,TH52,0.7028231024742126,,,,
2024,across_learners,20km,RF_20km,LR_20km,ok,ssim_raw_21,TH53,0.7647764682769775,,,,
2024,across_learners,20km,RF_20km,LR_20km,ok,ssim_raw_21,TH54,0.7064992785453796,,,,
2024,across_learners,20km,RF_20km,LR_20km,ok,ssim_raw_21,TH55,0.6453584432601929,,,,
2024,across_learners,20km,RF_20km,LR_20km,ok,ssim_raw_21,TH56,0.7418525815010071,,,,
2024,across_learners,20km,RF_20km,LR_20km,ok,ssim_raw_21,TH57,0.7319104075431824,,,,
2024,across_learners,20km,RF_20km,LR_20km,ok,ssim_raw_21,TH58,0.5614078044891357,,,,
2024,across_learners,20km,RF_20km,LR_20km,ok,ssim_rank_21,TH50,0.4367978274822235,,,,
2024,across_learners,20km,RF_20km,LR_20km,ok,ssim_rank_21,TH51,0.7241420745849609,,,,
2024,across_learners,20km,RF_20km,LR_20km,ok,ssim_rank_21,TH52,0.6073776483535767,,,,
2024,across_learners,20km,RF_20km,LR_20km,ok,ssim_rank_21,TH53,0.6789515018463135,,,,
2024,across_learners,20km,RF_20km,LR_20km,ok,ssim_rank_21,TH54,0.6022670865058899,,,,
2024,across_learners,20km,RF_20km,LR_20km,ok,ssim_rank_21,TH55,0.44174692034721375,,,,
2024,across_learners,20km,RF_20km,LR_20km,ok,ssim_rank_21,TH56,0.6228677034378052,,,,
2024,across_learners,20km,RF_20km,LR_20km,ok,ssim_rank_21,TH57,0.6241240501403809,,,,
2024,across_learners,20km,RF_20km,LR_20km,ok,ssim_rank_21,TH58,0.25822290778160095,,,,
2024,across_learners,20km,RF_20km,LR_20km,ok,jaccard_top10,TH50,0.7315114217169083,8365.0,8235.0,7013.0,9587.0
2024,across_learners,20km,RF_20km,LR_20km,ok,jaccard_top10,TH51,0.7360167276529012,3155.0,3487.0,2816.0,3826.0
2024,across_learners,20km,RF_20km,LR_20km,ok,jaccard_top10,TH52,0.6273067850700708,6192.0,5536.0,4521.0,7207.0
2024,across_learners,20km,RF_20km,LR_20km,ok,jaccard_top10,TH53,0.5876953609526172,3248.0,3152.0,2369.0,4031.0
2024,across_learners,20km,RF_20km,LR_20km,ok,jaccard_top10,TH54,0.6341367048597393,2248.0,1888.0,1605.0,2531.0
2024,across_learners,20km,RF_20km,LR_20km,ok,jaccard_top10,TH55,0.6592427616926503,2640.0,2575.0,2072.0,3143.0
2024,across_learners,20km,RF_20km,LR_20km,ok,jaccard_top10,TH56,0.582036775106082,3013.0,3698.0,2469.0,4242.0
2024,across_learners,20km,RF_20km,LR_20km,ok,jaccard_top10,TH57,0.7275487219665067,8692.0,8948.0,7429.0,10211.0
2024,across_learners,20km,RF_20km,LR_20km,ok,jaccard_top10,TH58,0.3729508196721312,653.0,687.0,364.0,976.0
2024,across_learners,20km,XGB_20km,LR_20km,ok,ssim_raw_7,TH50,0.6187542080879211,,,,
2024,across_learners,20km,XGB_20km,LR_20km,ok,ssim_raw_7,TH51,0.5164980292320251,,,,
2024,across_learners,20km,XGB_20km,LR_20km,ok,ssim_raw_7,TH52,0.6213828325271606,,,,
2024,across_learners,20km,XGB_20km,LR_20km,ok,ssim_raw_7,TH53,0.5927717089653015,,,,
2024,across_learners,20km,XGB_20km,LR_20km,ok,ssim_raw_7,TH54,0.6327356100082397,,,,
2024,across_learners,20km,XGB_20km,LR_20km,ok,ssim_raw_7,TH55,0.6946566700935364,,,,
2024,across_learners,20km,XGB_20km,LR_20km,ok,ssim_raw_7,TH56,0.5140378475189209,,,,
2024,across_learners,20km,XGB_20km,LR_20km,ok,ssim_raw_7,TH57,0.6715778708457947,,,,
2024,across_learners,20km,XGB_20km,LR_20km,ok,ssim_raw_7,TH58,0.7389066219329834,,,,
2024,across_learners,20km,XGB_20km,LR_20km,ok,ssim_rank_7,TH50,0.31130340695381165,,,,
2024,across_learners,20km,XGB_20km,LR_20km,ok,ssim_rank_7,TH51,0.5490370392799377,,,,
2024,across_learners,20km,XGB_20km,LR_20km,ok,ssim_rank_7,TH52,0.4946307837963104,,,,
2024,across_learners,20km,XGB_20km,LR_20km,ok,ssim_rank_7,TH53,0.4981408715248108,,,,
2024,across_learners,20km,XGB_20km,LR_20km,ok,ssim_rank_7,TH54,0.4797211289405823,,,,
2024,across_learners,20km,XGB_20km,LR_20km,ok,ssim_rank_7,TH55,0.3113889694213867,,,,
2024,across_learners,20km,XGB_20km,LR_20km,ok,ssim_rank_7,TH56,0.5326444506645203,,,,
2024,across_learners,20km,XGB_20km,LR_20km,ok,ssim_rank_7,TH57,0.5230223536491394,,,,
2024,across_learners,20km,XGB_20km,LR_20km,ok,ssim_rank_7,TH58,0.07823369652032852,,,,
2024,across_learners,20km,XGB_20km,LR_20km,ok,ssim_raw_21,TH50,0.596189022064209,,,,
2024,across_learners,20km,XGB_20km,LR_20km,ok,ssim_raw_21,TH51,0.5245383381843567,,,,
2024,across_learners,20km,XGB_20km,LR_20km,ok,ssim_raw_21,TH52,0.6249616742134094,,,,
2024,across_learners,20km,XGB_20km,LR_20km,ok,ssim_raw_21,TH53,0.6260551810264587,,,,
2024,across_learners,20km,XGB_20km,LR_20km,ok,ssim_raw_21,TH54,0.6409249901771545,,,,
2024,across_learners,20km,XGB_20km,LR_20km,ok,ssim_raw_21,TH55,0.667475163936615,,,,
2024,across_learners,20km,XGB_20km,LR_20km,ok,ssim_raw_21,TH56,0.48870205879211426,,,,
2024,across_learners,20km,XGB_20km,LR_20km,ok,ssim_raw_21,TH57,0.756068766117096,,,,
2024,across_learners,20km,XGB_20km,LR_20km,ok,ssim_raw_21,TH58,0.6515417695045471,,,,
2024,across_learners,20km,XGB_20km,LR_20km,ok,ssim_rank_21,TH50,0.4957946538925171,,,,
2024,across_learners,20km,XGB_20km,LR_20km,ok,ssim_rank_21,TH51,0.7317209243774414,,,,
2024,across_learners,20km,XGB_20km,LR_20km,ok,ssim_rank_21,TH52,0.6700353622436523,,,,
2024,across_learners,20km,XGB_20km,LR_20km,ok,ssim_rank_21,TH53,0.6675704717636108,,,,
2024,across_learners,20km,XGB_20km,LR_20km,ok,ssim_rank_21,TH54,0.6541820168495178,,,,
2024,across_learners,20km,XGB_20km,LR_20km,ok,ssim_rank_21,TH55,0.53156977891922,,,,
2024,across_learners,20km,XGB_20km,LR_20km,ok,ssim_rank_21,TH56,0.695652186870575,,,,
2024,across_learners,20km,XGB_20km,LR_20km,ok,ssim_rank_21,TH57,0.6556482911109924,,,,
2024,across_learners,20km,XGB_20km,LR_20km,ok,ssim_rank_21,TH58,0.2803824841976166,,,,
2024,across_learners,20km,XGB_20km,LR_20km,ok,jaccard_top10,TH50,0.6527405136067459,9013.0,8235.0,6812.0,10436.0
2024,across_learners,20km,XGB_20km,LR_20km,ok,jaccard_top10,TH51,0.6897895557287607,3017.0,3487.0,2655.0,3849.0
2024,across_learners,20km,XGB_20km,LR_20km,ok,jaccard_top10,TH52,0.5622425933306763,6223.0,5536.0,4232.0,7527.0
2024,across_learners,20km,XGB_20km,LR_20km,ok,jaccard_top10,TH53,0.4857814336075206,3170.0,3152.0,2067.0,4255.0
2024,across_learners,20km,XGB_20km,LR_20km,ok,jaccard_top10,TH54,0.5984251968503937,1969.0,1888.0,1444.0,2413.0
2024,across_learners,20km,XGB_20km,LR_20km,ok,jaccard_top10,TH55,0.6083751105868476,2879.0,2575.0,2063.0,3391.0
2024,across_learners,20km,XGB_20km,LR_20km,ok,jaccard_top10,TH56,0.4067926455566905,1811.0,3698.0,1593.0,3916.0
2024,across_learners,20km,XGB_20km,LR_20km,ok,jaccard_top10,TH57,0.6470853636527703,9305.0,8948.0,7171.0,11082.0
2024,across_learners,20km,XGB_20km,LR_20km,ok,jaccard_top10,TH58,0.3257042253521127,819.0,687.0,370.0,1136.0
2024,across_learners,25km,RF_25km,XGB_25km,ok,ssim_raw_7,TH50,0.66551673412323,,,,
2024,across_learners,25km,RF_25km,XGB_25km,ok,ssim_raw_7,TH51,0.650682270526886,,,,
2024,across_learners,25km,RF_25km,XGB_25km,ok,ssim_raw_7,TH52,0.6931515336036682,,,,
2024,across_learners,25km,RF_25km,XGB_25km,ok,ssim_raw_7,TH53,0.6678586602210999,,,,
2024,across_learners,25km,RF_25km,XGB_25km,ok,ssim_raw_7,TH54,0.6389211416244507,,,,
2024,across_learners,25km,RF_25km,XGB_25km,ok,ssim_raw_7,TH55,0.717308521270752,,,,
2024,across_learners,25km,RF_25km,XGB_25km,ok,ssim_raw_7,TH56,0.6418448686599731,,,,
2024,across_learners,25km,RF_25km,XGB_25km,ok,ssim_raw_7,TH57,0.6688786149024963,,,,
2024,across_learners,25km,RF_25km,XGB_25km,ok,ssim_raw_7,TH58,0.7189682722091675,,,,
2024,across_learners,25km,RF_25km,XGB_25km,ok,ssim_rank_7,TH50,0.5253804326057434,,,,
2024,across_learners,25km,RF_25km,XGB_25km,ok,ssim_rank_7,TH51,0.6969496011734009,,,,
2024,across_learners,25km,RF_25km,XGB_25km,ok,ssim_rank_7,TH52,0.6494899988174438,,,,
2024,across_learners,25km,RF_25km,XGB_25km,ok,ssim_rank_7,TH53,0.6387040615081787,,,,
2024,across_learners,25km,RF_25km,XGB_25km,ok,ssim_rank_7,TH54,0.64851975440979,,,,
2024,across_learners,25km,RF_25km,XGB_25km,ok,ssim_rank_7,TH55,0.5343468189239502,,,,
2024,across_learners,25km,RF_25km,XGB_25km,ok,ssim_rank_7,TH56,0.6949222683906555,,,,
2024,across_learners,25km,RF_25km,XGB_25km,ok,ssim_rank_7,TH57,0.7156566381454468,,,,
2024,across_learners,25km,RF_25km,XGB_25km,ok,ssim_rank_7,TH58,0.4327986240386963,,,,
2024,across_learners,25km,RF_25km,XGB_25km,ok,ssim_raw_21,TH50,0.6234976053237915,,,,
2024,across_learners,25km,RF_25km,XGB_25km,ok,ssim_raw_21,TH51,0.6475738286972046,,,,
2024,across_learners,25km,RF_25km,XGB_25km,ok,ssim_raw_21,TH52,0.694133460521698,,,,
2024,across_learners,25km,RF_25km,XGB_25km,ok,ssim_raw_21,TH53,0.6704883575439453,,,,
2024,across_learners,25km,RF_25km,XGB_25km,ok,ssim_raw_21,TH54,0.5974761843681335,,,,
2024,across_learners,25km,RF_25km,XGB_25km,ok,ssim_raw_21,TH55,0.7033632397651672,,,,
2024,across_learners,25km,RF_25km,XGB_25km,ok,ssim_raw_21,TH56,0.624237596988678,,,,
2024,across_learners,25km,RF_25km,XGB_25km,ok,ssim_raw_21,TH57,0.7373051047325134,,,,
2024,across_learners,25km,RF_25km,XGB_25km,ok,ssim_raw_21,TH58,0.6625643372535706,,,,
2024,across_learners,25km,RF_25km,XGB_25km,ok,ssim_rank_21,TH50,0.6514023542404175,,,,
2024,across_learners,25km,RF_25km,XGB_25km,ok,ssim_rank_21,TH51,0.8098302483558655,,,,
2024,across_learners,25km,RF_25km,XGB_25km,ok,ssim_rank_21,TH52,0.7713223099708557,,,,
2024,across_learners,25km,RF_25km,XGB_25km,ok,ssim_rank_21,TH53,0.7790834307670593,,,,
2024,across_learners,25km,RF_25km,XGB_25km,ok,ssim_rank_21,TH54,0.7709688544273376,,,,
2024,across_learners,25km,RF_25km,XGB_25km,ok,ssim_rank_21,TH55,0.6857350468635559,,,,
2024,across_learners,25km,RF_25km,XGB_25km,ok,ssim_rank_21,TH56,0.8142061233520508,,,,
2024,across_learners,25km,RF_25km,XGB_25km,ok,ssim_rank_21,TH57,0.8262343406677246,,,,
2024,across_learners,25km,RF_25km,XGB_25km,ok,ssim_rank_21,TH58,0.5995208621025085,,,,
2024,across_learners,25km,RF_25km,XGB_25km,ok,jaccard_top10,TH50,0.6867110625186363,8217.0,8753.0,6909.0,10061.0
2024,across_learners,25km,RF_25km,XGB_25km,ok,jaccard_top10,TH51,0.7474009553245293,3161.0,3058.0,2660.0,3559.0
2024,across_learners,25km,RF_25km,XGB_25km,ok,jaccard_top10,TH52,0.696277032575965,6178.0,6215.0,5087.0,7306.0
2024,across_learners,25km,RF_25km,XGB_25km,ok,jaccard_top10,TH53,0.604132425451984,3490.0,3342.0,2573.0,4259.0
2024,across_learners,25km,RF_25km,XGB_25km,ok,jaccard_top10,TH54,0.6463735437805337,2420.0,1961.0,1720.0,2661.0
2024,across_learners,25km,RF_25km,XGB_25km,ok,jaccard_top10,TH55,0.6435795280416794,2566.0,2797.0,2100.0,3263.0
2024,across_learners,25km,RF_25km,XGB_25km,ok,jaccard_top10,TH56,0.5285888077858881,3096.0,1930.0,1738.0,3288.0
2024,across_learners,25km,RF_25km,XGB_25km,ok,jaccard_top10,TH57,0.6499165585017616,8464.0,9332.0,7010.0,10786.0
2024,across_learners,25km,RF_25km,XGB_25km,ok,jaccard_top10,TH58,0.551462621885157,614.0,818.0,509.0,923.0
2024,across_learners,25km,RF_25km,LR_25km,ok,ssim_raw_7,TH50,0.6139373183250427,,,,
2024,across_learners,25km,RF_25km,LR_25km,ok,ssim_raw_7,TH51,0.6491988897323608,,,,
2024,across_learners,25km,RF_25km,LR_25km,ok,ssim_raw_7,TH52,0.6580266356468201,,,,
2024,across_learners,25km,RF_25km,LR_25km,ok,ssim_raw_7,TH53,0.6776183247566223,,,,
2024,across_learners,25km,RF_25km,LR_25km,ok,ssim_raw_7,TH54,0.6762019395828247,,,,
2024,across_learners,25km,RF_25km,LR_25km,ok,ssim_raw_7,TH55,0.6467822194099426,,,,
2024,across_learners,25km,RF_25km,LR_25km,ok,ssim_raw_7,TH56,0.6752604842185974,,,,
2024,across_learners,25km,RF_25km,LR_25km,ok,ssim_raw_7,TH57,0.6503087878227234,,,,
2024,across_learners,25km,RF_25km,LR_25km,ok,ssim_raw_7,TH58,0.6313992738723755,,,,
2024,across_learners,25km,RF_25km,LR_25km,ok,ssim_rank_7,TH50,0.2953113317489624,,,,
2024,across_learners,25km,RF_25km,LR_25km,ok,ssim_rank_7,TH51,0.5537829995155334,,,,
2024,across_learners,25km,RF_25km,LR_25km,ok,ssim_rank_7,TH52,0.4462295174598694,,,,
2024,across_learners,25km,RF_25km,LR_25km,ok,ssim_rank_7,TH53,0.4769895076751709,,,,
2024,across_learners,25km,RF_25km,LR_25km,ok,ssim_rank_7,TH54,0.41338300704956055,,,,
2024,across_learners,25km,RF_25km,LR_25km,ok,ssim_rank_7,TH55,0.2615114748477936,,,,
2024,across_learners,25km,RF_25km,LR_25km,ok,ssim_rank_7,TH56,0.5067638158798218,,,,
2024,across_learners,25km,RF_25km,LR_25km,ok,ssim_rank_7,TH57,0.526086688041687,,,,
2024,across_learners,25km,RF_25km,LR_25km,ok,ssim_rank_7,TH58,0.10034417361021042,,,,
2024,across_learners,25km,RF_25km,LR_25km,ok,ssim_raw_21,TH50,0.6203546524047852,,,,
2024,across_learners,25km,RF_25km,LR_25km,ok,ssim_raw_21,TH51,0.7242574691772461,,,,
2024,across_learners,25km,RF_25km,LR_25km,ok,ssim_raw_21,TH52,0.7157289385795593,,,,
2024,across_learners,25km,RF_25km,LR_25km,ok,ssim_raw_21,TH53,0.7714213132858276,,,,
2024,across_learners,25km,RF_25km,LR_25km,ok,ssim_raw_21,TH54,0.7142960429191589,,,,
2024,across_learners,25km,RF_25km,LR_25km,ok,ssim_raw_21,TH55,0.662688136100769,,,,
2024,across_learners,25km,RF_25km,LR_25km,ok,ssim_raw_21,TH56,0.744895875453949,,,,
2024,across_learners,25km,RF_25km,LR_25km,ok,ssim_raw_21,TH57,0.7381204962730408,,,,
2024,across_learners,25km,RF_25km,LR_25km,ok,ssim_raw_21,TH58,0.5903959274291992,,,,
2024,across_learners,25km,RF_25km,LR_25km,ok,ssim_rank_21,TH50,0.4358975291252136,,,,
2024,across_learners,25km,RF_25km,LR_25km,ok,ssim_rank_21,TH51,0.7325653433799744,,,,
2024,across_learners,25km,RF_25km,LR_25km,ok,ssim_rank_21,TH52,0.6076021194458008,,,,
2024,across_learners,25km,RF_25km,LR_25km,ok,ssim_rank_21,TH53,0.6762857437133789,,,,
2024,across_learners,25km,RF_25km,LR_25km,ok,ssim_rank_21,TH54,0.6060563921928406,,,,
2024,across_learners,25km,RF_25km,LR_25km,ok,ssim_rank_21,TH55,0.44619324803352356,,,,
2024,across_learners,25km,RF_25km,LR_25km,ok,ssim_rank_21,TH56,0.638562798500061,,,,
2024,across_learners,25km,RF_25km,LR_25km,ok,ssim_rank_21,TH57,0.6294509172439575,,,,
2024,across_learners,25km,RF_25km,LR_25km,ok,ssim_rank_21,TH58,0.263746052980423,,,,
2024,across_learners,25km,RF_25km,LR_25km,ok,jaccard_top10,TH50,0.7506699539071712,8217.0,8115.0,7003.0,9329.0
2024,across_learners,25km,RF_25km,LR_25km,ok,jaccard_top10,TH51,0.7460484720758693,3161.0,3467.0,2832.0,3796.0
2024,across_learners,25km,RF_25km,LR_25km,ok,jaccard_top10,TH52,0.6331236897274634,6178.0,5507.0,4530.0,7155.0
2024,across_learners,25km,RF_25km,LR_25km,ok,jaccard_top10,TH53,0.621300339640951,3490.0,3193.0,2561.0,4122.0
2024,across_learners,25km,RF_25km,LR_25km,ok,jaccard_top10,TH54,0.6427763108261033,2420.0,1935.0,1704.0,2651.0
2024,across_learners,25km,RF_25km,LR_25km,ok,jaccard_top10,TH55,0.6662303664921466,2566.0,2526.0,2036.0,3056.0
2024,across_learners,25km,RF_25km,LR_25km,ok,jaccard_top10,TH56,0.5965277777777778,3096.0,3801.0,2577.0,4320.0
2024,across_learners,25km,RF_25km,LR_25km,ok,jaccard_top10,TH57,0.7315263626471461,8464.0,9040.0,7395.0,10109.0
2024,across_learners,25km,RF_25km,LR_25km,ok,jaccard_top10,TH58,0.38100558659217876,614.0,622.0,341.0,895.0
2024,across_learners,25km,XGB_25km,LR_25km,ok,ssim_raw_7,TH50,0.6120689511299133,,,,
2024,across_learners,25km,XGB_25km,LR_25km,ok,ssim_raw_7,TH51,0.5048209428787231,,,,
2024,across_learners,25km,XGB_25km,LR_25km,ok,ssim_raw_7,TH52,0.6119723320007324,,,,
2024,across_learners,25km,XGB_25km,LR_25km,ok,ssim_raw_7,TH53,0.5929892659187317,,,,
2024,across_learners,25km,XGB_25km,LR_25km,ok,ssim_raw_7,TH54,0.6148370504379272,,,,
2024,across_learners,25km,XGB_25km,LR_25km,ok,ssim_raw_7,TH55,0.684461772441864,,,,
2024,across_learners,25km,XGB_25km,LR_25km,ok,ssim_raw_7,TH56,0.5082228183746338,,,,
2024,across_learners,25km,XGB_25km,LR_25km,ok,ssim_raw_7,TH57,0.6515122056007385,,,,
2024,across_learners,25km,XGB_25km,LR_25km,ok,ssim_raw_7,TH58,0.7425903081893921,,,,
2024,across_learners,25km,XGB_25km,LR_25km,ok,ssim_rank_7,TH50,0.3392448127269745,,,,
2024,across_learners,25km,XGB_25km,LR_25km,ok,ssim_rank_7,TH51,0.5645342469215393,,,,
2024,across_learners,25km,XGB_25km,LR_25km,ok,ssim_rank_7,TH52,0.5233974456787109,,,,
2024,across_learners,25km,XGB_25km,LR_25km,ok,ssim_rank_7,TH53,0.5245643854141235,,,,
2024,across_learners,25km,XGB_25km,LR_25km,ok,ssim_rank_7,TH54,0.5034510493278503,,,,
2024,across_learners,25km,XGB_25km,LR_25km,ok,ssim_rank_7,TH55,0.34561026096343994,,,,
2024,across_learners,25km,XGB_25km,LR_25km,ok,ssim_rank_7,TH56,0.5766059160232544,,,,
2024,across_learners,25km,XGB_25km,LR_25km,ok,ssim_rank_7,TH57,0.540536642074585,,,,
2024,across_learners,25km,XGB_25km,LR_25km,ok,ssim_rank_7,TH58,0.10039343684911728,,,,
2024,across_learners,25km,XGB_25km,LR_25km,ok,ssim_raw_21,TH50,0.5817022323608398,,,,
2024,across_learners,25km,XGB_25km,LR_25km,ok,ssim_raw_21,TH51,0.5101367831230164,,,,
2024,across_learners,25km,XGB_25km,LR_25km,ok,ssim_raw_21,TH52,0.6162402629852295,,,,
2024,across_learners,25km,XGB_25km,LR_25km,ok,ssim_raw_21,TH53,0.6387383937835693,,,,
2024,across_learners,25km,XGB_25km,LR_25km,ok,ssim_raw_21,TH54,0.6208438277244568,,,,
2024,across_learners,25km,XGB_25km,LR_25km,ok,ssim_raw_21,TH55,0.6514326333999634,,,,
2024,across_learners,25km,XGB_25km,LR_25km,ok,ssim_raw_21,TH56,0.5042574405670166,,,,
2024,across_learners,25km,XGB_25km,LR_25km,ok,ssim_raw_21,TH57,0.7300828695297241,,,,
2024,across_learners,25km,XGB_25km,LR_25km,ok,ssim_raw_21,TH58,0.651181161403656,,,,
2024,across_learners,25km,XGB_25km,LR_25km,ok,ssim_rank_21,TH50,0.5246487855911255,,,,
2024,across_learners,25km,XGB_25km,LR_25km,ok,ssim_rank_21,TH51,0.7395914793014526,,,,
2024,across_learners,25km,XGB_25km,LR_25km,ok,ssim_rank_21,TH52,0.6909892559051514,,,,
2024,across_learners,25km,XGB_25km,LR_25km,ok,ssim_rank_21,TH53,0.6991230845451355,,,,
2024,across_learners,25km,XGB_25km,LR_25km,ok,ssim_rank_21,TH54,0.6687784194946289,,,,
2024,across_learners,25km,XGB_25km,LR_25km,ok,ssim_rank_21,TH55,0.5603021383285522,,,,
2024,across_learners,25km,XGB_25km,LR_25km,ok,ssim_rank_21,TH56,0.7364911437034607,,,,
2024,across_learners,25km,XGB_25km,LR_25km,ok,ssim_rank_21,TH57,0.6612480878829956,,,,
2024,across_learners,25km,XGB_25km,LR_25km,ok,ssim_rank_21,TH58,0.3052159547805786,,,,
2024,across_learners,25km,XGB_25km,LR_25km,ok,jaccard_top10,TH50,0.6365576792471136,8753.0,8115.0,6561.0,10307.0
2024,across_learners,25km,XGB_25km,LR_25km,ok,jaccard_top10,TH51,0.6917293233082706,3058.0,3467.0,2668.0,3857.0
2024,across_learners,25km,XGB_25km,LR_25km,ok,jaccard_top10,TH52,0.5635587568360677,6215.0,5507.0,4225.0,7497.0
2024,across_learners,25km,XGB_25km,LR_25km,ok,jaccard_top10,TH53,0.5009186954524575,3342.0,3193.0,2181.0,4354.0
2024,across_learners,25km,XGB_25km,LR_25km,ok,jaccard_top10,TH54,0.5703345425231762,1961.0,1935.0,1415.0,2481.0
2024,across_learners,25km,XGB_25km,LR_25km,ok,jaccard_top10,TH55,0.6071859903381642,2797.0,2526.0,2011.0,3312.0
2024,across_learners,25km,XGB_25km,LR_25km,ok,jaccard_top10,TH56,0.4175117487014593,1930.0,3801.0,1688.0,4043.0
2024,across_learners,25km,XGB_25km,LR_25km,ok,jaccard_top10,TH57,0.6422633413783856,9332.0,9040.0,7185.0,11187.0
2024,across_learners,25km,XGB_25km,LR_25km,ok,jaccard_top10,TH58,0.3055303717135086,818.0,622.0,337.0,1103.0
2024,across_learners,Rinf,RF_Rinf,XGB_Rinf,ok,ssim_raw_7,TH50,0.6751658320426941,,,,
2024,across_learners,Rinf,RF_Rinf,XGB_Rinf,ok,ssim_raw_7,TH51,0.6699305772781372,,,,
2024,across_learners,Rinf,RF_Rinf,XGB_Rinf,ok,ssim_raw_7,TH52,0.705083966255188,,,,
2024,across_learners,Rinf,RF_Rinf,XGB_Rinf,ok,ssim_raw_7,TH53,0.6730949282646179,,,,
2024,across_learners,Rinf,RF_Rinf,XGB_Rinf,ok,ssim_raw_7,TH54,0.621569037437439,,,,
2024,across_learners,Rinf,RF_Rinf,XGB_Rinf,ok,ssim_raw_7,TH55,0.7264789938926697,,,,
2024,across_learners,Rinf,RF_Rinf,XGB_Rinf,ok,ssim_raw_7,TH56,0.6403824090957642,,,,
2024,across_learners,Rinf,RF_Rinf,XGB_Rinf,ok,ssim_raw_7,TH57,0.6839048266410828,,,,
2024,across_learners,Rinf,RF_Rinf,XGB_Rinf,ok,ssim_raw_7,TH58,0.7408684492111206,,,,
2024,across_learners,Rinf,RF_Rinf,XGB_Rinf,ok,ssim_rank_7,TH50,0.5831484794616699,,,,
2024,across_learners,Rinf,RF_Rinf,XGB_Rinf,ok,ssim_rank_7,TH51,0.7030878663063049,,,,
2024,across_learners,Rinf,RF_Rinf,XGB_Rinf,ok,ssim_rank_7,TH52,0.6665385365486145,,,,
2024,across_learners,Rinf,RF_Rinf,XGB_Rinf,ok,ssim_rank_7,TH53,0.6512516736984253,,,,
2024,across_learners,Rinf,RF_Rinf,XGB_Rinf,ok,ssim_rank_7,TH54,0.652635395526886,,,,
2024,across_learners,Rinf,RF_Rinf,XGB_Rinf,ok,ssim_rank_7,TH55,0.5701475739479065,,,,
2024,across_learners,Rinf,RF_Rinf,XGB_Rinf,ok,ssim_rank_7,TH56,0.7152245044708252,,,,
2024,across_learners,Rinf,RF_Rinf,XGB_Rinf,ok,ssim_rank_7,TH57,0.7306872010231018,,,,
2024,across_learners,Rinf,RF_Rinf,XGB_Rinf,ok,ssim_rank_7,TH58,0.4959469437599182,,,,
2024,across_learners,Rinf,RF_Rinf,XGB_Rinf,ok,ssim_raw_21,TH50,0.6305355429649353,,,,
2024,across_learners,Rinf,RF_Rinf,XGB_Rinf,ok,ssim_raw_21,TH51,0.6861032843589783,,,,
2024,across_learners,Rinf,RF_Rinf,XGB_Rinf,ok,ssim_raw_21,TH52,0.7132977247238159,,,,
2024,across_learners,Rinf,RF_Rinf,XGB_Rinf,ok,ssim_raw_21,TH53,0.686150074005127,,,,
2024,across_learners,Rinf,RF_Rinf,XGB_Rinf,ok,ssim_raw_21,TH54,0.5801265835762024,,,,
2024,across_learners,Rinf,RF_Rinf,XGB_Rinf,ok,ssim_raw_21,TH55,0.7013437151908875,,,,
2024,across_learners,Rinf,RF_Rinf,XGB_Rinf,ok,ssim_raw_21,TH56,0.6218987703323364,,,,
2024,across_learners,Rinf,RF_Rinf,XGB_Rinf,ok,ssim_raw_21,TH57,0.7650683522224426,,,,
2024,across_learners,Rinf,RF_Rinf,XGB_Rinf,ok,ssim_raw_21,TH58,0.6844234466552734,,,,
2024,across_learners,Rinf,RF_Rinf,XGB_Rinf,ok,ssim_rank_21,TH50,0.6965112686157227,,,,
2024,across_learners,Rinf,RF_Rinf,XGB_Rinf,ok,ssim_rank_21,TH51,0.811197817325592,,,,
2024,across_learners,Rinf,RF_Rinf,XGB_Rinf,ok,ssim_rank_21,TH52,0.7813190221786499,,,,
2024,across_learners,Rinf,RF_Rinf,XGB_Rinf,ok,ssim_rank_21,TH53,0.7817366719245911,,,,
2024,across_learners,Rinf,RF_Rinf,XGB_Rinf,ok,ssim_rank_21,TH54,0.7758331298828125,,,,
2024,across_learners,Rinf,RF_Rinf,XGB_Rinf,ok,ssim_rank_21,TH55,0.7220195531845093,,,,
2024,across_learners,Rinf,RF_Rinf,XGB_Rinf,ok,ssim_rank_21,TH56,0.8331241607666016,,,,
2024,across_learners,Rinf,RF_Rinf,XGB_Rinf,ok,ssim_rank_21,TH57,0.8382666707038879,,,,
2024,across_learners,Rinf,RF_Rinf,XGB_Rinf,ok,ssim_rank_21,TH58,0.6515278220176697,,,,
2024,across_learners,Rinf,RF_Rinf,XGB_Rinf,ok,jaccard_top10,TH50,0.6939851911958617,8136.0,8565.0,6842.0,9859.0
2024,across_learners,Rinf,RF_Rinf,XGB_Rinf,ok,jaccard_top10,TH51,0.7461928934010152,3103.0,3089.0,2646.0,3546.0
2024,across_learners,Rinf,RF_Rinf,XGB_Rinf,ok,jaccard_top10,TH52,0.7163501238645748,6278.0,6193.0,5205.0,7266.0
2024,across_learners,Rinf,RF_Rinf,XGB_Rinf,ok,jaccard_top10,TH53,0.5974534769833496,3385.0,3139.0,2440.0,4084.0
2024,across_learners,Rinf,RF_Rinf,XGB_Rinf,ok,jaccard_top10,TH54,0.6691644810790558,2464.0,1991.0,1786.0,2669.0
2024,across_learners,Rinf,RF_Rinf,XGB_Rinf,ok,jaccard_top10,TH55,0.6501248439450686,2568.0,2719.0,2083.0,3204.0
2024,across_learners,Rinf,RF_Rinf,XGB_Rinf,ok,jaccard_top10,TH56,0.5147324113048707,3104.0,1934.0,1712.0,3326.0
2024,across_learners,Rinf,RF_Rinf,XGB_Rinf,ok,jaccard_top10,TH57,0.6800801165331392,8630.0,9824.0,7470.0,10984.0
2024,across_learners,Rinf,RF_Rinf,XGB_Rinf,ok,jaccard_top10,TH58,0.5357142857142857,538.0,752.0,450.0,840.0
2024,across_learners,Rinf,RF_Rinf,LR_Rinf,ok,ssim_raw_7,TH50,0.617956817150116,,,,
2024,across_learners,Rinf,RF_Rinf,LR_Rinf,ok,ssim_raw_7,TH51,0.644239068031311,,,,
2024,across_learners,Rinf,RF_Rinf,LR_Rinf,ok,ssim_raw_7,TH52,0.6546663045883179,,,,
2024,across_learners,Rinf,RF_Rinf,LR_Rinf,ok,ssim_raw_7,TH53,0.6821889281272888,,,,
2024,across_learners,Rinf,RF_Rinf,LR_Rinf,ok,ssim_raw_7,TH54,0.6738743185997009,,,,
2024,across_learners,Rinf,RF_Rinf,LR_Rinf,ok,ssim_raw_7,TH55,0.6448453068733215,,,,
2024,across_learners,Rinf,RF_Rinf,LR_Rinf,ok,ssim_raw_7,TH56,0.6695444583892822,,,,
2024,across_learners,Rinf,RF_Rinf,LR_Rinf,ok,ssim_raw_7,TH57,0.6437006592750549,,,,
2024,across_learners,Rinf,RF_Rinf,LR_Rinf,ok,ssim_raw_7,TH58,0.6437562108039856,,,,
2024,across_learners,Rinf,RF_Rinf,LR_Rinf,ok,ssim_rank_7,TH50,0.31816092133522034,,,,
2024,across_learners,Rinf,RF_Rinf,LR_Rinf,ok,ssim_rank_7,TH51,0.5573708415031433,,,,
2024,across_learners,Rinf,RF_Rinf,LR_Rinf,ok,ssim_rank_7,TH52,0.4660506844520569,,,,
2024,across_learners,Rinf,RF_Rinf,LR_Rinf,ok,ssim_rank_7,TH53,0.5023568272590637,,,,
2024,across_learners,Rinf,RF_Rinf,LR_Rinf,ok,ssim_rank_7,TH54,0.4525071382522583,,,,
2024,across_learners,Rinf,RF_Rinf,LR_Rinf,ok,ssim_rank_7,TH55,0.2824385166168213,,,,
2024,across_learners,Rinf,RF_Rinf,LR_Rinf,ok,ssim_rank_7,TH56,0.5183908343315125,,,,
2024,across_learners,Rinf,RF_Rinf,LR_Rinf,ok,ssim_rank_7,TH57,0.5288351774215698,,,,
2024,across_learners,Rinf,RF_Rinf,LR_Rinf,ok,ssim_rank_7,TH58,0.13112173974514008,,,,
2024,across_learners,Rinf,RF_Rinf,LR_Rinf,ok,ssim_raw_21,TH50,0.6226170659065247,,,,
2024,across_learners,Rinf,RF_Rinf,LR_Rinf,ok,ssim_raw_21,TH51,0.7207590937614441,,,,
2024,across_learners,Rinf,RF_Rinf,LR_Rinf,ok,ssim_raw_21,TH52,0.7102254629135132,,,,
2024,across_learners,Rinf,RF_Rinf,LR_Rinf,ok,ssim_raw_21,TH53,0.7724432349205017,,,,
2024,across_learners,Rinf,RF_Rinf,LR_Rinf,ok,ssim_raw_21,TH54,0.7083238363265991,,,,
2024,across_learners,Rinf,RF_Rinf,LR_Rinf,ok,ssim_raw_21,TH55,0.6555011868476868,,,,
2024,across_learners,Rinf,RF_Rinf,LR_Rinf,ok,ssim_raw_21,TH56,0.7383995652198792,,,,
2024,across_learners,Rinf,RF_Rinf,LR_Rinf,ok,ssim_raw_21,TH57,0.7368018627166748,,,,
2024,across_learners,Rinf,RF_Rinf,LR_Rinf,ok,ssim_raw_21,TH58,0.6018603444099426,,,,
2024,across_learners,Rinf,RF_Rinf,LR_Rinf,ok,ssim_rank_21,TH50,0.46121177077293396,,,,
2024,across_learners,Rinf,RF_Rinf,LR_Rinf,ok,ssim_rank_21,TH51,0.7349412441253662,,,,
2024,across_learners,Rinf,RF_Rinf,LR_Rinf,ok,ssim_rank_21,TH52,0.6228263974189758,,,,
2024,across_learners,Rinf,RF_Rinf,LR_Rinf,ok,ssim_rank_21,TH53,0.7001766562461853,,,,
2024,across_learners,Rinf,RF_Rinf,LR_Rinf,ok,ssim_rank_21,TH54,0.6416614055633545,,,,
2024,across_learners,Rinf,RF_Rinf,LR_Rinf,ok,ssim_rank_21,TH55,0.4668363928794861,,,,
2024,across_learners,Rinf,RF_Rinf,LR_Rinf,ok,ssim_rank_21,TH56,0.6491215825080872,,,,
2024,across_learners,Rinf,RF_Rinf,LR_Rinf,ok,ssim_rank_21,TH57,0.637208104133606,,,,
2024,across_learners,Rinf,RF_Rinf,LR_Rinf,ok,ssim_rank_21,TH58,0.29134631156921387,,,,
2024,across_learners,Rinf,RF_Rinf,LR_Rinf,ok,jaccard_top10,TH50,0.748235805015742,8136.0,7967.0,6892.0,9211.0
2024,across_learners,Rinf,RF_Rinf,LR_Rinf,ok,jaccard_top10,TH51,0.7536545749864645,3103.0,3375.0,2784.0,3694.0
2024,across_learners,Rinf,RF_Rinf,LR_Rinf,ok,jaccard_top10,TH52,0.6235853011038145,6278.0,5342.0,4463.0,7157.0
2024,across_learners,Rinf,RF_Rinf,LR_Rinf,ok,jaccard_top10,TH53,0.6167754897036665,3385.0,3053.0,2456.0,3982.0
2024,across_learners,Rinf,RF_Rinf,LR_Rinf,ok,jaccard_top10,TH54,0.6451493913684987,2464.0,1996.0,1749.0,2711.0
2024,across_learners,Rinf,RF_Rinf,LR_Rinf,ok,jaccard_top10,TH55,0.6675453047775948,2568.0,2493.0,2026.0,3035.0
2024,across_learners,Rinf,RF_Rinf,LR_Rinf,ok,jaccard_top10,TH56,0.5789005119074115,3104.0,3990.0,2601.0,4493.0
2024,across_learners,Rinf,RF_Rinf,LR_Rinf,ok,jaccard_top10,TH57,0.728492048285112,8630.0,9412.0,7604.0,10438.0
2024,across_learners,Rinf,RF_Rinf,LR_Rinf,ok,jaccard_top10,TH58,0.3967459324155194,538.0,578.0,317.0,799.0
2024,across_learners,Rinf,XGB_Rinf,LR_Rinf,ok,ssim_raw_7,TH50,0.6112919449806213,,,,
2024,across_learners,Rinf,XGB_Rinf,LR_Rinf,ok,ssim_raw_7,TH51,0.5286719799041748,,,,
2024,across_learners,Rinf,XGB_Rinf,LR_Rinf,ok,ssim_raw_7,TH52,0.6139143109321594,,,,
2024,across_learners,Rinf,XGB_Rinf,LR_Rinf,ok,ssim_raw_7,TH53,0.5967024564743042,,,,
2024,across_learners,Rinf,XGB_Rinf,LR_Rinf,ok,ssim_raw_7,TH54,0.6066736578941345,,,,
2024,across_learners,Rinf,XGB_Rinf,LR_Rinf,ok,ssim_raw_7,TH55,0.6802423596382141,,,,
2024,across_learners,Rinf,XGB_Rinf,LR_Rinf,ok,ssim_raw_7,TH56,0.505765974521637,,,,
2024,across_learners,Rinf,XGB_Rinf,LR_Rinf,ok,ssim_raw_7,TH57,0.660030722618103,,,,
2024,across_learners,Rinf,XGB_Rinf,LR_Rinf,ok,ssim_raw_7,TH58,0.7406448125839233,,,,
2024,across_learners,Rinf,XGB_Rinf,LR_Rinf,ok,ssim_rank_7,TH50,0.3230980634689331,,,,
2024,across_learners,Rinf,XGB_Rinf,LR_Rinf,ok,ssim_rank_7,TH51,0.5581902265548706,,,,
2024,across_learners,Rinf,XGB_Rinf,LR_Rinf,ok,ssim_rank_7,TH52,0.5061032772064209,,,,
2024,across_learners,Rinf,XGB_Rinf,LR_Rinf,ok,ssim_rank_7,TH53,0.5136178731918335,,,,
2024,across_learners,Rinf,XGB_Rinf,LR_Rinf,ok,ssim_rank_7,TH54,0.4907092750072479,,,,
2024,across_learners,Rinf,XGB_Rinf,LR_Rinf,ok,ssim_rank_7,TH55,0.3235448896884918,,,,
2024,across_learners,Rinf,XGB_Rinf,LR_Rinf,ok,ssim_rank_7,TH56,0.5600973963737488,,,,
2024,across_learners,Rinf,XGB_Rinf,LR_Rinf,ok,ssim_rank_7,TH57,0.5356650352478027,,,,
2024,across_learners,Rinf,XGB_Rinf,LR_Rinf,ok,ssim_rank_7,TH58,0.09109848737716675,,,,
2024,across_learners,Rinf,XGB_Rinf,LR_Rinf,ok,ssim_raw_21,TH50,0.5810278058052063,,,,
2024,across_learners,Rinf,XGB_Rinf,LR_Rinf,ok,ssim_raw_21,TH51,0.552254319190979,,,,
2024,across_learners,Rinf,XGB_Rinf,LR_Rinf,ok,ssim_raw_21,TH52,0.6278263330459595,,,,
2024,across_learners,Rinf,XGB_Rinf,LR_Rinf,ok,ssim_raw_21,TH53,0.6513729095458984,,,,
2024,across_learners,Rinf,XGB_Rinf,LR_Rinf,ok,ssim_raw_21,TH54,0.6139134168624878,,,,
2024,across_learners,Rinf,XGB_Rinf,LR_Rinf,ok,ssim_raw_21,TH55,0.6497592926025391,,,,
2024,across_learners,Rinf,XGB_Rinf,LR_Rinf,ok,ssim_raw_21,TH56,0.5029829144477844,,,,
2024,across_learners,Rinf,XGB_Rinf,LR_Rinf,ok,ssim_raw_21,TH57,0.7450112700462341,,,,
2024,across_learners,Rinf,XGB_Rinf,LR_Rinf,ok,ssim_raw_21,TH58,0.6488397121429443,,,,
2024,across_learners,Rinf,XGB_Rinf,LR_Rinf,ok,ssim_rank_21,TH50,0.5108648538589478,,,,
2024,across_learners,Rinf,XGB_Rinf,LR_Rinf,ok,ssim_rank_21,TH51,0.723896861076355,,,,
2024,across_learners,Rinf,XGB_Rinf,LR_Rinf,ok,ssim_rank_21,TH52,0.6728553771972656,,,,
2024,across_learners,Rinf,XGB_Rinf,LR_Rinf,ok,ssim_rank_21,TH53,0.6814974546432495,,,,
2024,across_learners,Rinf,XGB_Rinf,LR_Rinf,ok,ssim_rank_21,TH54,0.653492271900177,,,,
2024,across_learners,Rinf,XGB_Rinf,LR_Rinf,ok,ssim_rank_21,TH55,0.5526878833770752,,,,
2024,across_learners,Rinf,XGB_Rinf,LR_Rinf,ok,ssim_rank_21,TH56,0.7136780023574829,,,,
2024,across_learners,Rinf,XGB_Rinf,LR_Rinf,ok,ssim_rank_21,TH57,0.6554005146026611,,,,
2024,across_learners,Rinf,XGB_Rinf,LR_Rinf,ok,ssim_rank_21,TH58,0.3022836148738861,,,,
2024,across_learners,Rinf,XGB_Rinf,LR_Rinf,ok,jaccard_top10,TH50,0.6438301680421596,8565.0,7967.0,6475.0,10057.0
2024,across_learners,Rinf,XGB_Rinf,LR_Rinf,ok,jaccard_top10,TH51,0.6970333420845366,3089.0,3375.0,2655.0,3809.0
2024,across_learners,Rinf,XGB_Rinf,LR_Rinf,ok,jaccard_top10,TH52,0.5566801619433198,6193.0,5342.0,4125.0,7410.0
2024,across_learners,Rinf,XGB_Rinf,LR_Rinf,ok,jaccard_top10,TH53,0.48881942774705456,3139.0,3053.0,2033.0,4159.0
2024,across_learners,Rinf,XGB_Rinf,LR_Rinf,ok,jaccard_top10,TH54,0.610909090909091,1991.0,1996.0,1512.0,2475.0
2024,across_learners,Rinf,XGB_Rinf,LR_Rinf,ok,jaccard_top10,TH55,0.6136222910216719,2719.0,2493.0,1982.0,3230.0
2024,across_learners,Rinf,XGB_Rinf,LR_Rinf,ok,jaccard_top10,TH56,0.40712589073634203,1934.0,3990.0,1714.0,4210.0
2024,across_learners,Rinf,XGB_Rinf,LR_Rinf,ok,jaccard_top10,TH57,0.6827924066135946,9824.0,9412.0,7805.0,11431.0
2024,across_learners,Rinf,XGB_Rinf,LR_Rinf,ok,jaccard_top10,TH58,0.30648330058939094,752.0,578.0,312.0,1018.0
