source,path,bytes,sha256
"experiment provenance (original, unredacted)",00_predeclaration/predeclaration_2026-10-01.md,27329,8cf2b9c3c13a3a4b54f55b20da6a88d6323b4fe3c01acb296a365f9ee8279b12
"experiment provenance (original, unredacted)",00_predeclaration/input_lock_2026-10-01.json,17385,744a1aa22c42389c097d02ee5bdb3a447b037228361e959822d96eeb18ddf266
"experiment provenance (original, unredacted)",01_scripts/run_map_stability.py,34547,7f7944423b656a0043e00462b442ea7cb86bfd02d2b9263725ec4fbe1e5be64d
"experiment provenance (original, unredacted)",01_scripts/make_results_manifest.mjs,4393,2d11c3664eaea2245ac7735664779cafa3175f70aff0263d00ee98380f966823
"experiment provenance (original, unredacted)",01_scripts/make_results_readout.mjs,18789,944cf33a2e83ac6633ddd44830ffe0e786729d985a413c28ece0715c73c38ea2
"experiment provenance (original, unredacted)",01_scripts/make_test_points.py,6881,986932a55477c1a71941e4a63253a62ab0d2b6fa415f564582293636a3a4d6b2
"experiment provenance (original, unredacted)",01_scripts/make_seed_vs_learner_posthoc.mjs,15012,7f1af4fd3d9302af3343c4125283bf1c92818693de08b2a15371a6229a8924e8
"experiment provenance (original, unredacted)",04_notes/results_readout_2026-10-01.md,12691,a97c3745f7aabc0129cd38f74fb8f4d2138968c2ae7e61cd183133f287955a5b
"experiment provenance (original, unredacted)",04_notes/results_readout_2026-10-01_v2.md,15646,c262d5fadfb99996008f8db694b6a1390fb803ac23e4d6491e4b1fdfe5d4653d
"experiment provenance (original, unredacted)",04_notes/posthoc_jaccard_seed_vs_learner_2026-10-02.csv,28523,b0f1794b8cdd78d04d4ec15d6e80fba21e438397fd6252384d36c65f257012fb
"experiment provenance (original, unredacted)",04_notes/posthoc_seed_vs_learner_2026-10-02.md,4226,d7d00e7cd3805e1c749453fc8bc834b3230e61d9893d3630ade66d04a7b202b5
"experiment provenance (original, unredacted)",04_notes/run_log_2026-10-01.txt,2626,b558731c93b6da5fe4054fcb99d7b9d65d676c601dcf19aafd3387cb5c94a8bd
"experiment provenance (original, unredacted)",04_notes/run_log_2026-10-01_resume1.txt,37020,18acae4656a2f15b178b2496b50b5897acb2e119e879dbe493a225bb4bca4f4c
experiment output,02_data/maps/diff_top10_LR_1km_vs_LR_10km_s42.npy,382184,af00426d6b7884d1d4d6241c42fcbc7a93ade37b34e9ab85c6936eafe1d94cae
experiment output,02_data/maps/diff_top10_LR_20km_vs_LR_10km_s42.npy,382184,8f45d2742c4e42dfafd149f56689ccdaede4f53907acb3c64a6e5552c3663182
experiment output,02_data/maps/diff_top10_LR_25km_vs_LR_10km_s42.npy,382184,d332c714c92dbaf515d0bf418bff513d48a95b1c04c6137e545529b20b8b2719
experiment output,02_data/maps/diff_top10_LR_5km_vs_LR_10km_s42.npy,382184,4367cd7103d0956ef427cd84079fb01bb4a4cfab4ae370aaa9a7b964620e1ad4
experiment output,02_data/maps/diff_top10_LR_Rinf_vs_LR_10km_s42.npy,382184,0d798fa9ab0e3a7ccfc719617d9eef2acee03df4416681fb564636fff597e190
experiment output,02_data/maps/diff_top10_RF_10km_vs_LR_10km_s42.npy,382184,fcb943e795668add28416061f956f5359e1d6dd23fbbdca1b263fe831224b057
experiment output,02_data/maps/diff_top10_RF_10km_vs_XGB_10km_s42.npy,382184,d7d19a4038c2ecfa6b1d21315483ffbe20a0becda246ba0512eda83b3ead7c96
experiment output,02_data/maps/diff_top10_RF_1km_vs_LR_1km_s42.npy,382184,bc4d921d776aa54ec826406d7454425a9fcb3e2463d7c7bce1d69b808af26ee3
experiment output,02_data/maps/diff_top10_RF_1km_vs_RF_10km_s42.npy,382184,7ee6b19d1b924dddc0d42780da6c5faabb3f90eb477c9bc1c6855236ccd1664c
experiment output,02_data/maps/diff_top10_RF_1km_vs_XGB_1km_s42.npy,382184,9daa4b5786e7cbd68b7b1b28e13a5b738d317db51213a65ebcafe1108f568e20
experiment output,02_data/maps/diff_top10_RF_20km_vs_LR_20km_s42.npy,382184,3cc08f488a1d0e0e471b3a4fbafefc0c434f8fe1b5c81f48e5cd9701de5ec95f
experiment output,02_data/maps/diff_top10_RF_20km_vs_RF_10km_s42.npy,382184,1b9617022282e5be7f8d2f3e229e39af231a53dabd0ace970f73b181db28ef27
experiment output,02_data/maps/diff_top10_RF_20km_vs_XGB_20km_s42.npy,382184,5a0bc3942d941c617354ef60807223d9ad58bfef3173088b3384a99165ca75ce
experiment output,02_data/maps/diff_top10_RF_25km_vs_LR_25km_s42.npy,382184,c7403f91088e9c23ece60d82b8bf1eb522ed54e9aae876de41a2721e1eabc6d1
experiment output,02_data/maps/diff_top10_RF_25km_vs_RF_10km_s42.npy,382184,ed9ae5c8cd13b87e2de3d2c3147a22f9bbe164dc4ff524770a42b7a4008052fa
experiment output,02_data/maps/diff_top10_RF_25km_vs_XGB_25km_s42.npy,382184,cef8bf1e937b9d692e4bbb6664b1c6b3389220cb5bbc8b80fdca110ffaf98c7f
experiment output,02_data/maps/diff_top10_RF_5km_vs_LR_5km_s42.npy,382184,76888bd67dc9037f2c39bb2a153fa1c969195bd74bc53d06b30193661c642143
experiment output,02_data/maps/diff_top10_RF_5km_vs_RF_10km_s42.npy,382184,f46c065e05a076ae6f036c90a5d858e65ef676531b5485fce3333ac6fb363a45
experiment output,02_data/maps/diff_top10_RF_5km_vs_XGB_5km_s42.npy,382184,388a51c8db029e85208c9bc82b85155c9a6c8ddae29bbff318084de677d1f486
experiment output,02_data/maps/diff_top10_RF_Rinf_vs_LR_Rinf_s42.npy,382184,7665d733bfe3730e919155022240550a931ce832434d370fe12ecaa933730194
experiment output,02_data/maps/diff_top10_RF_Rinf_vs_RF_10km_s42.npy,382184,06ebab2654059e85c5f62fc3c7a106dbdb55d0f4d90216274ff09e3fb9df223b
experiment output,02_data/maps/diff_top10_RF_Rinf_vs_XGB_Rinf_s42.npy,382184,eacda9bf27af43ce6c2ed72aed2f8c88b7b0da37e4a784b0896fb8b1e1dfec92
experiment output,02_data/maps/diff_top10_XGB_10km_vs_LR_10km_s42.npy,382184,3fe2cba26d3e772f20ed54c830384bb71a73771ea67c08ef4cc74d83458fc2ba
experiment output,02_data/maps/diff_top10_XGB_1km_vs_LR_1km_s42.npy,382184,fefa17c2e1de2b2fff0509a712f4dc005abfad168bf9ea861f52107fd94ccc5d
experiment output,02_data/maps/diff_top10_XGB_1km_vs_XGB_10km_s42.npy,382184,5e6b2551f1a8dd8b6b847dda78845159626bc9c2239b54db39d2c663afbd32b9
experiment output,02_data/maps/diff_top10_XGB_20km_vs_LR_20km_s42.npy,382184,ec34e6415f2a75ff9a535dd4504d2bfef591e260258f5f2d18fce62ac02da7ee
experiment output,02_data/maps/diff_top10_XGB_20km_vs_XGB_10km_s42.npy,382184,7a02dbd089f98db6a7599e073b385c2b9920320cb1fe1c4b9d57b5d3d3122740
experiment output,02_data/maps/diff_top10_XGB_25km_vs_LR_25km_s42.npy,382184,baf7c3c24bfdda3cbd472b6093f267e60ecc14a82008e7f162849eb8b5e9ae1a
experiment output,02_data/maps/diff_top10_XGB_25km_vs_XGB_10km_s42.npy,382184,2936eebdcfbe22be31ea3f9b6017c1ef44bb957d1813215ec4af4e810282c92a
experiment output,02_data/maps/diff_top10_XGB_5km_vs_LR_5km_s42.npy,382184,c345706bb3370077d063b9e1ee8d1f2eb838d209eecbf5fbacf91426e1e96f01
experiment output,02_data/maps/diff_top10_XGB_5km_vs_XGB_10km_s42.npy,382184,dd34898950970cc04600798240ca2d560eff0386dc4fa9d3c7808351b680dca3
experiment output,02_data/maps/diff_top10_XGB_Rinf_vs_LR_Rinf_s42.npy,382184,2d784819d2f60f4ad073d9cb532ba913984c13b5d7b052cbed1d6381fc25d2b2
experiment output,02_data/maps/diff_top10_XGB_Rinf_vs_XGB_10km_s42.npy,382184,3adac76dba455d1ca493532c8825afd17492b55b4e081d46c1b63b4ac4be8dd6
experiment output,02_data/maps/LR_10km_s0.npy,1528352,a06257754527642774fb8871e43e05ed65958414c6e98f1b9e62904c0ce7106e
experiment output,02_data/maps/LR_10km_s1.npy,1528352,e9eb1a32344bf9a40fd9d6a046fad374309594ec5f6b95f4ed86b17a07d96c52
experiment output,02_data/maps/LR_10km_s2024.npy,1528352,99d7f6ab6b499a7a47b771f3cb1fd64453072ab9683414f6167564cfb41b3411
experiment output,02_data/maps/LR_10km_s42.npy,1528352,07b2910a2beb72d88575dc14ff0d6f0e448ce13a3ded4ad106adf3728149c586
experiment output,02_data/maps/LR_10km_s7.npy,1528352,e980f76f9aac9effb33bb82cfb2e584e90ebccf4063b234426b1c27b4c1849d0
experiment output,02_data/maps/LR_1km_s0.npy,1528352,44cc184546caf6229ae640e1ebcd6bd3aa03cfce5c371babd9c0fa9c956fe20f
experiment output,02_data/maps/LR_1km_s1.npy,1528352,2719890324a1d2164bfd361766de7e92cb29968c8c1325fb38ff156d9cbdeb7a
experiment output,02_data/maps/LR_1km_s2024.npy,1528352,c8dca8e8a1ac2fe05163606186b8697da378baaead0f3cd0277b63c082644038
experiment output,02_data/maps/LR_1km_s42.npy,1528352,8381a691c8d4ca2fb782ec7e5b875fb6d627d03bd3089531a93c5e98f3b99807
experiment output,02_data/maps/LR_1km_s7.npy,1528352,af2340fdc02cb2600becc784f0dffbdf982e11d522102b567772be8327611ac4
experiment output,02_data/maps/LR_20km_s0.npy,1528352,a2dac1c1e2a4af9d229635a74a048ea217004ef82bbc018bb142a58588731821
experiment output,02_data/maps/LR_20km_s1.npy,1528352,abbd3ee1c55f49ae2f833b782d90f2c9bbe079fc665945bcb60354ede8a5b1ef
experiment output,02_data/maps/LR_20km_s2024.npy,1528352,6256a122ff873dc16f92fc3cb93392cb049e2bac744fb6e20fcc9d591613ac77
experiment output,02_data/maps/LR_20km_s42.npy,1528352,fb30a4c23a084cb983d6aa48d642ded14b94b3c74b2747bf44254eea6c67d712
experiment output,02_data/maps/LR_20km_s7.npy,1528352,d3fa43a5ca4b59433f5992bcc033a474b31b8914712b406005e54d6444e6374a
experiment output,02_data/maps/LR_25km_s0.npy,1528352,eba86b555dd807cda81d1bdb0aa305f4cf8edc9f68a29fb659af3fd098ef62aa
experiment output,02_data/maps/LR_25km_s1.npy,1528352,51dfa9fcf19f8f0b2fea45cceea4ea3618ee30cba99e83a07ed2a1443ce73d40
experiment output,02_data/maps/LR_25km_s2024.npy,1528352,5fd975dd17a75f6bbe7eba9349369dba0ac7d5b555be7548983ff518dfcf37b4
experiment output,02_data/maps/LR_25km_s42.npy,1528352,8c53deaf0bce034db9d632811fa84cb8269054328097022fb554bba41af86af2
experiment output,02_data/maps/LR_25km_s7.npy,1528352,5c325e74939934e2faf5103538fa55d697b2e265ba736cb73573f5ba8174a716
experiment output,02_data/maps/LR_5km_s0.npy,1528352,7d4d13629c481fc2a6e5b8812f6e93959dfbd346ec7888975ef9131213a65db2
experiment output,02_data/maps/LR_5km_s1.npy,1528352,bbc0e423ef347e9de266cb83835242014ccc6dccb4f75b5fd3fa0789fadf6757
experiment output,02_data/maps/LR_5km_s2024.npy,1528352,0a2226e5809be0c2a498698c1d0c29a8bfc32998a7c8a3833d3e462b75a30e93
experiment output,02_data/maps/LR_5km_s42.npy,1528352,5e8ba2129f15688fcdd62c57266f5d5a0f0ea5cb6a3c3729fc51f67728281c23
experiment output,02_data/maps/LR_5km_s7.npy,1528352,ed35dabafb0905d4c1ea76d7d11ed63ed895f436f4f1309589aa89bf324890fa
experiment output,02_data/maps/LR_Rinf_s0.npy,1528352,62cbd9418cbea028bed39903e1f5b495acf530ed0c1d5d8c9e0261d4c9a23501
experiment output,02_data/maps/LR_Rinf_s1.npy,1528352,5f523bcd5358d6c0914e32ca1ad6e308385bcc425c4b40fe6f49bc956f78f395
experiment output,02_data/maps/LR_Rinf_s2024.npy,1528352,5b70f9d056303a7a1c3993db46a7e0774a9af5d2a2bb5e1137c9da1245892ae5
experiment output,02_data/maps/LR_Rinf_s42.npy,1528352,3dbd147ed8e1b773144a58310deef1ba9a322146c9dd5b2a8d4f15869ac8e949
experiment output,02_data/maps/LR_Rinf_s7.npy,1528352,064caa217859b37c9984201be8f4a05cd69edf5c5a3567fb11a303dcfdfc33dd
experiment output,02_data/maps/model_LR_10km_s42.joblib,2097,3be093400f07c48dfd5c8425ec323d55ce2891ac2648dfc57671c23336ac623a
experiment output,02_data/maps/model_LR_1km_s42.joblib,2097,32c5f93062f021d57393991067c4ab86d9c91d3e7df06aafa073f80c97790bd0
experiment output,02_data/maps/model_LR_20km_s42.joblib,2097,e2f21deda076120e390405fbbca93ebd5bbf925a3ea552f8c509dcd06572bdf1
experiment output,02_data/maps/model_LR_25km_s42.joblib,2097,9b3a2e652337751a303f90c64689f3a3bc20f49d48d76f2dcb3931de1ecc3211
experiment output,02_data/maps/model_LR_5km_s42.joblib,2097,1958e1c9e2d104e444f3326199e45e6758d85354a8fdaa34c90b06b4e1516917
experiment output,02_data/maps/model_LR_Rinf_s42.joblib,2097,92a1c4d73aac1267379ab14d914cf4e480f93fe80592acc218ceb6811f730165
experiment output,02_data/maps/model_RF_10km_s42.joblib,18542009,7b0fbe6380b62983a502b091e1b99aebf21852c4da6f9ce5c1416b29bb59e725
experiment output,02_data/maps/model_RF_1km_s42.joblib,29732089,10db4911101f3d24e450097c54a5f22c40ba041dc6282b1a3d67648d16dbbd0a
experiment output,02_data/maps/model_RF_20km_s42.joblib,15807449,39466ea62f34968f4c9b414c1c321f4b33344bea6f0fe111c37e50142110e116
experiment output,02_data/maps/model_RF_25km_s42.joblib,15233209,b14d4e0c1b94f119b7b93176f0f81f903e98f63a19c62339774763bc20e2141a
experiment output,02_data/maps/model_RF_5km_s42.joblib,22645849,2929be42c68b33903a95efce66711423ad47191cf8458190c081b69fe2b5ca25
experiment output,02_data/maps/model_RF_Rinf_s42.joblib,14638969,762da0783361ca6dc9b42afc6c238e64217d0148ac8f2670c1920e1287351f0b
experiment output,02_data/maps/model_XGB_10km_s42.joblib,773724,e60e76ec4ef77879b88efbcb1ddd5b565a2292a1ec3d3a556776a32305083d50
experiment output,02_data/maps/model_XGB_1km_s42.joblib,782156,cba53671294847a9d6b5640acb5b2c41031920a033228c22e0b576139294b604
experiment output,02_data/maps/model_XGB_20km_s42.joblib,765020,4d0e3c89b50c5d72e565fc5edbe1145f8a911fe2b69535ddc0ff2ea73ab6d68a
experiment output,02_data/maps/model_XGB_25km_s42.joblib,764340,6a4aad4e5d67e508d20b0ed69990c5aa55da0f1c31f17b70c6d0718242525bf0
experiment output,02_data/maps/model_XGB_5km_s42.joblib,771820,49dc778a2e0962a3309b3e4ed78d5d2c38e72e9463c5a246ce606862b35048da
experiment output,02_data/maps/model_XGB_Rinf_s42.joblib,764136,6b24330cc5a5bcdf2916ee190ed098c72e6c4604be81656dd87fda5a0bec53d3
experiment output,02_data/maps/province_raster.npy,624367,44f14655f8f70f0f317242faf800953ff24065645f13e8fb3d6c647c4b80f050
experiment output,02_data/maps/RF_10km_s0.npy,1528352,411bbc856b51f646ede8e1a5f2d2a228f9571a2458e44f1d517b607363882f67
experiment output,02_data/maps/RF_10km_s1.npy,1528352,a8c98b66f833cae9072402007ee08136b6d55fc67c8c4d516a3c3bd473c132ed
experiment output,02_data/maps/RF_10km_s2024.npy,1528352,fd757d0fc97907888559413b5beca9be5edf95a12db1f2abaf274bdbc92ee499
experiment output,02_data/maps/RF_10km_s42.npy,1528352,b6bad835689e7a2afd3c10cf68b3bf699b426570a241a18a2480095e4f189319
experiment output,02_data/maps/RF_10km_s7.npy,1528352,9c7a0d707b4c3b6f005ecacc230ef071f7cc562887da230a4750bc20f8046633
experiment output,02_data/maps/RF_1km_s0.npy,1528352,d2021d29e057c3702b77104f6a4f309675c18c3f07ec9154f0f835110942e3d3
experiment output,02_data/maps/RF_1km_s1.npy,1528352,ed02b541f95c83e600ff5909a6985c64ea79e3347149c1c0d1308f2b88a63e46
experiment output,02_data/maps/RF_1km_s2024.npy,1528352,b541f59d2aa15c858bb29508f9afbff2f50684996e27d71177e5470826712f1d
experiment output,02_data/maps/RF_1km_s42.npy,1528352,8a9d508bb5b115d22473c9978865a1b9a85ab634421485d3392f1cc496628cb0
experiment output,02_data/maps/RF_1km_s7.npy,1528352,9eb6719cbfa2d38f048ce945363f0197f9601e779864255a4b898a0763f88dcf
experiment output,02_data/maps/RF_20km_s0.npy,1528352,491f2a6e19d7cdfb2338dc26b4ac45f28770a894698d1c10b45e153a9381cdd4
experiment output,02_data/maps/RF_20km_s1.npy,1528352,e36434a8bcd9e3dc8e51c22204b007edf1e20d244aa0539250bd76b67cfa0269
experiment output,02_data/maps/RF_20km_s2024.npy,1528352,0ab58067243c9e5acc7db1432745601a81629f66362e6f7b2e615630be2e253a
experiment output,02_data/maps/RF_20km_s42.npy,1528352,d04362fd4b744c9a08b37c3c61efc091799585b270666b7e5ebf7dee086982cb
experiment output,02_data/maps/RF_20km_s7.npy,1528352,9901b0d36e9094c40f7857650631f1af0a268df5d69742af52525b1e6ab59f58
experiment output,02_data/maps/RF_25km_s0.npy,1528352,6c0f2f21aad8ecae06bc1c606d26406ceec8b9e86ffb62bf089110314b1b0dae
experiment output,02_data/maps/RF_25km_s1.npy,1528352,3abb00b20b20fda5886014813c3b0cd2b764a5510131c72471332c2e2313edf6
experiment output,02_data/maps/RF_25km_s2024.npy,1528352,756e8b5b470651da3610935ccc08c2c640954120bc195d13908756e07a9ce71b
experiment output,02_data/maps/RF_25km_s42.npy,1528352,bdc5e1c71923a9b22cbcc0740ac1e0d7bc0be2e368160a1aa55d1710fc2d9898
experiment output,02_data/maps/RF_25km_s7.npy,1528352,c9074d7a8cf28b4b3c7320f5a3a777de095570aae1ac8d54dd8b6fea62d4e830
experiment output,02_data/maps/RF_5km_s0.npy,1528352,6106055fdd5d6cb9d75e36d1d96976a0368ec50ee108fc878ed95c69a0886694
experiment output,02_data/maps/RF_5km_s1.npy,1528352,27b1d06c0f1c391ff8c70f8d766bd07b95709878efbc70f9dc012db08c8de804
experiment output,02_data/maps/RF_5km_s2024.npy,1528352,b63017f8efcb3cc00b2987488e57035f82aadfa2e4be7e7208e8e9e63359e700
experiment output,02_data/maps/RF_5km_s42.npy,1528352,67809158f7e070f69749183413ab50e18d9d715c48c631a87334eb0a6e3cc5ea
experiment output,02_data/maps/RF_5km_s7.npy,1528352,30414a21425e4d80ab913ab4c76454ab82771b749f1e4e73e6759cc42d5448ec
experiment output,02_data/maps/RF_Rinf_s0.npy,1528352,fe2948c1ae66456f97ca7c2ffc76f184832c6ac214b95d67dccd3efeb0272cf2
experiment output,02_data/maps/RF_Rinf_s1.npy,1528352,542b5cb388ba0307c95f30c0a9523979518f059c786b2e370678de2d24094d73
experiment output,02_data/maps/RF_Rinf_s2024.npy,1528352,91f486ebd0c7bb3881eb3855c9808682f1652c3d270e73d949e33897d563b5cf
experiment output,02_data/maps/RF_Rinf_s42.npy,1528352,64874d0b83575dd22bb6cdc4320095101c52b9d6f8c40741074951cae28e8497
experiment output,02_data/maps/RF_Rinf_s7.npy,1528352,4c65dfd7e5c5d21f0136d038e6c3670959be1ad4b19bacf3e2a9e267e0492c9f
experiment output,02_data/maps/valid_mask.npy,624367,01b942d03c894e6312209b97ce852c27d1ddc476d8abe49d2d73757dbabd5af2
experiment output,02_data/maps/XGB_10km_s0.npy,1528352,b8155ee0c4b3af5882cfe4746232283f6d91ab3ad005ef1c6d52b5503e1ad80e
experiment output,02_data/maps/XGB_10km_s1.npy,1528352,04287c37f55c71d0e6ffc762147b7ae3f9f8bbd9df0ab646a7e20dd8fc4b364b
experiment output,02_data/maps/XGB_10km_s2024.npy,1528352,30b27738fbe601dd029c30947c2fbb59193dc1d4a959aaf4c109545ee61ab8d6
experiment output,02_data/maps/XGB_10km_s42.npy,1528352,b51d9a6f09c5cced927309224ae66dd3ecdeb26a4b7bee5f6fa2b2f272b7e4d2
experiment output,02_data/maps/XGB_10km_s7.npy,1528352,0bf1ae7451a59e57f2e99b8a3aed458b2c80e04cff2a9117d77fec58399016d5
experiment output,02_data/maps/XGB_1km_s0.npy,1528352,620eb64f791a4d29b597f103ed25958b772a09fb600fd1f0ee3c32dd83033be5
experiment output,02_data/maps/XGB_1km_s1.npy,1528352,aecd11ee9a0804003dd20d110e45d747ecd156c6b780443e349bd639e899f80f
experiment output,02_data/maps/XGB_1km_s2024.npy,1528352,9c25fe199f02f65b4245041700a90f3d43e43f04e368c2be1a657b10f5ba857b
experiment output,02_data/maps/XGB_1km_s42.npy,1528352,924f4239bbfad7872d97004ef5a8a4513b0b2e3f9497b0fdd1358e659ce54769
experiment output,02_data/maps/XGB_1km_s7.npy,1528352,0261dbde8de83f08865848f8111f8c5d9bd3ecd6f74787381fd41221a8219421
experiment output,02_data/maps/XGB_20km_s0.npy,1528352,36d4e632def33456aed954fa1151b88941c00c8647d1820ac846bc1172be1cd7
experiment output,02_data/maps/XGB_20km_s1.npy,1528352,60f529e13c6c9780433a575c5f6d0d1cc272cfbfe882eef4866fd014dc72eb91
experiment output,02_data/maps/XGB_20km_s2024.npy,1528352,34d57d44545e6e3f8654d90f62de3970aae91ef18f73601aa9f394a8ad71891e
experiment output,02_data/maps/XGB_20km_s42.npy,1528352,163f63d18bdb1cfc9c5c9b19aab8f6edb6283e1436b9bcb529ed08bee6a11fca
experiment output,02_data/maps/XGB_20km_s7.npy,1528352,a9df8501a4b17843d9a73442d192299e474c384ab6fc2063f9a43cafb6087d63
experiment output,02_data/maps/XGB_25km_s0.npy,1528352,1238d707ee068be88d70ff151872e5dc38d23f6c373e596ec956b1009c23cbb4
experiment output,02_data/maps/XGB_25km_s1.npy,1528352,0572cc8592aac509f8d028993cbc02e8252be550c0a305c37a7bada265d0c73d
experiment output,02_data/maps/XGB_25km_s2024.npy,1528352,101d9c0b41a27e73b518b59e868840a13c7207586f95699b8dbf6c20d49a20e0
experiment output,02_data/maps/XGB_25km_s42.npy,1528352,0c9d00414a9f3991561696c07929413c23a152ec20407a8f21b7a44243a3ffb7
experiment output,02_data/maps/XGB_25km_s7.npy,1528352,9408b00caaefb762e0d021bfffe95fa4c27fade0712d6a23b86cf1763d96c31f
experiment output,02_data/maps/XGB_5km_s0.npy,1528352,eb0ce9803ce123c070087bba380c10b8385021158f415a5051796706ede554be
experiment output,02_data/maps/XGB_5km_s1.npy,1528352,949de7c511241e68cc7936a2e7043ac947c8d02a90e8e1c738561420ea949e68
experiment output,02_data/maps/XGB_5km_s2024.npy,1528352,de95d513fc0704d447d4bd3b8ad69573df763df78662190893ef877d431e78dd
experiment output,02_data/maps/XGB_5km_s42.npy,1528352,cd316a265d9babf3177b6796f7363862938419c1e819d0f9eeb22ccbf2e07c90
experiment output,02_data/maps/XGB_5km_s7.npy,1528352,76e9cdd8df84e6ba64d74603cdaf7f7c74fccd6613d6b202b3a172f2f697198b
experiment output,02_data/maps/XGB_Rinf_s0.npy,1528352,e98db83e4db1a408e738e9c1cd3c8bf310d6ebae6fe35517104e540571661072
experiment output,02_data/maps/XGB_Rinf_s1.npy,1528352,63fa227e4ae3466188e852a5c671f92298dadb6a5fd3f9f3b4238beceaa6ecfa
experiment output,02_data/maps/XGB_Rinf_s2024.npy,1528352,548bf14895e9fb8bbebd103bdbe56b0f60a8b419307a3f9abff6b9a6261099cc
experiment output,02_data/maps/XGB_Rinf_s42.npy,1528352,3868d2e66edd33f9ce6929c5c44b437322f148326188fe0e2276f25a8e2b44e8
experiment output,02_data/maps/XGB_Rinf_s7.npy,1528352,1a3fe96b4b6bfbabace04ff68e7895014f7dca2b9192457d2659b2fa3483821c
experiment output,02_data/runs/lopo_fold_median_across_seeds.csv,3553,1fe27bf0b0c3fa6f57ec0e52a145135e8a851b478c50cf5f1c479efd8a4993a8
experiment output,02_data/runs/lopo_fold_spread_by_seed.csv,27280,0f9855ed7b9960a4901151b0274ba692c82eb0124c3649fefc54d7260a5e6924
experiment output,02_data/runs/lopo_metrics_by_fold.csv,75011,963c78d4f651b8d6a46da624e95d43193f68628e180d4edf0df42eba3cb5a085
experiment output,02_data/runs/lopo_unit_status.csv,6094,906a3d58fc523e1178b3e4a20e335da13cb21aa98e9504e3e000b4cfd80efe79
experiment output,02_data/runs/lopo/TH50_10km_s0_bg.npy,31376,998506ea5793977a27fd43bf554b57cfc6257260d4db8b6bb2d0037b413b7423
experiment output,02_data/runs/lopo/TH50_10km_s0.json,4285,846c2b955d52a72a80d9c03356eccd41fb65379a7e1d803caf40fb83fc6d8292
experiment output,02_data/runs/lopo/TH50_10km_s1_bg.npy,31376,97806fc80b3ce923d09cb8069919e8b4c75e331276b528197df559196e51f53f
experiment output,02_data/runs/lopo/TH50_10km_s1.json,4291,99c68d4d644d06d1fcb5db6d3b04e6e5fa412d6a6952ad9efad77a464f9f61aa
experiment output,02_data/runs/lopo/TH50_10km_s2024_bg.npy,31376,a93713bc6f17e5c5b6976340cb484a008668daf8d61a9efd0783c3c4fe9ca6c5
experiment output,02_data/runs/lopo/TH50_10km_s2024.json,4291,25728c8d0a458463daa70389091971dafa2ee30e87e465de62f3a2c32f4b451c
experiment output,02_data/runs/lopo/TH50_10km_s42_bg.npy,31376,15746af5bdccafda67489fab9c16181fd4302eaa4e82f7ef6ab2ccc5096300fa
experiment output,02_data/runs/lopo/TH50_10km_s42.json,5132,e7e3fa679ef0398224bf10633e657f2ca9a335933cd3cfdb25c781bfe1a42bdf
experiment output,02_data/runs/lopo/TH50_10km_s7_bg.npy,31376,8ff6c2a39311327b366397af508f9bb5b52d1bd863b67ce5e477d6b25e2d2713
experiment output,02_data/runs/lopo/TH50_10km_s7.json,4290,bde2c37633c78a82916365be3039cc7d901f9b28706e1973058498ce70d4e8c1
experiment output,02_data/runs/lopo/TH50_1km_s0_bg.npy,31376,dbf7d62f63719aa9c61c6e52927186ab4d9cb6130a9f606c4d7a362f5c16709a
experiment output,02_data/runs/lopo/TH50_1km_s0.json,4275,141da8f1b95956c8815213fdaf2d6117c0ce4da7db78f8f2a8f0bd2a61d4ba6d
experiment output,02_data/runs/lopo/TH50_1km_s1_bg.npy,31376,96cb59eaf8278ce68df333ce38be0a4dd41878759d5644f9fe528b89a01de04a
experiment output,02_data/runs/lopo/TH50_1km_s1.json,4260,3c419bf4b382eaff12ed996b7e0248d3c9e6003a9380951d400129445556504d
experiment output,02_data/runs/lopo/TH50_1km_s2024_bg.npy,31376,efb38e2c8faebef129cb2fab6bf92e286ad6f433eba5f426f3eb145f44a705e4
experiment output,02_data/runs/lopo/TH50_1km_s2024.json,4264,f46243609ad25d1bd06bdb9eea9d06f375b833e34b63600b5358de421b895660
experiment output,02_data/runs/lopo/TH50_1km_s42_bg.npy,31376,455175c28a28eeab709c816d41ea7130a3f068234f91cf9c220cb485c40a2dd8
experiment output,02_data/runs/lopo/TH50_1km_s42.json,5100,46d7765e328b477c7ba37a56c074a4449c058aee6541276d90b4f88c99834605
experiment output,02_data/runs/lopo/TH50_1km_s7_bg.npy,31376,d8f187ea16b36144e664f44cc453efb73e112623d1f407c2e3fe7c26a36ba4e1
experiment output,02_data/runs/lopo/TH50_1km_s7.json,4269,13a024d398640315050feda4f257aa4d00371d31d4e4acc8b757e9ed2f1090d8
experiment output,02_data/runs/lopo/TH50_20km_s0_bg.npy,31376,bdebbcf15180e967f0810527d445d147d671be2ac117237ad80db1bf8fd591f2
experiment output,02_data/runs/lopo/TH50_20km_s0.json,4292,edf936fd381f76f523ab652fe41c94be2982486160e38ca2700e7c2ff8906381
experiment output,02_data/runs/lopo/TH50_20km_s1_bg.npy,31376,1015ad1e21b6c71bb2adeb1dded9a1deed6b39d5f3ceab16fa1a177a7b91c865
experiment output,02_data/runs/lopo/TH50_20km_s1.json,4289,c4353d14ec034823bb65a21afea70710075804d79348f97eacd9afadeec0231d
experiment output,02_data/runs/lopo/TH50_20km_s2024_bg.npy,31376,d3004c66f98dffb100786580cc2960d1e1182c4dad7bcd617d0c6426b053b2a7
experiment output,02_data/runs/lopo/TH50_20km_s2024.json,4299,4df3261e63b30e43a61eaf6d3e554eeded4e94ffb92a01dda02287557bcdf824
experiment output,02_data/runs/lopo/TH50_20km_s42_bg.npy,31376,2a15ba330b349ccca662b083c4851f6611253082b3384114160d30c6e0602981
experiment output,02_data/runs/lopo/TH50_20km_s42.json,5147,5580c805c36ab3833abef8ed48d72873be11638f61ac35a89aa1b3499f9bdcf1
experiment output,02_data/runs/lopo/TH50_20km_s7_bg.npy,31376,3b90357c3d7c5bbe366c6b189178c906ccffd1234ac8b468103090a5a99374af
experiment output,02_data/runs/lopo/TH50_20km_s7.json,4297,b5dacd67d0f5546b37c90106325c16c58cea29db9c239d26ed0d1c97fd24536d
experiment output,02_data/runs/lopo/TH50_25km_s0_bg.npy,31376,835144acd2963bb88e42513ede9a7a11c9a5d262cdadd0c55e62ca94d67fa587
experiment output,02_data/runs/lopo/TH50_25km_s0.json,4291,bb4b77f937800d792c48126e631172adab1b2c9ce176c390344ab77874a016a0
experiment output,02_data/runs/lopo/TH50_25km_s1_bg.npy,31376,ba2492d9dcae78858abee73df263995a149ea0ed2600b2a6314b37076577e2b5
experiment output,02_data/runs/lopo/TH50_25km_s1.json,4298,e8f1af433e89e8b4d9b564430f3db7c91be87cb2f2e797eb4e9cd67f633c994e
experiment output,02_data/runs/lopo/TH50_25km_s2024_bg.npy,31376,93c1929268acdae286bceb1b4e41247e0b7aa847ed958163fafdaee03f254314
experiment output,02_data/runs/lopo/TH50_25km_s2024.json,4292,11fcbf1011d171c8e2a4cac07278062ff053aa6ed1eef843f7ad4745f8040b84
experiment output,02_data/runs/lopo/TH50_25km_s42_bg.npy,31376,90f8bc2c75cd7a60c52c0d4f832d902582e74c44813bb43e472a4096ad0d1c45
experiment output,02_data/runs/lopo/TH50_25km_s42.json,5153,c82fc9747008f8015ecc15a8e0fad5d5f61672e7d3abf32396d15b3cc83cba05
experiment output,02_data/runs/lopo/TH50_25km_s7_bg.npy,31376,a72f2e70886046c1bb4e45e94ebfab31b554a9b3f87da3822e9474894605493e
experiment output,02_data/runs/lopo/TH50_25km_s7.json,4297,30c9952c5f65a9ffe7f1a6bf85056a750a3ac3a3248a0863091fe4155c977b88
experiment output,02_data/runs/lopo/TH50_5km_s0_bg.npy,31376,2f75e59dc593821037d4a407de438a2d6b109b77ae8978fc102851bb1c420122
experiment output,02_data/runs/lopo/TH50_5km_s0.json,4291,dde4f207badcb564c58d5c313ebd47583ab16c51e8aeaa635104201266c3496d
experiment output,02_data/runs/lopo/TH50_5km_s1_bg.npy,31376,21c7f306fdaf1fdacd57c67159ecafc45e96bd6191b661e1bdb8625f2ee04f2a
experiment output,02_data/runs/lopo/TH50_5km_s1.json,4285,62aef0eb1ad50e792b8cd3aa856c5cf15a951ccf1650cc927dab1c18938ad23b
experiment output,02_data/runs/lopo/TH50_5km_s2024_bg.npy,31376,607fb0f220ffc486837881f2f55a47316d0d115df0ef6620b02723e465d0b4f9
experiment output,02_data/runs/lopo/TH50_5km_s2024.json,4289,96e24674cb7c1584d11bf557d5958e57dc9a58af351bc2f24204a58a59298fcf
experiment output,02_data/runs/lopo/TH50_5km_s42_bg.npy,31376,8bfc8a9725ffab5dda92843135494553e2ece2c09305b5ae0f87eee397a4fcbb
experiment output,02_data/runs/lopo/TH50_5km_s42.json,5142,d9047733034e1395f23df5251161b6f4aea4b5f4eb7339ef7697b4cb759bdc61
experiment output,02_data/runs/lopo/TH50_5km_s7_bg.npy,31376,1d000f4dac4e8e9475f53b86987ddb1b51268bdc6416391cfa46e737645bd524
experiment output,02_data/runs/lopo/TH50_5km_s7.json,4293,4c5a224e0e7fa1af81f8fad62846f58f26ea1eff23fe5e85fa2fcc3cb8139ca8
experiment output,02_data/runs/lopo/TH50_Rinf_s0_bg.npy,31376,7e59382ac4c7d014afd9daa73df36b016732f54e2db4281d57a4a99aedaccf18
experiment output,02_data/runs/lopo/TH50_Rinf_s0.json,4290,c484d43a23558ff4c383bb1055660a5069f5b71fc17408fbc77494026ede8a58
experiment output,02_data/runs/lopo/TH50_Rinf_s1_bg.npy,31376,722ffed89d0f3a1bd31efe2bbeb6b4045818250b9ca970d38e4abe53f9e52ca9
experiment output,02_data/runs/lopo/TH50_Rinf_s1.json,4287,d2c501bb7b9c65eb23bbac6121324228d074037c399e477887b99e00f3baa64d
experiment output,02_data/runs/lopo/TH50_Rinf_s2024_bg.npy,31376,5cef96bd4989cf6ba9a515c4127011159558f523f2ac8d8006757689f4fa77bc
experiment output,02_data/runs/lopo/TH50_Rinf_s2024.json,4291,5b67f03fd2f78b4658fc8964fe50113c60865c93afbcca3de1cd9b2695559186
experiment output,02_data/runs/lopo/TH50_Rinf_s42_bg.npy,31376,a8deeb15c49f954a9e756fb66fa1b2053c17e1128c156e7c2df469b345f809cf
experiment output,02_data/runs/lopo/TH50_Rinf_s42.json,5150,fc389a7bd56cffd51f77df3393fe682a7ae577651bdb28839a8276ff31a4d3e5
experiment output,02_data/runs/lopo/TH50_Rinf_s7_bg.npy,31376,88ad5095642ca7b01b57b9db22a505c9e7c472b48f2ecd1ab6c3245527b4ad1b
experiment output,02_data/runs/lopo/TH50_Rinf_s7.json,4291,cd16c7ff8ee6c2f5522e273c4519af7928437158e15dc2c3fc932830c83a131a
experiment output,02_data/runs/lopo/TH51_10km_s0_bg.npy,40560,3ecfb355052ced6a7ca812ca74d066cc9d9319e93f28b4dd1f399569c8edc33d
experiment output,02_data/runs/lopo/TH51_10km_s0.json,4249,e08c659ee4fb59fda72f1353685756b965f2a2919c80bb9a3c78791b9e494419
experiment output,02_data/runs/lopo/TH51_10km_s1_bg.npy,40560,f9293fa9a056e14f60ad19505da023a49481ef80a17bf8add92d6964036af257
experiment output,02_data/runs/lopo/TH51_10km_s1.json,4269,7afc843cb96e45d4722cbb5ceb810e27568cf2abfb1a58705125d73d1f6a21f1
experiment output,02_data/runs/lopo/TH51_10km_s2024_bg.npy,40560,78bef458de634b334c0001f036112bcf61ed5dce132973758a7637083395b3d9
experiment output,02_data/runs/lopo/TH51_10km_s2024.json,4266,d2fa53b813184c41554516290abe3ae61e48e6d964fe8e2dc19879efe5884d29
experiment output,02_data/runs/lopo/TH51_10km_s42_bg.npy,40560,4268143863404a352b6207d5dea07cc2a6c7f48d5773f597f1aa8ed90962f13b
experiment output,02_data/runs/lopo/TH51_10km_s42.json,5105,e640a906622263a81e81c8da8eb07c39cc6c099098c86b3d49b4f171de50116f
experiment output,02_data/runs/lopo/TH51_10km_s7_bg.npy,40560,fc358551701912e5f9416f22d01bb203ede4bf1e9b224e28255efb02436c958f
experiment output,02_data/runs/lopo/TH51_10km_s7.json,4257,8ac3d3f1bf8bb40cfbcd92e22576d9962910b967a8f1bc1296e627252a1d1d9f
experiment output,02_data/runs/lopo/TH51_1km_s0_bg.npy,40560,fea3f80cc636e6f67c28ef7defc3915d5ae5f0077ae86682e6fc4fa46910ed25
experiment output,02_data/runs/lopo/TH51_1km_s0.json,4240,3b8e01b4686e95a5549f8a0ad5d21b001e8dfde9a05f5140fe83247cdfbd28ae
experiment output,02_data/runs/lopo/TH51_1km_s1_bg.npy,40560,36a7910dbc42a3246f4ab8261e67294664983470b4b53b9dc219405394b460e2
experiment output,02_data/runs/lopo/TH51_1km_s1.json,4247,5bece2f7c3ad3e28d4f69039c240492e723265bee880e8c3f21820781d7f383a
experiment output,02_data/runs/lopo/TH51_1km_s2024_bg.npy,40560,fee21d53abdb7cdd34c61f64f75a86db550a27b0709341e9d90e9923413e8ff3
experiment output,02_data/runs/lopo/TH51_1km_s2024.json,4254,856aa03ccc8dd62da6e2f723f759cc9392bf283db748cc561e296a572653ee61
experiment output,02_data/runs/lopo/TH51_1km_s42_bg.npy,40560,87b397c0f7f9f97810f6c815eda9d5aa3753d4db09ced9b63b9bf5ec04e407c7
experiment output,02_data/runs/lopo/TH51_1km_s42.json,5084,4f062e5e48bf16e053732b81a1c8882bc08bc34a85fdf7d5c4c38e425a2f18c4
experiment output,02_data/runs/lopo/TH51_1km_s7_bg.npy,40560,b7e58e6d9ea3dc2d03e935916a58af113e6ded304a1ead67a4eceb56e7c29c12
experiment output,02_data/runs/lopo/TH51_1km_s7.json,4245,88c3177e9712e9d6b45fe5b4ba2382b58bd18fb98caff33f9980d5eb22dabd8c
experiment output,02_data/runs/lopo/TH51_20km_s0_bg.npy,40560,0dcc43099f460b26234050b620c89f44d8b18954a96850b30ed2360f274d40fa
experiment output,02_data/runs/lopo/TH51_20km_s0.json,4271,d05b68388dacc11177f9173155d9ee1c59263c5b78cc70641079d81d62a2ce8f
experiment output,02_data/runs/lopo/TH51_20km_s1_bg.npy,40560,41b77ccf2b261bf2e3b055bf4f90e7b7f679bee64a1ef88633ee53df7a3a52d5
experiment output,02_data/runs/lopo/TH51_20km_s1.json,4247,a0ffbd6d9abe31c6ccd37e7d104f3bf44f408c9eebc6687d11770075f4a89aac
experiment output,02_data/runs/lopo/TH51_20km_s2024_bg.npy,40560,818dfbefcd44e47762635a2eadaeb5b0086e3f84f94619947e6addcdfd6c1c8b
experiment output,02_data/runs/lopo/TH51_20km_s2024.json,4270,ad04e49f541fd512a676a72535fc9fc14530f8cde4a688043693480928d4b163
experiment output,02_data/runs/lopo/TH51_20km_s42_bg.npy,40560,b9334fa1fb37ef1ebd3a03321aadf0229d06e2752d78a8eab157e4c42cae421e
experiment output,02_data/runs/lopo/TH51_20km_s42.json,5100,0ab07ab29a44a90bbb42dd687aae11fdc7c66f7d2e6a2bb9381bf03f173fbcda
experiment output,02_data/runs/lopo/TH51_20km_s7_bg.npy,40560,60d101caf2d1e4fada2fae3389b83cefbcc7f2ed30d6baa67656dc00bfc3ec63
experiment output,02_data/runs/lopo/TH51_20km_s7.json,4260,a09bdc364fa16463866dde071fb039fa2c156dbc1d8cdfe049936bacf9631a1d
experiment output,02_data/runs/lopo/TH51_25km_s0_bg.npy,40560,74280c345e6e644f6a8b592d70003547fb8ebe17c80fb6ac851709e9115a9bbb
experiment output,02_data/runs/lopo/TH51_25km_s0.json,4272,8ec67f9751d1d6b7a6a703d4f81f053fd6ccff95633344d44225c36fdd4ed2d3
experiment output,02_data/runs/lopo/TH51_25km_s1_bg.npy,40560,55b78207bd088d0099d0dc15923cd056f6da18f1c38c88acb2ef69c5ffb28219
experiment output,02_data/runs/lopo/TH51_25km_s1.json,4263,46af4c1ab61e1ff29fbdb53b17f11eb4aee336ef7fc8a9d3cf480920a188d41f
experiment output,02_data/runs/lopo/TH51_25km_s2024_bg.npy,40560,cec4116134d3b36b6108661cb4db360914be2b46e6932480fe9cb14520d64990
experiment output,02_data/runs/lopo/TH51_25km_s2024.json,4242,d42387a0e537a21cd4b06e25ceb71623b7480a35bf96bf4b5594e48b19dabd6a
experiment output,02_data/runs/lopo/TH51_25km_s42_bg.npy,40560,62673b6333ac7bc5f3d2637f57afa666b695a685cdfe7c4cd5b70458f5ec0117
experiment output,02_data/runs/lopo/TH51_25km_s42.json,5114,0c4df2934fa22cb85863382b50385b0556576c90df06772bf2d12e4c336c65be
experiment output,02_data/runs/lopo/TH51_25km_s7_bg.npy,40560,6d3c8826a4efed9786109f3ad87943381e5419d732fb8357b373d4ad2b8b36b3
experiment output,02_data/runs/lopo/TH51_25km_s7.json,4245,4175f7690f18a338dec73db2f8381359a8a57e95922b773c7045a46ba2d8eef3
experiment output,02_data/runs/lopo/TH51_5km_s0_bg.npy,40560,42367ad3623c675f5b155622e2feb6ea3364dfe80d8892cb9982debe2e5ae734
experiment output,02_data/runs/lopo/TH51_5km_s0.json,4249,c99f2234314e6e9dd46b870ef31bf94cb4dd92c91e7a7a7b73366966133c32f4
experiment output,02_data/runs/lopo/TH51_5km_s1_bg.npy,40560,2a3dd6d5639269cf1693b5787820fcfb2b21f4a6d36c09c2eb12715f2ac09145
experiment output,02_data/runs/lopo/TH51_5km_s1.json,4245,3e21995748d06a808ee54c28dc2732d6cb768d85462213bda915db420db1c75b
experiment output,02_data/runs/lopo/TH51_5km_s2024_bg.npy,40560,793c8382f6c9614597a17fc25c61eb16073cbdb8d44b8dc2243457967b9d5671
experiment output,02_data/runs/lopo/TH51_5km_s2024.json,4256,bcbb651161989c74ea0657607fab784f296116b4256a793148511a9c9b820503
experiment output,02_data/runs/lopo/TH51_5km_s42_bg.npy,40560,770801bf3dd396cfea6f7e12d7e1383b35628797f4b910e37ba0894d28f0b3d2
experiment output,02_data/runs/lopo/TH51_5km_s42.json,5102,3b8dfc6a94b54fc3a5ca749427d8b699a9672038dc28a819119db544280aff8d
experiment output,02_data/runs/lopo/TH51_5km_s7_bg.npy,40560,4130336d1aa59e41f496cf0e6fc07a57078555d416643aeb60d80b9868c129ae
experiment output,02_data/runs/lopo/TH51_5km_s7.json,4249,9fd46c41f6c6a003535d02a50c3513ebb21c44cd84cb24477f41e333a14edb58
experiment output,02_data/runs/lopo/TH51_Rinf_s0_bg.npy,40560,4f6446f937035f5b1402d291b132a603889e515c645dfed84aee378d33cd2b3c
experiment output,02_data/runs/lopo/TH51_Rinf_s0.json,4258,57919a5be8d7e2af398033196392c28474869c4fe4407da377e7073a6c921495
experiment output,02_data/runs/lopo/TH51_Rinf_s1_bg.npy,40560,cc71dc0e0d4b59ceb9bb9b50334be764e3ef65a8dff20ace23376edef752e1ed
experiment output,02_data/runs/lopo/TH51_Rinf_s1.json,4265,b32b92fa4747f65245d0a890e40064dc24085db22c9ea2edb0fa832e5baa285b
experiment output,02_data/runs/lopo/TH51_Rinf_s2024_bg.npy,40560,2a9a93a55c11fcff1ebba15742feedc83fa96bec5c39dec3639e9e3070367941
experiment output,02_data/runs/lopo/TH51_Rinf_s2024.json,4268,2eb3e20d17a7728034efb823f130add0b970b1ec2f9fa8b22f08fcb3b1c2a084
experiment output,02_data/runs/lopo/TH51_Rinf_s42_bg.npy,40560,bb80ab0a1ba600ade0018dc11c614874fc4e3384c2d81c1d1a52e82d88241cd8
experiment output,02_data/runs/lopo/TH51_Rinf_s42.json,5111,39396d6980f8ea3aab825fd3ef1fbc2fa81c145e0d04b8f1b929309e930df5af
experiment output,02_data/runs/lopo/TH51_Rinf_s7_bg.npy,40560,5f8fe69335b5799c2a750b99c513f140d9978d860e68b64a13f91b6690f98c3a
experiment output,02_data/runs/lopo/TH51_Rinf_s7.json,4264,609badae981e0de263216c66106fa2fdb5f0170c2dc7af0ee0ee96a1bb78d19b
experiment output,02_data/runs/lopo/TH52_10km_s0_bg.npy,38384,7574ee39d3606e373a2f8bbec4dccb9e9586d7882601d7e4e159792d4d8d1a40
experiment output,02_data/runs/lopo/TH52_10km_s0.json,4250,0d3cabb6b7bb25592838b4fbc4862e25bb4527dd9c7e32c92dd1528e84fa6504
experiment output,02_data/runs/lopo/TH52_10km_s1_bg.npy,38384,75a227dd57a2a0282a2d1471e59204d26969f13e5a50bd100d700a97f8fb5c74
experiment output,02_data/runs/lopo/TH52_10km_s1.json,4254,3b3a61cee18e504c4be9d5bd2e9d540ff1dd92570b09ec53b9563a41272af771
experiment output,02_data/runs/lopo/TH52_10km_s2024_bg.npy,38384,33044a49913d40ef8c388461da867968045736849b3676a8fdc661a160acf59b
experiment output,02_data/runs/lopo/TH52_10km_s2024.json,4252,5b5007cd81dc061788f5a6d2a13b8186b723dd32122caf0d2546f18499247702
experiment output,02_data/runs/lopo/TH52_10km_s42_bg.npy,38384,43352aaf45b8743eb44307c1485b6b30b549b0ee39de1cbba6273c21f1b1e418
experiment output,02_data/runs/lopo/TH52_10km_s42.json,5093,a360dfebbf3feef80d7a3eeafdeea44e8b2d4f63b127fba8aa9e808d4fe1e406
experiment output,02_data/runs/lopo/TH52_10km_s7_bg.npy,38384,df1278af10d03bc53ddcca8407a4208076dbac3421602f4202a06636b82b268b
experiment output,02_data/runs/lopo/TH52_10km_s7.json,4255,37e4ae00f1d73c53f59b39d81e6f95a094887d63527f0fda6c530e2ac8ea5ce2
experiment output,02_data/runs/lopo/TH52_1km_s0_bg.npy,38384,4f9c6fd34dd3b91b80248a7cd58fe7c0fe333fd55b36965997b8c4c4ee7aee78
experiment output,02_data/runs/lopo/TH52_1km_s0.json,4243,bb697b0d8cd922cb1e4e6f3221d2a180ef6c5150cb71965bc491307f1991b2b1
experiment output,02_data/runs/lopo/TH52_1km_s1_bg.npy,38384,f867746d499a52205f6ee53a954d52c55ca340eb2b62e904d7181e504d5e8ef8
experiment output,02_data/runs/lopo/TH52_1km_s1.json,4248,4661361ab4e255d34f9b7d2a08b6d82631c42cd125236fea9c52698180f74385
experiment output,02_data/runs/lopo/TH52_1km_s2024_bg.npy,38384,fd3279d4fa888949a2dcc87805ce21c843cd6727f623238f5faa57a0336e58ed
experiment output,02_data/runs/lopo/TH52_1km_s2024.json,4250,5c3b5caa48d822b5a17c592362e554031d93dab5b1380b7e608d399ec22e67e7
experiment output,02_data/runs/lopo/TH52_1km_s42_bg.npy,38384,9295ff37eb2ad54d7412055406516487e901db63192b2f43988b34bec9841745
experiment output,02_data/runs/lopo/TH52_1km_s42.json,5081,c04a0b1b25295ab1f728530794180adc8e8da12d76e07435c1fb792bf9ed29d0
experiment output,02_data/runs/lopo/TH52_1km_s7_bg.npy,38384,adfcddd6c25f05d5e800294a318a85612548a71bd27b2b95c0ac90f4e55cc631
experiment output,02_data/runs/lopo/TH52_1km_s7.json,4250,8a2761fc863495692392b5a283d74aa32df4babeb7ee58051507de296b0a713e
experiment output,02_data/runs/lopo/TH52_20km_s0_bg.npy,38384,edbad1ab53ea96439ce591cadae79c71e3666742c12db1de31fbb509c2aaf3d5
experiment output,02_data/runs/lopo/TH52_20km_s0.json,4257,f673fc064e20f42f233ee04e040fc772eade7ba40a8d4634891ebb2cc41dcc1d
experiment output,02_data/runs/lopo/TH52_20km_s1_bg.npy,38384,89ea8007df52c7f94a80a50fb28cb7b85df12b77e0899f7b3c9590a8381c843d
experiment output,02_data/runs/lopo/TH52_20km_s1.json,4247,091754ac2a00de691dba9bace55c967055607811dc19a1135d55874c943c2878
experiment output,02_data/runs/lopo/TH52_20km_s2024_bg.npy,38384,939fb5dd697288319992f787e567e1bb40cdf95ef9283515410687aa45add983
experiment output,02_data/runs/lopo/TH52_20km_s2024.json,4254,bd05d626b4ed8a8254cafebebc05a6b8a4b21c864b46a3c3ea2a23a231745b4a
experiment output,02_data/runs/lopo/TH52_20km_s42_bg.npy,38384,e8905919c2130a13c7bb6cdef54f57961bbc01df6304271307c1a9b29e1b887a
experiment output,02_data/runs/lopo/TH52_20km_s42.json,5100,7d2112af54223edb3012c4b5a3846cba4c982d4e1b0975e6d9b317f89ce8990d
experiment output,02_data/runs/lopo/TH52_20km_s7_bg.npy,38384,80e24a24e895ba8249eaee6ceb31938a59abd1271ba205a13647d034c52e582f
experiment output,02_data/runs/lopo/TH52_20km_s7.json,4256,1041a2ab6170cc887de66e9bece350c239847ed01be0c937a4c6864141de6969
experiment output,02_data/runs/lopo/TH52_25km_s0_bg.npy,38384,efb7c7a130263e1f0e358ce66d09f7b49abbdc27fc8e1194d8f75e246d9eef30
experiment output,02_data/runs/lopo/TH52_25km_s0.json,4248,7678f46225360ac56399e46a7b75f3f0a1fd78792b7be0a709416ecf92735bbc
experiment output,02_data/runs/lopo/TH52_25km_s1_bg.npy,38384,0c0dec9c5d84696c241b19938c46268754ff0fc5831623887e68cbd45ddceca5
experiment output,02_data/runs/lopo/TH52_25km_s1.json,4252,b18791fd3fba3781836815b67065e3cfbd366821b7537ecc4bb5482fe8c9f906
experiment output,02_data/runs/lopo/TH52_25km_s2024_bg.npy,38384,bbbe565d227fb93c399e24876d9db41884ed24c3cf3b99db14dc30e9f91c2049
experiment output,02_data/runs/lopo/TH52_25km_s2024.json,4261,e18cd0c6100c392c31e65d790a851cec2c68aa0991fbfb60d5ffd0fee08658d1
experiment output,02_data/runs/lopo/TH52_25km_s42_bg.npy,38384,187a80648a5e2c3bab6c58f72dc9c78e779daf030edd3ca986e3c873bcd8addb
experiment output,02_data/runs/lopo/TH52_25km_s42.json,5095,08748b42aabe985008613f5bbac92ba30cda4ddb21982536b2b174ad7aee81d5
experiment output,02_data/runs/lopo/TH52_25km_s7_bg.npy,38384,34d66bf4ffb935ae68f0b1099419d67837c8b8133c7ea7aa0b83e8e5b8ed9da7
experiment output,02_data/runs/lopo/TH52_25km_s7.json,4255,87d5e2a9ee24e234b3ad45d73ef9c7a014d27b94fe6c2cc3013fcb30fb37bf92
experiment output,02_data/runs/lopo/TH52_5km_s0_bg.npy,38384,086ec3a8b9c51c033eb63adbb1503d1fdb99010ff0d7dd5fe2336474a3219c35
experiment output,02_data/runs/lopo/TH52_5km_s0.json,4247,dba5eaa5b415cff5097978e13bf7e15a95db967de733cdaaeb0d2ffaeb2308eb
experiment output,02_data/runs/lopo/TH52_5km_s1_bg.npy,38384,99b41f5cf3177fcc843e35c90d35abda66a63bc9c716f5949e97db03c86f87e9
experiment output,02_data/runs/lopo/TH52_5km_s1.json,4250,cf0e0db7af93b53e3574bc925c0a7c91493f0b926a3e833de03974279d2a0db3
experiment output,02_data/runs/lopo/TH52_5km_s2024_bg.npy,38384,7579c0b45864a9c8c4f1664d798392b61fb82462cecca716aebce65ae80e1c40
experiment output,02_data/runs/lopo/TH52_5km_s2024.json,4253,b2aeb31b44ab19b8fd9dba435a6450a0c631b8c9aef03cc390b037d9a0e6b40c
experiment output,02_data/runs/lopo/TH52_5km_s42_bg.npy,38384,85012ab07d303854f64d7427d9ded2ef5ad953a2cbf0bae1ba1a50a032865ea0
experiment output,02_data/runs/lopo/TH52_5km_s42.json,5062,7b2862bd9f1b4d708093e13baa8137a02e292114b968c8e7d373cec2de3e5169
experiment output,02_data/runs/lopo/TH52_5km_s7_bg.npy,38384,74c5380bcf5982e9c7e102819dc0e037f325e672c1a390624ae93634b1d15c08
experiment output,02_data/runs/lopo/TH52_5km_s7.json,4252,0408ab4518115094a419b92e25bb41ea620a8e094f26d588afd86f1563218f88
experiment output,02_data/runs/lopo/TH52_Rinf_s0_bg.npy,38384,872840edc87812ccb2afaa4aeddaad986e33b1b6172eb2eafcf369ed8b48b7e8
experiment output,02_data/runs/lopo/TH52_Rinf_s0.json,4259,43a43d449710ae696c3c43ea61f1df20a022634e6b83bda4accbca1aa1d6f935
experiment output,02_data/runs/lopo/TH52_Rinf_s1_bg.npy,38384,756f9ec0fda4956b8dca0672dc3d2b45f745db383c37ea22f8badf46c5b31533
experiment output,02_data/runs/lopo/TH52_Rinf_s1.json,4255,5c91e2a5bbf9d2fb70888a7a473080e2c1e983dbc4338b6f28a40a1a35922470
experiment output,02_data/runs/lopo/TH52_Rinf_s2024_bg.npy,38384,49e882462ef60fd53e76e818e8ebc244aef0e591252dd52e5d05e685eaecdf8d
experiment output,02_data/runs/lopo/TH52_Rinf_s2024.json,4270,e3a9fd3013574e3d9d31e29edcef7cddf5004d17879d593858531614577cc506
experiment output,02_data/runs/lopo/TH52_Rinf_s42_bg.npy,38384,7a704e9efb1e84edbfecb7c10ced58521447bab11643067baed82d2f107f4735
experiment output,02_data/runs/lopo/TH52_Rinf_s42.json,5104,c6672122cc1c49f87948476f0b19602aac129df8f757e97168ad1a8591b3f3b0
experiment output,02_data/runs/lopo/TH52_Rinf_s7_bg.npy,38384,e3b977b9684509611d7f6e6520d936fdeb8bc66900d5fc474a76568ef73c38b6
experiment output,02_data/runs/lopo/TH52_Rinf_s7.json,4265,0698a693fc6b2f0268ef8dbfd6f8558ee539c6093880ee05aef7f46fd695e67e
experiment output,02_data/runs/lopo/TH53_10km_s0_bg.npy,42656,d060bda04a982410f4c08a4bbb30affd545eec15d61ff17917a9c031df658e60
experiment output,02_data/runs/lopo/TH53_10km_s0.json,4271,3ae27d5963d10816bc3e3e329aa475088803dd1c8f855bafe222cecfe5c79e93
experiment output,02_data/runs/lopo/TH53_10km_s1_bg.npy,42656,48b535c184ab029e4ab2937fb75c28496acdf61d25c3d05fea78a29f1983cbcf
experiment output,02_data/runs/lopo/TH53_10km_s1.json,4264,081bd6b54c6f1519e4f3a4584ba785c9d6c2685ee6ed3eb1135ed3f77bab1cfb
experiment output,02_data/runs/lopo/TH53_10km_s2024_bg.npy,42656,22d3ce26d7ca2969bdf2dc5eefe47957a0f4c85cc3f02f437982cda0cb6e0262
experiment output,02_data/runs/lopo/TH53_10km_s2024.json,4269,0e1ec24b6fd6f79bfe00009b6421d5a930b3bf4a1cd9dccca1912a631115141f
experiment output,02_data/runs/lopo/TH53_10km_s42_bg.npy,42656,328366b7f760c07aacce7ae4a8e0eb1d668e2ac80a376f51e4895c32f0ede1ad
experiment output,02_data/runs/lopo/TH53_10km_s42.json,5110,d0d8211bb299bb434a54115262c636db71bc073179e260f7412cbe2818f2f03e
experiment output,02_data/runs/lopo/TH53_10km_s7_bg.npy,42656,1809d18e0a51e3107942aad21b3fbc2ba1aa355fe86ea865f710414591e9aa5c
experiment output,02_data/runs/lopo/TH53_10km_s7.json,4267,11947c4710bcf1e78252c29fc64fc8c3298fac1c005ef8e8dbc02ba1df9aaacd
experiment output,02_data/runs/lopo/TH53_1km_s0_bg.npy,42656,67470c81685ffa522d32818b54c113bdb00c224785f112e0fac27fbbc5152459
experiment output,02_data/runs/lopo/TH53_1km_s0.json,4243,d5cd038f25902d994f71bd3fe0a0cc8339b195796d28a5822974ae65d0fde55a
experiment output,02_data/runs/lopo/TH53_1km_s1_bg.npy,42656,fcaa74238e4a1ede5fd5ce64ca9dd2dfac41ced8534bef5b42c1182166c3ef1b
experiment output,02_data/runs/lopo/TH53_1km_s1.json,4241,634d7ae6dea4dea600f1ad8ac8f8f4148d31cfd8c3fbca87ce10f907c22ad55a
experiment output,02_data/runs/lopo/TH53_1km_s2024_bg.npy,42656,0323f5c41e240cb43fb531c42971585678a37a6db6c7a4e45c3746b1c6a8e361
experiment output,02_data/runs/lopo/TH53_1km_s2024.json,4254,9ea2202aa4bee3ccd7f88359151cceb2d84bdb68033d967bd7cc67d0f582fe76
experiment output,02_data/runs/lopo/TH53_1km_s42_bg.npy,42656,253c652d0dfdab796bcf7e8147814c5a4868be7cfc3223074ddcd6a091d3f00a
experiment output,02_data/runs/lopo/TH53_1km_s42.json,5086,0416e4f5317914bbe409c740db84c40a3e75ef5ff77f45686e5118a45c8e1411
experiment output,02_data/runs/lopo/TH53_1km_s7_bg.npy,42656,1c8b4546d0d99eaaa7f172a88f4ddaaa4a425d63d6303d26fccbb1b805de4fb0
experiment output,02_data/runs/lopo/TH53_1km_s7.json,4244,68793f471afb92e52d163693f111124f386d54e3a4890ba18335ba00d4520e21
experiment output,02_data/runs/lopo/TH53_20km_s0_bg.npy,42656,0e0a91d97f42b305012eab0ab9685dca9140d9e02349a6671f7851fdbe662457
experiment output,02_data/runs/lopo/TH53_20km_s0.json,4264,565c75cf2604a9fb7bc37cbb41d5dac9589cd9c5cc012b09a61249e2f13b9036
experiment output,02_data/runs/lopo/TH53_20km_s1_bg.npy,42656,ebeaff167f42dfd8befc38b080f6e6946fa0e3ad27e2a72b04b729ef97cacea2
experiment output,02_data/runs/lopo/TH53_20km_s1.json,4267,2f7ad1523621655c4c1b3c17e3fedf0af95069d111a76650ed47885d9a686531
experiment output,02_data/runs/lopo/TH53_20km_s2024_bg.npy,42656,a37266ea5f6234c940af1c820935ae1351a11f5d7a9501ac1e91af67685b4348
experiment output,02_data/runs/lopo/TH53_20km_s2024.json,4267,303031591765b225ff1edb86e9aebef4f2034414b7fb97d050a9f482505d0ca4
experiment output,02_data/runs/lopo/TH53_20km_s42_bg.npy,42656,7ec5a3a19888f736ad825dfb5e71bed1c5f77e4b651c2165ea95a9647c6c51a3
experiment output,02_data/runs/lopo/TH53_20km_s42.json,5119,0fc72513061dd27ade7e1a079f6410ae6b992c7b5c107db07a23ec76acb172c4
experiment output,02_data/runs/lopo/TH53_20km_s7_bg.npy,42656,0a942cede9ec4c72afd528687de019c88e3b5f1126cb179be88a9802f752661c
experiment output,02_data/runs/lopo/TH53_20km_s7.json,4269,e5f22c099cb8c43eca26dbce9e10e0d89b941a1b064710309109dd06e8a52e27
experiment output,02_data/runs/lopo/TH53_25km_s0_bg.npy,42656,352229844856e3df38fbc247a4ba45f95e275c75773fa7e01850203e88b45e76
experiment output,02_data/runs/lopo/TH53_25km_s0.json,4270,8ad0162e355f695ac87968c95343ce3e9d7c269bed2cb6e7334930dd42a2b4ad
experiment output,02_data/runs/lopo/TH53_25km_s1_bg.npy,42656,d473a359d80ea07269caa8802a267fc989f03e22ab57ccbbc140ad6c1b8d3865
experiment output,02_data/runs/lopo/TH53_25km_s1.json,4257,02f5e49472fe54c13f4a9fa2822fa24ff3696b22e0ecff9b7cc0db5edc12afc1
experiment output,02_data/runs/lopo/TH53_25km_s2024_bg.npy,42656,a4359d1ebcaa63ada45ada514378bf200f6fca0b8a05eca3d2e1df4d85f89a7d
experiment output,02_data/runs/lopo/TH53_25km_s2024.json,4272,35a5b10230da9265d0254c2cf4039b1754e7cc0f09411cfe2a46228a29cd240c
experiment output,02_data/runs/lopo/TH53_25km_s42_bg.npy,42656,74df5f95ac6ee92cc2ce4f7d2e1443fef6c2ee5018e7e67049e99cfdc964407f
experiment output,02_data/runs/lopo/TH53_25km_s42.json,5112,f285dbec9d97a0c397680406d8634c588c6caedb08e8702abea38a4ea59a5137
experiment output,02_data/runs/lopo/TH53_25km_s7_bg.npy,42656,5ee3d75aa30303ce4429f772d810001a4486c96eaf246f5bc5dae673b6fa0de8
experiment output,02_data/runs/lopo/TH53_25km_s7.json,4269,d91ebbe6a57fcdb52f6f1e4d8df0096f898c461cdc4fc034520ff262d4465e0b
experiment output,02_data/runs/lopo/TH53_5km_s0_bg.npy,42656,4eaae394266f9a969a78044789109412e0e2cff04ce866225ecbe43aeefb322e
experiment output,02_data/runs/lopo/TH53_5km_s0.json,4256,99076608771490f57082f0e6bf1c19d2d1753e005791ca9515e1512fe21db076
experiment output,02_data/runs/lopo/TH53_5km_s1_bg.npy,42656,443fcc2ccc9c4a09cfe5c912ab04bd01fc1b2d827dc2134233ac6683b4394187
experiment output,02_data/runs/lopo/TH53_5km_s1.json,4261,9ba2fe22a431af69e1d913c1e21c46881a3deb1c3aa6721273a6fa8b6c4f5056
experiment output,02_data/runs/lopo/TH53_5km_s2024_bg.npy,42656,3806fd94fbbc0366b3cc4e57c0e37a3373e3c19f4556d7d459979256ed455947
experiment output,02_data/runs/lopo/TH53_5km_s2024.json,4264,1f199d5b335c5c122d9a978abcf36ce4571d501932939b43da0144a8a9f07936
experiment output,02_data/runs/lopo/TH53_5km_s42_bg.npy,42656,0b126a5ac3fec242c8bd384b03ab68a738834290713700511471f388b1c5aa93
experiment output,02_data/runs/lopo/TH53_5km_s42.json,5109,889a23f6ae6e4904f8f4604fc639b02b7e8641209bb8d90d4f60a30ec80a6816
experiment output,02_data/runs/lopo/TH53_5km_s7_bg.npy,42656,d62a6c39b008f9e38ef678cd3c0970fb484f5bde02a2bb2cd1063b80582470a6
experiment output,02_data/runs/lopo/TH53_5km_s7.json,4257,ed078b1809445676e60405370fae9e740600ea54077cd1c0cab82cb7345f64eb
experiment output,02_data/runs/lopo/TH53_Rinf_s0_bg.npy,42656,b0eb8a83c271c075b19c5e635aea6d909447cfcfb3090991816046e7b823d2c9
experiment output,02_data/runs/lopo/TH53_Rinf_s0.json,4271,ea429d73150a49e89e9d13f744b8b667b5db346778694bf7bf0f48e530861ed3
experiment output,02_data/runs/lopo/TH53_Rinf_s1_bg.npy,42656,3dcb0de1d1c8a96b82406830cb4542752910e57f2361d045a4450ed3b36a1cfc
experiment output,02_data/runs/lopo/TH53_Rinf_s1.json,4257,e2fef7933639ac3edc52a38ac5eede09559b759a4852aef732b312212750e4f2
experiment output,02_data/runs/lopo/TH53_Rinf_s2024_bg.npy,42656,067d796440b1cda0cd89f6c26c03b11e33c412a04ba0ada216f8d077aac3191e
experiment output,02_data/runs/lopo/TH53_Rinf_s2024.json,4261,aea2ac9dcb97e24b010c79d88338116951a613942c14afde64cd11947ffc741e
experiment output,02_data/runs/lopo/TH53_Rinf_s42_bg.npy,42656,ff04191f978ac9b6ebaaa3f54c8ed1252681a3796f2bd9e6c9c0045f00d18c37
experiment output,02_data/runs/lopo/TH53_Rinf_s42.json,5109,b8784700cb69a5e51d0932dc914374b5e9d4cc6b637cbfc79acb6397bb0d19a3
experiment output,02_data/runs/lopo/TH53_Rinf_s7_bg.npy,42656,eac92f08cbe1be0ed6059b8b4ec93818968e619be1345546d905173c17b6fdf0
experiment output,02_data/runs/lopo/TH53_Rinf_s7.json,4269,0e9bc0b61e4a44b291d6b9330c1fe196d4447d424ce3f61328a565b0945a6320
experiment output,02_data/runs/lopo/TH54_10km_s0_bg.npy,44064,806eeddcec220ac03760a580aa9825ca5e38bf925dec1c43b47ff5afeeea9ab6
experiment output,02_data/runs/lopo/TH54_10km_s0.json,4250,17b77a0a6aa756391e7f16ec174f931a5d5b71d461b9949589ca70bc46822a80
experiment output,02_data/runs/lopo/TH54_10km_s1_bg.npy,44064,eebfcad83aa24a84525fa74315622fc735ed94b2fd323243a87b09756639c1a2
experiment output,02_data/runs/lopo/TH54_10km_s1.json,4259,5134e71098c8751ea46ee6fed11a1b3d0d4d51fd20323bbea0e30e8b46b55de1
experiment output,02_data/runs/lopo/TH54_10km_s2024_bg.npy,44064,2eb64f6de088b6759144ca6d491cce23f919c5e669e2b0d75a9a07ee01c9fcb3
experiment output,02_data/runs/lopo/TH54_10km_s2024.json,4257,6c585ce1ef168c6071384436435eebe435b537e0da72d828207a210235366327
experiment output,02_data/runs/lopo/TH54_10km_s42_bg.npy,44064,7a55f6b9064cffa124b36bfc959f95005dcf8994c4b16d210f5b36e2416c644e
experiment output,02_data/runs/lopo/TH54_10km_s42.json,5102,552fd1150e2840416f8fcf6e96dab073d2ccdbbed643eaf8553a4a6c4680738f
experiment output,02_data/runs/lopo/TH54_10km_s7_bg.npy,44064,ab4a9faf7969e89fa1b37e2d13ff2e5e9088bcc90648e3a9ae955bfed833b935
experiment output,02_data/runs/lopo/TH54_10km_s7.json,4250,217d00cd50463910ba9ffee706356ec478b18196ddf89cf19450503eb5d63f9a
experiment output,02_data/runs/lopo/TH54_1km_s0_bg.npy,44064,4873754477cc50ec5e54ce441ff157dc53b1c4f7ea7eff046c31403efc402d57
experiment output,02_data/runs/lopo/TH54_1km_s0.json,4239,5df7bd695738df80e4537a453b698dac3849a1db7542e739c23bc95a8ed8520e
experiment output,02_data/runs/lopo/TH54_1km_s1_bg.npy,44064,0b8bbd58ddaf0b3a325862628c358b80096b9766919d8218a1d1abfebad9a43f
experiment output,02_data/runs/lopo/TH54_1km_s1.json,4252,e2e4d4d6a834529f2aa8d8c79c854234f5a221c49d583499e410ba852f571f3a
experiment output,02_data/runs/lopo/TH54_1km_s2024_bg.npy,44064,ab2257815e7ab5d6e6b4b5ad322763f298126b3a2365534a7781506216576643
experiment output,02_data/runs/lopo/TH54_1km_s2024.json,4249,822c8eb80fc9b4192220f10134228f40a5cb1c8b843501a01c1d56cf72f64d57
experiment output,02_data/runs/lopo/TH54_1km_s42_bg.npy,44064,e804f4951175f9c9fd5a56adce4767108567f4cf7c94c26550395cbe8b2aabf3
experiment output,02_data/runs/lopo/TH54_1km_s42.json,5084,d4a4296eb6648c4243261d08011cd7d3114e5a872401d909297f8d74230f6e47
experiment output,02_data/runs/lopo/TH54_1km_s7_bg.npy,44064,8d5f79c7f00db32692d5fc003ad21724ce847d2474f7fe056f45554d063c4633
experiment output,02_data/runs/lopo/TH54_1km_s7.json,4238,8964b7aa9c2ad6cb7255a1e6f834b809b57900dd58a9b32db3e7e76ce7f653b5
experiment output,02_data/runs/lopo/TH54_20km_s0_bg.npy,44064,6775a3450c6df8d3807f8939973f202027bcf039a6ed560816acfffffeef4fe9
experiment output,02_data/runs/lopo/TH54_20km_s0.json,4260,f3468f2c730e719dd74e24d9fd04381c533642a3b38f44c9bf3a3ec28adbdbde
experiment output,02_data/runs/lopo/TH54_20km_s1_bg.npy,44064,59b7af2803485ccf4aa0c19d33348db8e35e144b9a5ef61c439380284ca1110e
experiment output,02_data/runs/lopo/TH54_20km_s1.json,4250,e1e78e414aaf7e400b841d44a3c6621f2afa73a443cb50ee1b1961512111e351
experiment output,02_data/runs/lopo/TH54_20km_s2024_bg.npy,44064,b134681b1b18b9c3a26afecdf7eb90af1bc76ca001a89cbb632f0a2f531289c9
experiment output,02_data/runs/lopo/TH54_20km_s2024.json,4259,eeaab33d0d7a9d64d6cf07d06f81ea70bf7f08c5035b9e165a2fc8dcdf740309
experiment output,02_data/runs/lopo/TH54_20km_s42_bg.npy,44064,bd59910cb4416473c3d18565fe258a36febad2703cb8be66185a62c4418554cc
experiment output,02_data/runs/lopo/TH54_20km_s42.json,5098,9ee314687ba20343a09e3dd364e9d237ff1ad71f8797c5040f0ebe90d071fd52
experiment output,02_data/runs/lopo/TH54_20km_s7_bg.npy,44064,9afba676cbe64f181573a47357e83c5365c377b6cf97bd94649e2d2c6d54a554
experiment output,02_data/runs/lopo/TH54_20km_s7.json,4259,ea59080bb7d5a67dafccaac4a8aa1a7851551a6d2638c3ac8a8e4991157e0b9f
experiment output,02_data/runs/lopo/TH54_25km_s0_bg.npy,44064,c3253bf09b33888ae206a069dc83419b24c794b94649c92968d404aa6261ac21
experiment output,02_data/runs/lopo/TH54_25km_s0.json,4244,0205a7a99bd414532a0279c7a760d8cd489469b207ea7bff7ea992d1fff2ee28
experiment output,02_data/runs/lopo/TH54_25km_s1_bg.npy,44064,d2dbec3b0a1ba29c508d56ce0fcaa66d8a11f10cb78f589f5906797ee4d6389d
experiment output,02_data/runs/lopo/TH54_25km_s1.json,4253,39edca80bc5dfe18f47f2b2b300e87f3e3a3860a414bff41b2cc307dc495c790
experiment output,02_data/runs/lopo/TH54_25km_s2024_bg.npy,44064,13316c6d308bba5918509b053f7b4c8d3e7114c324fa02be07ba9ad4437c87d5
experiment output,02_data/runs/lopo/TH54_25km_s2024.json,4246,70a41276ea77b9ba9dc9c07ca500013a3d80e24fb9635bcf81671b7d3150ce4f
experiment output,02_data/runs/lopo/TH54_25km_s42_bg.npy,44064,77db0bfc6c0038def28ec1d09b4d10c8f5045cecd9784abf4ca4211cfc414754
experiment output,02_data/runs/lopo/TH54_25km_s42.json,5101,8a36716ce530240c3435a0a77623197611080dee7fc925a4571a9f36186727d6
experiment output,02_data/runs/lopo/TH54_25km_s7_bg.npy,44064,2363b8d94e63381933d38ece4ba0caaa9957752341c9f63d6531bb1e88bba890
experiment output,02_data/runs/lopo/TH54_25km_s7.json,4254,714b43c4d1ced758a9ac638ac150c26602e4d2af992d66d7c6431942a12d7595
experiment output,02_data/runs/lopo/TH54_5km_s0_bg.npy,44064,5269ef61a72d53abb9ed5114fe57d2aa6388ec513ec11c6376d0112a25960092
experiment output,02_data/runs/lopo/TH54_5km_s0.json,4246,5e21dcd61932de402d9051384727848cfd4c888e98cba78e054432abf00172cc
experiment output,02_data/runs/lopo/TH54_5km_s1_bg.npy,44064,af12458424db4c53001fcdfc9e937a59c0158015c5b26f343368de2b0eb9deb2
experiment output,02_data/runs/lopo/TH54_5km_s1.json,4248,6500eadc3998c24c311446846f30ef87bba8feff19abf9773f559b1cb9830939
experiment output,02_data/runs/lopo/TH54_5km_s2024_bg.npy,44064,5b0360392e3113abcffd4ea184f8df5b88cb3b1ad06fef37a78ad3af98fb617d
experiment output,02_data/runs/lopo/TH54_5km_s2024.json,4249,b30425e5f5fe19a51a255f5783c5701ea6312503c62ddbb548ef7f9d10240c20
experiment output,02_data/runs/lopo/TH54_5km_s42_bg.npy,44064,aabf5f295f5c17e7b48629ce7dbb57d34592240eda0d51b6da02a521cd6901de
experiment output,02_data/runs/lopo/TH54_5km_s42.json,5090,04464e047023e30b83a4a79d4947f06a416153a860ab8a926df23a6f5afb6cfc
experiment output,02_data/runs/lopo/TH54_5km_s7_bg.npy,44064,f82be214034b639c6a2d3681d0d67ec5d6fff2d89223780e58a36faef0e39731
experiment output,02_data/runs/lopo/TH54_5km_s7.json,4246,5391a8eb5eb41511a8d7c80fee787d3cf4d6b4ba593f8f11f692ebd18eb8cc87
experiment output,02_data/runs/lopo/TH54_Rinf_s0_bg.npy,44064,4e822c57d858ca879866e08090b23320121803d09942d54d16d47563c590c783
experiment output,02_data/runs/lopo/TH54_Rinf_s0.json,4261,d9892766e90b8ce3a630b74cae28e690522c51e6d7d1a725ef5e8297116549bf
experiment output,02_data/runs/lopo/TH54_Rinf_s1_bg.npy,44064,395b0ad9b0e3591a2f68435f7960181cfbdf4d1ae1895d938ae358688026d9b6
experiment output,02_data/runs/lopo/TH54_Rinf_s1.json,4258,93eb46f1bb0437bb3b858536c5985f15268f019f9cde18610d7cccbd49da5737
experiment output,02_data/runs/lopo/TH54_Rinf_s2024_bg.npy,44064,725361e16d7a49c9ff630c3717857710d61645291c481d3f90853d8d9c7704ed
experiment output,02_data/runs/lopo/TH54_Rinf_s2024.json,4260,ad7cf6d562e9097e4888f4c5c2122cb34a16f41bf1ae5e8533736a9fe084bfd5
experiment output,02_data/runs/lopo/TH54_Rinf_s42_bg.npy,44064,dffc9a4eb921aa8d55ed1bf5c230aa266693ca1c36b671dd407bf4675facd631
experiment output,02_data/runs/lopo/TH54_Rinf_s42.json,5090,44651b937594ae7facdb1323d7c78d20b27af761e19012838eebdef0c69e9ea8
experiment output,02_data/runs/lopo/TH54_Rinf_s7_bg.npy,44064,890ddb40dd17176ecb6971bfa22e75804c4899255a6bb53e03e3f19881554864
experiment output,02_data/runs/lopo/TH54_Rinf_s7.json,4256,f4f8911562fba7629eebe15dfe3358a023557c39b2de8607302e4dc7eda1b6e5
experiment output,02_data/runs/lopo/TH55_10km_s0_bg.npy,43536,328e6848897fc8845c5993113efaf81ff4dc2f465c8c01f324c75f246606b8b5
experiment output,02_data/runs/lopo/TH55_10km_s0.json,4259,e7f30e08ff2f4f8c7e0b0a82e7b1b1c1ede9473241e6ef1af32e9dfccfdba501
experiment output,02_data/runs/lopo/TH55_10km_s1_bg.npy,43536,70d02701c5d3eee34fcbc1659edcfedc3193da8ba4e92fec6d3814c459211e48
experiment output,02_data/runs/lopo/TH55_10km_s1.json,4255,36520244e7d48b7179c4e003fe646864f659f8149cd712e10bda53cd473a2b6f
experiment output,02_data/runs/lopo/TH55_10km_s2024_bg.npy,43536,a6ddba198478a075de632c2dc7b5a476b9365a1f1bbf4aa46fc3d8fb5d11fd23
experiment output,02_data/runs/lopo/TH55_10km_s2024.json,4262,caf91c0da5505c42fa71805634b4d225ef1b22917240595348235c878146d94e
experiment output,02_data/runs/lopo/TH55_10km_s42_bg.npy,43536,98a133854119a195422f508c280dc3565953ca00096cf66118df202fec3e7c7b
experiment output,02_data/runs/lopo/TH55_10km_s42.json,5099,f408f89058c8ca31930dc8da26c4adaab8a23fc7de801e36efa26e1952716d88
experiment output,02_data/runs/lopo/TH55_10km_s7_bg.npy,43536,c1c4329bf982afe13bdb5fbaeb7e4fea174262a563e84f866929a852aaae52d1
experiment output,02_data/runs/lopo/TH55_10km_s7.json,4256,d751eee2d220e58db2965f36916510270024de93c0a0c8e370d0d00220fb1a0d
experiment output,02_data/runs/lopo/TH55_1km_s0_bg.npy,43536,a08ce94fad19834fdfeae242e8d518c687db5d77861f8cd4c5336dff606d3f81
experiment output,02_data/runs/lopo/TH55_1km_s0.json,4249,f7e5a71fe597379ff49158e593ba88136217a8afe3166bdf70af466f00460447
experiment output,02_data/runs/lopo/TH55_1km_s1_bg.npy,43536,02bbbdf0242fafd55dff21e919ccf2d996c474036ae4a276b01c102310ac57ad
experiment output,02_data/runs/lopo/TH55_1km_s1.json,4244,ff0ca78458e0e0e7d863ae7e088bed2fefa90adc10e5c5b371740215ec4db796
experiment output,02_data/runs/lopo/TH55_1km_s2024_bg.npy,43536,e850534e48655e2868f202ac11fed462a42b7366aad2ce034d1bd0649833c119
experiment output,02_data/runs/lopo/TH55_1km_s2024.json,4245,c0aba818419f847319af300f715f14b81082c3b8162213a970160b61bfc7f502
experiment output,02_data/runs/lopo/TH55_1km_s42_bg.npy,43536,6c19653066483fde4d901c2e79aa44c2864cdf7564aa6cc832d031fd01c1ab6c
experiment output,02_data/runs/lopo/TH55_1km_s42.json,5083,ea79fd7ce86c17d686ae3a50b98f8b58da3712f6cfbf2f09b1665108c6cd7759
experiment output,02_data/runs/lopo/TH55_1km_s7_bg.npy,43536,a7ce6fba3d7e0797318bcb81f9663b0d300bf348fe768bca6e88eb33602ab592
experiment output,02_data/runs/lopo/TH55_1km_s7.json,4245,50874a072f4f784309a703be12616bd4601bb65fdd3d0c862bffd1b810d86538
experiment output,02_data/runs/lopo/TH55_20km_s0_bg.npy,43536,76307a29297deed413dda2559e1d175faae0e52caea159e9d0718735c14170f2
experiment output,02_data/runs/lopo/TH55_20km_s0.json,4265,3df82c60f914d41a8e56b510f80186af408ab697d9a6383eddcb9138b105cd30
experiment output,02_data/runs/lopo/TH55_20km_s1_bg.npy,43536,1554c3151a34a7dc7cd4ed49421b032d0af9d0edbcc071d50912112e7f4b02f2
experiment output,02_data/runs/lopo/TH55_20km_s1.json,4268,da89b12de3b9baf219a8f922d45cb89ec9191bc1ac4ad0bc85181326f875a42e
experiment output,02_data/runs/lopo/TH55_20km_s2024_bg.npy,43536,bf512d407e04defec020ab5b71447b7c7c616aff99e7d8a460eadf796311bee0
experiment output,02_data/runs/lopo/TH55_20km_s2024.json,4267,65c1b54eba2fde016b689b0ab38a9841f6897ec7f946756987cadf9c7a8d977c
experiment output,02_data/runs/lopo/TH55_20km_s42_bg.npy,43536,9dbf578dd1cc4f7aca44cfa43996846456015ee8030bed3c503bef4e7d4ff858
experiment output,02_data/runs/lopo/TH55_20km_s42.json,5119,9aa4b6254a0e88c04a27182b4092033781e8b092f5f2cc2d2d9fa2200045dc19
experiment output,02_data/runs/lopo/TH55_20km_s7_bg.npy,43536,088699733d03e1470b8733cda022f5a99065185743f3dd4da1eeb5fb3ac01080
experiment output,02_data/runs/lopo/TH55_20km_s7.json,4269,cd0294a56fbf7dab7f13ab8468686845ce9f13c2304203994865c795d2941eef
experiment output,02_data/runs/lopo/TH55_25km_s0_bg.npy,43536,4bce7e010a1028e85010acddf66f21b2db6f1ed23a5d914976b7578d41892f4d
experiment output,02_data/runs/lopo/TH55_25km_s0.json,4267,5bf7f01e440616ba3b96cabff29b7daec8b8f541ea4aafb3c7c937f7a87b5b46
experiment output,02_data/runs/lopo/TH55_25km_s1_bg.npy,43536,0608db1bd5e4c1c7417fe5fd172b85d9ba797a3d7a62fb8ed3402c80cf354720
experiment output,02_data/runs/lopo/TH55_25km_s1.json,4262,3526e40400d7aed92cfeb859aabcb765d57158cc61656eb2838f7f23f7933bb2
experiment output,02_data/runs/lopo/TH55_25km_s2024_bg.npy,43536,3d76c96e62732e82683f8aadd9c5d16b940395686481189a0be2813d779ab40b
experiment output,02_data/runs/lopo/TH55_25km_s2024.json,4267,3b4378474fe87fb9df3eb1ef46fb3c238adcbec96a1cf312b15ee4ac02694608
experiment output,02_data/runs/lopo/TH55_25km_s42_bg.npy,43536,5c84e571820198aa50f59805fd776384b37d9f73ddd02f1d9602ced6decc7337
experiment output,02_data/runs/lopo/TH55_25km_s42.json,5108,d3bd82fa9ffd6100f90976b807b5673e01bae4c301aeb1687a638d777226d281
experiment output,02_data/runs/lopo/TH55_25km_s7_bg.npy,43536,6f619ba18674e6f231c4f63a2b355ccf6bd0a5598da37a4b17aff59c02d9703c
experiment output,02_data/runs/lopo/TH55_25km_s7.json,4263,24de32f5aaa85a99b575336b93450c6693243a3fd02b8f7b9b141bdf6784c8e1
experiment output,02_data/runs/lopo/TH55_5km_s0_bg.npy,43536,98b21e054b53fc38274c4820c4723f992c1c09616d4d6553326f811a32224155
experiment output,02_data/runs/lopo/TH55_5km_s0.json,4247,cf5ba57d50ad4a17951239df686aace67fd03af1280a849c25fe72347c30d309
experiment output,02_data/runs/lopo/TH55_5km_s1_bg.npy,43536,c1c7920c57ee62e4e2a900bb5ec6b8dca7975da0e2bb62a1a1c9cd8e7a5817bf
experiment output,02_data/runs/lopo/TH55_5km_s1.json,4242,f93ad5e837ed499e1888bd9ad933d152bc8d7deb22b1f997d390be448f82fe2f
experiment output,02_data/runs/lopo/TH55_5km_s2024_bg.npy,43536,bda6dfc33804c1527bb272af95957796bd8638d4a0dbe686935b7546e1be8366
experiment output,02_data/runs/lopo/TH55_5km_s2024.json,4259,348f92e29bcfe3487515beeddbadca38881ff149f73889be5c15ff45fc27268e
experiment output,02_data/runs/lopo/TH55_5km_s42_bg.npy,43536,1fb1dc8f2dea8631670d0b388dade554e1d7fb287f4e39d7ac775d67189ebc52
experiment output,02_data/runs/lopo/TH55_5km_s42.json,5096,76b40af905d3b6b4556814b915ef00cad06a94f232233a3674538ff385358a0d
experiment output,02_data/runs/lopo/TH55_5km_s7_bg.npy,43536,6330030a1b0d49a568bd18101bdaaa8078b05cbcd67a1e129ac928e1a30bbead
experiment output,02_data/runs/lopo/TH55_5km_s7.json,4256,a32c90c51ad04d7b08471979b48b893368f742c257042165e9edd785a0edebe7
experiment output,02_data/runs/lopo/TH55_Rinf_s0_bg.npy,43536,6c2ecbb34efeab65696f36d48d5a2bfda3ac4b73460ce022d9a25dd6bcea2d10
experiment output,02_data/runs/lopo/TH55_Rinf_s0.json,4264,42211f72ebc42b7fcb615abe0464fc775ebacb705ac5f6d3f64a4b8dc86fef2d
experiment output,02_data/runs/lopo/TH55_Rinf_s1_bg.npy,43536,f7ac49b842363971ba3bd5ce391aea6e87dd2fc8f07210d79f18c4b1c2b68afd
experiment output,02_data/runs/lopo/TH55_Rinf_s1.json,4266,c4ee39b5240cb37da1d8f36d82a21f232938d32d8d63e2a883313f4e140128ed
experiment output,02_data/runs/lopo/TH55_Rinf_s2024_bg.npy,43536,2873c24e294b996173f0fcdbda5bf96cfde13b3db41c98abb754ca081b5e0abd
experiment output,02_data/runs/lopo/TH55_Rinf_s2024.json,4268,0b23c3ebf7e1e354d95d9973a22e0602dce11275f6e16d9bd4d0c6210d6c2a84
experiment output,02_data/runs/lopo/TH55_Rinf_s42_bg.npy,43536,b16d74b9f458060ba19305228ad2ca38f9f141c41e9aa167a8d4735241a96b64
experiment output,02_data/runs/lopo/TH55_Rinf_s42.json,5117,b386270ebbd0fc469b661576ac859a758eb858988b23ad8833b1bcfe75b35076
experiment output,02_data/runs/lopo/TH55_Rinf_s7_bg.npy,43536,2818ce9d746c896617199238fe1d1c423a3bc0f2200b72b829df0c539e68f66e
experiment output,02_data/runs/lopo/TH55_Rinf_s7.json,4258,807d5b320131f04831f10dd306bb7b5a5239c40fa6e1c3c45a30f9fafbd2594e
experiment output,02_data/runs/lopo/TH56_10km_s0_bg.npy,44576,91ee3d34a51d79bf6ee05fabf6a7b6255bbdf1e47faf6b09abbf8f0de65afba4
experiment output,02_data/runs/lopo/TH56_10km_s0.json,4258,1502795a7b985eeca2b6aed92dfb48044133f8ea87c187e3cfccdce63df96d86
experiment output,02_data/runs/lopo/TH56_10km_s1_bg.npy,44576,b5bf698f1c0fe0c06a3a2e49ee65a7911795c164320a533db19ec42f2bc44e57
experiment output,02_data/runs/lopo/TH56_10km_s1.json,4254,76b5307f8fd48740880e734aacecb06b50d435160125b8bf3ea4c17be3ea6407
experiment output,02_data/runs/lopo/TH56_10km_s2024_bg.npy,44576,ec5c43bbb2fa7d8a9b77badb720eae6bec7dcbaa028a97ec6687843fe26de3f4
experiment output,02_data/runs/lopo/TH56_10km_s2024.json,4250,c4954e5b88f6a1643ee846c3f4288c890d7ddbbd538f56fe04fa275261dd39d7
experiment output,02_data/runs/lopo/TH56_10km_s42_bg.npy,44576,ff5db767ac121801bc0000b86ac196616703b5af72bd8b38c542da3e6f2821e4
experiment output,02_data/runs/lopo/TH56_10km_s42.json,5105,ba6c95600ce7695c233a126c88bd6a431e672ee5820d45662023e06df629f2a7
experiment output,02_data/runs/lopo/TH56_10km_s7_bg.npy,44576,be8340e227db4ded6b1f506cda180720146655535be34dfe3766d21f3026fbf4
experiment output,02_data/runs/lopo/TH56_10km_s7.json,4248,54b6bb6865e22f24aa01f26964e5d4ce5fa7244db93dc151ed90ad270f470824
experiment output,02_data/runs/lopo/TH56_1km_s0_bg.npy,44576,090312960683c58f1960ff42ef664a94e6ef3e7dc4315efc6bf635664235480c
experiment output,02_data/runs/lopo/TH56_1km_s0.json,4231,d126cfbf062af02cebbeb2266e1d4913e7fb3e794df0e65da83645171de43352
experiment output,02_data/runs/lopo/TH56_1km_s1_bg.npy,44576,c0e4f8550586371b26f83eed82ae65c7863b6aa7efcad05247a6dc27e910eea1
experiment output,02_data/runs/lopo/TH56_1km_s1.json,4241,cb92636674eedcf67829c45b733988fe7d25c556025fece139819a99e4fb3e61
experiment output,02_data/runs/lopo/TH56_1km_s2024_bg.npy,44576,70f76de3f3f7dea68ae236ed01d87507cdd6b4b82713d1adc573af178147347b
experiment output,02_data/runs/lopo/TH56_1km_s2024.json,4245,55ffed245c7c9ad77631b634d0ddc285061e237cad4cb5a5e38bcc367c13b594
experiment output,02_data/runs/lopo/TH56_1km_s42_bg.npy,44576,9e287124e742eaa1f127669d2f125610b8876e73bcbdb2c1449d6bff5c2b0bba
experiment output,02_data/runs/lopo/TH56_1km_s42.json,5083,881b8e101b7dd5d70d480da9767f80242a5f2f2be2d9560623299e43125e2019
experiment output,02_data/runs/lopo/TH56_1km_s7_bg.npy,44576,7c05ec8dcced5a69217a21a4a85ba44fd6465649393dd35af7c6d42ab0c70269
experiment output,02_data/runs/lopo/TH56_1km_s7.json,4239,869e1ca924a6b71255016f7257ca9af6a2507d9ed9b5ae0b6676408487ea617b
experiment output,02_data/runs/lopo/TH56_20km_s0_bg.npy,44576,5ef4718461d4e6ac9a213a7cb79e4f42fe005745cb5b5f6ad43fe1950600d291
experiment output,02_data/runs/lopo/TH56_20km_s0.json,4268,cf6323417065be53336df01aee859155be60b7ec29b0c06c1386bcef1ff47fd7
experiment output,02_data/runs/lopo/TH56_20km_s1_bg.npy,44576,550215a96e0266cdf2b76cd0e7f260b0457cf3c625f805ba21da9cf855c519eb
experiment output,02_data/runs/lopo/TH56_20km_s1.json,4263,c03436bcce129ddbf19f3a5e98ba3eab528628c0d51b855bec9bccf52ff99178
experiment output,02_data/runs/lopo/TH56_20km_s2024_bg.npy,44576,9d2148a63e77ae22da6fff3668479e440074baa378de4f49db2277a3deb13841
experiment output,02_data/runs/lopo/TH56_20km_s2024.json,4257,ab86651dc885c65cab0db0ac0a35a11d68a756c203484dbbd8bfd051e1988602
experiment output,02_data/runs/lopo/TH56_20km_s42_bg.npy,44576,22c5221533fab71e1515e89d8930e9491457273cfb4bb320998592b37a28a509
experiment output,02_data/runs/lopo/TH56_20km_s42.json,5108,278f893bdb951b6db7bf844f519c1c42e10e3ff0c07aaa93121db02568a5005a
experiment output,02_data/runs/lopo/TH56_20km_s7_bg.npy,44576,21647a2226faca0dc6698fe5a650b457858228b4b06e99238d1f83af3b3e422b
experiment output,02_data/runs/lopo/TH56_20km_s7.json,4249,943fbd8d2b8fa261f9822a9a969dd9788679197bb9a4a8b1e52bbd48824b6765
experiment output,02_data/runs/lopo/TH56_25km_s0_bg.npy,44576,40e63198d6c9f5735ef928368167403597ec81aa52b546f61347dd0c6077c682
experiment output,02_data/runs/lopo/TH56_25km_s0.json,4258,03ec214c2d77cef02e4e7f480bf64fc91e43e4c90b784141516cb97bc183a0d2
experiment output,02_data/runs/lopo/TH56_25km_s1_bg.npy,44576,cd8abe9d45400fdf7b1c4861ecee1e2565f692bbf907c495e296b211fcf609de
experiment output,02_data/runs/lopo/TH56_25km_s1.json,4257,5c6aff5bd57b38388db32c6d2a0615bc99737689d38e91dbfa3e1ad27919bb85
experiment output,02_data/runs/lopo/TH56_25km_s2024_bg.npy,44576,bd152c618ee895b1ce2b81e95c9aac30f955f55738ed653f3bdf1f5d82ea8bd0
experiment output,02_data/runs/lopo/TH56_25km_s2024.json,4260,6bd629f526667c7c80d8f6f687804670af4dcff8502da4dcc9569f83a052a562
experiment output,02_data/runs/lopo/TH56_25km_s42_bg.npy,44576,cd56f3e8d5e238133cca8208bd2718a1dc4900bedbbdbe1eccdb88bbed32249e
experiment output,02_data/runs/lopo/TH56_25km_s42.json,5100,7118e208ec71e650ae089a6e6d3c8d7b467cd71d6b3a15b36421c9bf4d1955ae
experiment output,02_data/runs/lopo/TH56_25km_s7_bg.npy,44576,59216e700fc173c2e2aac807bdf2546a0a29ba8750717ad0ae69f25162eed4dc
experiment output,02_data/runs/lopo/TH56_25km_s7.json,4253,51189c1bf260b855d9f9b397d8599ff4f1ff140570dd45d9d8648988171e84ac
experiment output,02_data/runs/lopo/TH56_5km_s0_bg.npy,44576,c229db16a57786fcc14636ee91f1192cf7c23de0f224557028897ee0c8eb64b2
experiment output,02_data/runs/lopo/TH56_5km_s0.json,4248,80c388a94041c78e2f388e3ca84f2fb63e680b01b486783254039c6ee13b75b5
experiment output,02_data/runs/lopo/TH56_5km_s1_bg.npy,44576,76dca2ce5dcd4450715ed8acab7562a977595a634b0d236ae27dedc1c96e0ec8
experiment output,02_data/runs/lopo/TH56_5km_s1.json,4254,d403bfd76036567cacb21d1e0d0eb9e543a91ebfb0dab7abcfda40cc8bb5b5a8
experiment output,02_data/runs/lopo/TH56_5km_s2024_bg.npy,44576,8971c5e997663c203e0fc68163388658f9a1ab9ff70a74a92931ae72bf0413f2
experiment output,02_data/runs/lopo/TH56_5km_s2024.json,4252,ef2d57aa3e964776d7a7ef588ef584a9c2c7325b5c6a13734a1f321716380302
experiment output,02_data/runs/lopo/TH56_5km_s42_bg.npy,44576,4b6e3f058d6b8bf39831a9798b430e1ccfe9225652f63acc355ba0f12f3debf3
experiment output,02_data/runs/lopo/TH56_5km_s42.json,5107,12e9f171d47e70489201d724a41cf1e494d3d0a50763c2c3be02e9d219d34c28
experiment output,02_data/runs/lopo/TH56_5km_s7_bg.npy,44576,e9b41486059ed767f4bcd9f3ce9c4dabdb04fa3cd4b16a451d89fffc8c389059
experiment output,02_data/runs/lopo/TH56_5km_s7.json,4249,3d39d45df6738878a920c34fdcd18fdd2ff4bc88d072ec47ed3e873840ba8d2d
experiment output,02_data/runs/lopo/TH56_Rinf_s0_bg.npy,44576,e7e8aaab43ec70e16636f723eff65692ae25ca0e8caed823d924389abbae0a8c
experiment output,02_data/runs/lopo/TH56_Rinf_s0.json,4256,6ae8884f4dad153027ffc9a4cc3becd7e0da4991c8e92347530d1091c307a2db
experiment output,02_data/runs/lopo/TH56_Rinf_s1_bg.npy,44576,c7e5a3609df47255117d58cf45fa3fda6f34602a46fc6a58186f815ef899203e
experiment output,02_data/runs/lopo/TH56_Rinf_s1.json,4255,ab1ade42d2db017194a9c843d551fb74f228a89829d241e6788b8b5a4786f22b
experiment output,02_data/runs/lopo/TH56_Rinf_s2024_bg.npy,44576,ac3f6052c80f14afab88d400c483a5671c04bdffb1bf429f794cdefa6354e96e
experiment output,02_data/runs/lopo/TH56_Rinf_s2024.json,4259,f0fbe72c663450815775aa398f5b1ce1af0b70a8aebcdae2b917e627430fc804
experiment output,02_data/runs/lopo/TH56_Rinf_s42_bg.npy,44576,4f4c19ca6f6ec0039af6af0463a123bd18a75799468e79d635f2c0da5378a46b
experiment output,02_data/runs/lopo/TH56_Rinf_s42.json,5098,8b515730a5023b1ecb6d4ce4a07be662b8bcdbb50de2b81ddcf84bc3330bd076
experiment output,02_data/runs/lopo/TH56_Rinf_s7_bg.npy,44576,ae09892b28f5deddaf1d77a6408e094a8d84cb7bcd30d03d6492a52c9f033c7d
experiment output,02_data/runs/lopo/TH56_Rinf_s7.json,4250,ed56685c27e7a6ccc553f9da40fc6af618eb9ad6a3ea5c4fd7e8c3f7df3d7521
experiment output,02_data/runs/lopo/TH57_10km_s0_bg.npy,36928,b1bee3ca7723ac911110fa3de6c994fdd3b49042d5210d53e6c1fa70c282def5
experiment output,02_data/runs/lopo/TH57_10km_s0.json,4257,d67fc65afe9f4d609f3871309ccc6763662f3bbc535a271d0e4e378ca4dd68a3
experiment output,02_data/runs/lopo/TH57_10km_s1_bg.npy,36928,1632c993394a86f0aa25e50710c6211f9511236359e14734c5bea3529ab9742f
experiment output,02_data/runs/lopo/TH57_10km_s1.json,4262,158de0450352b2741526ec69c2ba0016ccb3fe086300b828852c709272fb2265
experiment output,02_data/runs/lopo/TH57_10km_s2024_bg.npy,36928,6d8d60eb6c4b275c70f0c46a41c20c0ee5f65eb2e252b43f6e39a592f3f1090d
experiment output,02_data/runs/lopo/TH57_10km_s2024.json,4262,83c965999c26608e2f5ac7d374e9c5200841df8a4b47a944b64616ab2eea085b
experiment output,02_data/runs/lopo/TH57_10km_s42_bg.npy,36928,6e3c3555bf7a084f915ebf5d2043bc0f9b3220d1f79d25215c071d2d1948906b
experiment output,02_data/runs/lopo/TH57_10km_s42.json,5105,b86bb11d29761cc7c169c6fe07899d7f0ed062b4f9056914a59b8e9bb47d5220
experiment output,02_data/runs/lopo/TH57_10km_s7_bg.npy,36928,f9632aa0bc603d40b96abfe5624264272df302235a2ecf33a94c760430e7b3bd
experiment output,02_data/runs/lopo/TH57_10km_s7.json,4251,90141a9b016bb80419cc19bac7e2d62d27ddfd2bc1e4aa02504b4bac2993f720
experiment output,02_data/runs/lopo/TH57_1km_s0_bg.npy,36928,ac53c1c2e05f0b00b4fd85e09c9a3c020a3f047bac28a69cbd1495b50ec83cf7
experiment output,02_data/runs/lopo/TH57_1km_s0.json,4259,5f6eed334114d5f88c04e0850ec7de25c244eab39ea9c9382e8e79038777f75e
experiment output,02_data/runs/lopo/TH57_1km_s1_bg.npy,36928,0ede4381a4856ba5656e5cd9d0dae3c7b291e80fa68d12605402e4f58fb012c9
experiment output,02_data/runs/lopo/TH57_1km_s1.json,4251,d1d27b3d6d429ca7e8697c6f85fafd3d0a5b367275764c58751ad898b03d0bc9
experiment output,02_data/runs/lopo/TH57_1km_s2024_bg.npy,36928,a4fc1ee1deca58179802a71d3bd9d12658846e97a85f587164c428cc3f982b9b
experiment output,02_data/runs/lopo/TH57_1km_s2024.json,4268,52ba4b588704076f8483adfde4dbca0780e63986d18571a278be18166556233e
experiment output,02_data/runs/lopo/TH57_1km_s42_bg.npy,36928,994782118b6acb6a38bb46a12d4defde01c14e31db5c0b95c5e6cb28ea93fc70
experiment output,02_data/runs/lopo/TH57_1km_s42.json,5109,4665efad217b409b3cdb64c0b1b8d8a55df309892898cfb2500651f972d25259
experiment output,02_data/runs/lopo/TH57_1km_s7_bg.npy,36928,2a74175c4f1b773f0b4128a56d17683ac85b6bd9da9444a716d85c6690bb350d
experiment output,02_data/runs/lopo/TH57_1km_s7.json,4259,820157b31b34c5a16dd2a4fa21d54868b113285343bbcf8d4b4548e23a83b73b
experiment output,02_data/runs/lopo/TH57_20km_s0_bg.npy,36928,13b1f8a17a7ff03d80e37ff46c971a3d6f43dfa87ab730d20bdeb64f24d8b208
experiment output,02_data/runs/lopo/TH57_20km_s0.json,4264,96d0bfb40df383c95c66babf0108a48416aaf78792612f3363eab24a51ee3ef4
experiment output,02_data/runs/lopo/TH57_20km_s1_bg.npy,36928,cd8c40d0f86fb34e75d3001423cb6515b9673b2f5b4444d754a9f58b3ce10089
experiment output,02_data/runs/lopo/TH57_20km_s1.json,4257,70450ad3f0dd403243f5681fd5a09edd5ff7a77c838df0f433a8e4d4e7023b25
experiment output,02_data/runs/lopo/TH57_20km_s2024_bg.npy,36928,405811ce64b91d1c66bc408167c562df90f5a705888176d8278e8fdcaa8e30d2
experiment output,02_data/runs/lopo/TH57_20km_s2024.json,4261,11588883ddfb6a4db74c17cd32a93bc4f29b9b4e06547ab18de5ea43934ad560
experiment output,02_data/runs/lopo/TH57_20km_s42_bg.npy,36928,73854d2028bb1194c38cbd497d2d811e8022d6481d46dfb19142e0ddbfc0e8c7
experiment output,02_data/runs/lopo/TH57_20km_s42.json,5103,2b8d6fd340049cc577a53a2a78deca8634855fdb2841339c7ccdf0e62c1fef1c
experiment output,02_data/runs/lopo/TH57_20km_s7_bg.npy,36928,c91f20e1a5ce081587a9a6331321e2e5e03d7fc888593c305578be9ecfbd268f
experiment output,02_data/runs/lopo/TH57_20km_s7.json,4261,782dd2dbd371affa23b28c18058d0c9b98c0502928bcdcac0b2547ca4ad6d2e8
experiment output,02_data/runs/lopo/TH57_25km_s0_bg.npy,36928,683cda3683a3efd654aff11701b0fde0ea574adfaf165cd0e5f0b3fe49fc412b
experiment output,02_data/runs/lopo/TH57_25km_s0.json,4265,f757817d3f2bd1f05b3a35e3bf61cb26a6a6b420f336db597403e5ffdfce4920
experiment output,02_data/runs/lopo/TH57_25km_s1_bg.npy,36928,b13339eb9d7ae5164a6129c1f98faae2390887609640087873a0beb4ecabf058
experiment output,02_data/runs/lopo/TH57_25km_s1.json,4249,9571101af0498e8186b9578d491a71a015cc7c3aa9eaa46a5e1b38d16eb60db6
experiment output,02_data/runs/lopo/TH57_25km_s2024_bg.npy,36928,047b668d51fc5e5094d991b1c55728f33150370c2a93b53422971a519a51dfde
experiment output,02_data/runs/lopo/TH57_25km_s2024.json,4259,82a423d6f12afe5df371468677183f33b11654e872e1c75470adf048223bb5b1
experiment output,02_data/runs/lopo/TH57_25km_s42_bg.npy,36928,697493d2fa5a09e4246033941a2b7577630eec6d18e0274639b3c49b67f2df26
experiment output,02_data/runs/lopo/TH57_25km_s42.json,5110,7dd4bfda8ae4a311567bd630579a9b62ef30d0dcade14975a45337cdbb0b79c5
experiment output,02_data/runs/lopo/TH57_25km_s7_bg.npy,36928,c4c6c85c7ccdd45cb9bf8a2de306df8a61903b6daad706611b434bfa234237a0
experiment output,02_data/runs/lopo/TH57_25km_s7.json,4262,ca3594fec85c423c61e255fab43d4e24f84a0cec2767eaea023b85b5c03003cb
experiment output,02_data/runs/lopo/TH57_5km_s0_bg.npy,36928,2ef20d2af3fed53578063fae602d7a915c0be0a7f08cdfe371ee9b06683dca21
experiment output,02_data/runs/lopo/TH57_5km_s0.json,4258,e15c8614eba6118fa5e34185da1c442d04b8fc08e1ca7ef4b02cf531b822c8ef
experiment output,02_data/runs/lopo/TH57_5km_s1_bg.npy,36928,fa30ea778d50e173e6dc29733c33a292a0aa4852693fbc34b8e0f2ce14bf4e8e
experiment output,02_data/runs/lopo/TH57_5km_s1.json,4256,167a0ff1ee8a4789011010a6650d6eb92e70014e00a8c5846ede43a2d11beb3e
experiment output,02_data/runs/lopo/TH57_5km_s2024_bg.npy,36928,07c6c9ac36c0816efa054e33c5a083a6ffdb85b61492f12d5043ebaa9576a719
experiment output,02_data/runs/lopo/TH57_5km_s2024.json,4256,0426afe4f732ebfc96aa8ca9ebaef6566bcba042f9f29aad303292e597641712
experiment output,02_data/runs/lopo/TH57_5km_s42_bg.npy,36928,9495391ede567b7c0aad581bb536116fa52e3a0a8f9b073cc74c122623285146
experiment output,02_data/runs/lopo/TH57_5km_s42.json,5086,34bd650810dd92a8c41fdeae385840bda278c98729b5e40b2ef00f1785fd14ac
experiment output,02_data/runs/lopo/TH57_5km_s7_bg.npy,36928,acef31c0377c26b1add18fe167e65c56b64fdb21ce021b9fa6cc445e71f40bd1
experiment output,02_data/runs/lopo/TH57_5km_s7.json,4254,085157d9d64f07622efdd01179a1718747cd154a457eb78e9412c5102636b699
experiment output,02_data/runs/lopo/TH57_Rinf_s0_bg.npy,36928,7b3c5d9ccf08eb4b1f75aaac2b6b95047678bb55bd6274bc8b603070a92a83db
experiment output,02_data/runs/lopo/TH57_Rinf_s0.json,4251,3356707a11a021f749249fa1ab581b9d5028d380268ac6d69016d44fda34b7fb
experiment output,02_data/runs/lopo/TH57_Rinf_s1_bg.npy,36928,dd5b4afe74e1563fb543ec0915a6777a6eb81613b99fde50a79707d0a389719d
experiment output,02_data/runs/lopo/TH57_Rinf_s1.json,4248,4c68e3746820aea6284e704d67ea4f4c57e3808e05337d55248d4b92d69a3e36
experiment output,02_data/runs/lopo/TH57_Rinf_s2024_bg.npy,36928,1e46c55e289e5606d005e07d8a3b45f719afc110f19fca8460f59c2e8c0f235c
experiment output,02_data/runs/lopo/TH57_Rinf_s2024.json,4265,10068d189bc3225df7f097dc6a7d60ff34493e42c96fa414d9c138122e5c2adf
experiment output,02_data/runs/lopo/TH57_Rinf_s42_bg.npy,36928,9af13ea1927ec3e8e10d789f4be3aff98478751c8616c9c756902b9b3637fc5f
experiment output,02_data/runs/lopo/TH57_Rinf_s42.json,5115,089c5671d7ea97b3cb44dd11327fc23715fe57ee8cfeffef51cc344754103413
experiment output,02_data/runs/lopo/TH57_Rinf_s7_bg.npy,36928,622e4350221fe3e0d4037e6a9976955ccf709dbbc4a50a08aaad8556318a0390
experiment output,02_data/runs/lopo/TH57_Rinf_s7.json,4252,5b4ce97bcabbff3e20d318ddc84a84b212a876d764fa217fa938a5e8d60af2e0
experiment output,02_data/runs/lopo/TH58_10km_s0_bg.npy,45024,c974691c58a850c8932fcdd5526664e3bb321501f5700a14d754ec3647346bf4
experiment output,02_data/runs/lopo/TH58_10km_s0.json,4268,33f235b77b87099fcff67fa576fe35bec500f5b940404ac019e0ede1bd1b3436
experiment output,02_data/runs/lopo/TH58_10km_s1_bg.npy,45024,cc00ed81922a0745eb1335e356090535991716ba8a3f0ae8d3285991860f8b82
experiment output,02_data/runs/lopo/TH58_10km_s1.json,4260,35b054100c2a69bbabc538c0d7478a9863d88049a2235517774a9f06cc8f7bdc
experiment output,02_data/runs/lopo/TH58_10km_s2024_bg.npy,45024,5f76cd728669e558f7ed65c1613428aeb84e09f191e1c79ea90c579f719679f2
experiment output,02_data/runs/lopo/TH58_10km_s2024.json,4264,cd779a58ca3cc41df8a1802ae0ef2e5117c5b7a12fd4acf3eb01cfbd52501841
experiment output,02_data/runs/lopo/TH58_10km_s42_bg.npy,45024,1db73e318b3900a861ac9df9cb51088c15587ef9d831874fa43a27160b9b3456
experiment output,02_data/runs/lopo/TH58_10km_s42.json,5123,0209fe487b57231cca6ff7d9d24da739144fdcc2877f521021a460f12ae626ff
experiment output,02_data/runs/lopo/TH58_10km_s7_bg.npy,45024,0aa4b15213acced570d2c5b7de7b5a082723301e171a9573f275c592cd903787
experiment output,02_data/runs/lopo/TH58_10km_s7.json,4239,8c25cb63ec0f6395530ea942352e4806607012539f57ef7f9ec4cbaa8de595ea
experiment output,02_data/runs/lopo/TH58_1km_s0_bg.npy,45024,bcaa8b71da08b824396ea3e1b36d083ea3086de03ed1441f902ed9a4f9d0c28f
experiment output,02_data/runs/lopo/TH58_1km_s0.json,4260,6dc532f046ae6ecf8177443a5ec2b7afad37e06afada02dcacf3706434aabc33
experiment output,02_data/runs/lopo/TH58_1km_s1_bg.npy,45024,479f0c0bd2100184801201b6d53e467ebc1b565674dad3dc16b2b7c583635fd9
experiment output,02_data/runs/lopo/TH58_1km_s1.json,4210,c1b5add66c02524a4037b278fea9a7f848697c7f9544f0e166ba9be00b7d3e66
experiment output,02_data/runs/lopo/TH58_1km_s2024_bg.npy,45024,119bd824072012b0da984f590d2bc534416fec939238b2b5dc5ca11b740babe9
experiment output,02_data/runs/lopo/TH58_1km_s2024.json,4251,8a3aaedb4445abcef06eca244a720d5feea49929030d3a4a361b0164aa19ab5f
experiment output,02_data/runs/lopo/TH58_1km_s42_bg.npy,45024,1efd766009603ee7a8416504c432e967396cde539d74ef06253e7810e0a7ed37
experiment output,02_data/runs/lopo/TH58_1km_s42.json,5077,a5573027d40d2955f7a8bbd565e6b9e6f20c57358cbace1c8c7cb6789efd9ab0
experiment output,02_data/runs/lopo/TH58_1km_s7_bg.npy,45024,042e5b4dc10131d198e098e6ec7dce50afd306d38962addfdf33693e5abdec25
experiment output,02_data/runs/lopo/TH58_1km_s7.json,4226,b2ab8196a5033c000a46d4559b553fa0bf54cbbd2a6f0f2b0a8230d20524cc23
experiment output,02_data/runs/lopo/TH58_20km_s0_bg.npy,45024,b42519193fd26195a678fb8e3ee6f294ace346e81e85039ee0ad99fc8ddeefd6
experiment output,02_data/runs/lopo/TH58_20km_s0.json,4275,784f352bef80db1c5acda531ceada21d555491884ccc0311ad1f4bc6c6caae85
experiment output,02_data/runs/lopo/TH58_20km_s1_bg.npy,45024,766f9c42ed0c8ec4e3cab61a71e83b6bacbcb106365e99b51861fd1085b077da
experiment output,02_data/runs/lopo/TH58_20km_s1.json,4256,d9d656ccb8cc117df16a8dbacb92c6ec2eea8846731afeb93166c70b92b362bc
experiment output,02_data/runs/lopo/TH58_20km_s2024_bg.npy,45024,48ce76c0cffa10001cbe9f3aeae03fffaacb50f81f4a3d5f0bd9d55c82253876
experiment output,02_data/runs/lopo/TH58_20km_s2024.json,4267,60140027d23d95ed937f939f4025c9728ef4c63e152b20d548f704d786e958a0
experiment output,02_data/runs/lopo/TH58_20km_s42_bg.npy,45024,778dfba05060a00d6f8e4303153426a8fd9bc2242321703c80d4aa4677b2246d
experiment output,02_data/runs/lopo/TH58_20km_s42.json,5101,fd3f8e3768d19873c267724074eeb78942c26429b36bd9306cdb0895d72f5f3e
experiment output,02_data/runs/lopo/TH58_20km_s7_bg.npy,45024,1b644be32bfd7b040f6e464b48f738d8059ac7255a3aa24b8b20a019c6e4a2b9
experiment output,02_data/runs/lopo/TH58_20km_s7.json,4266,2fed9a6a97474f7abf16a435a31d3920c4ab6d15843b03a26090dc0f72b3ac0b
experiment output,02_data/runs/lopo/TH58_25km_s0_bg.npy,45024,52252b7d56e89f132b4cfdabfd9edeafa227b3bf9fe88443d67f7a6d5afde9ce
experiment output,02_data/runs/lopo/TH58_25km_s0.json,4272,5ff5792abce51970f937b5347bbe96bf91db3930a2a103a6bfead52b766a848b
experiment output,02_data/runs/lopo/TH58_25km_s1_bg.npy,45024,748c6e0748cb5aa7dfc1387bb1a7c1b54c0eb2e075a8a796462e3f2bdbf335bc
experiment output,02_data/runs/lopo/TH58_25km_s1.json,4273,b09b711d6ec112e48dc18af700897acdbdd6333c0738d638bc9bc1d0e55c20d3
experiment output,02_data/runs/lopo/TH58_25km_s2024_bg.npy,45024,54c20f3b5aa31081784fec7e222dede2cc9d7ca066dcf8a37b0e6e06fe05641d
experiment output,02_data/runs/lopo/TH58_25km_s2024.json,4273,0ae2ac5ee7b8f66a9d4b2b9a80dab6e9224012b6e855f4223344091eba048293
experiment output,02_data/runs/lopo/TH58_25km_s42_bg.npy,45024,745abef66b16ac6051e801b00a7d473325a917bdc47238788d1c7a10eb07d055
experiment output,02_data/runs/lopo/TH58_25km_s42.json,5073,1c147b7fef0031c19a65c216ee379ce350884d5f2a78dff8205014e29514e1ee
experiment output,02_data/runs/lopo/TH58_25km_s7_bg.npy,45024,4e536c1a98141b5c4e4bda1e66bf8af276ab909d786769381d56bd8589e476f9
experiment output,02_data/runs/lopo/TH58_25km_s7.json,4267,6c118d63782eb102316b1e49f7f1652c9ca4c6470b40bea0a2b4bbcce16ed31d
experiment output,02_data/runs/lopo/TH58_5km_s0_bg.npy,45024,1c998f0c839a08630c0ddbdb82d23b4f3be2ea7a4c8e5288c86b4cef5f96c105
experiment output,02_data/runs/lopo/TH58_5km_s0.json,4247,d724aba002d1e86d4ac7697f6eb32d5e446434232801bb2df6f9bc9e88738fd0
experiment output,02_data/runs/lopo/TH58_5km_s1_bg.npy,45024,b8142947a7f5c4fdc3ddea7f980b9c3d7d806704578ccac9098033844cd40412
experiment output,02_data/runs/lopo/TH58_5km_s1.json,4223,cd195c2beff98cdd774a643dbee706bc4febc3dcbac57ca9e0388f30a225d57e
experiment output,02_data/runs/lopo/TH58_5km_s2024_bg.npy,45024,70ec670eb8dc9a6d9dd73fda660680936baf59e93135ed854ea4828f87a0429d
experiment output,02_data/runs/lopo/TH58_5km_s2024.json,4265,9d8f68ebd9870342e515ebd3f1c1fbc5196f6a8d4e0b988420f28b919a4cee11
experiment output,02_data/runs/lopo/TH58_5km_s42_bg.npy,45024,97c6ed09e5ef1098fdd29578681dfa07263005afb4b6e154f53191dd4e83766e
experiment output,02_data/runs/lopo/TH58_5km_s42.json,5104,c9f70360bf27db411520bfb6d4e5ebb8e516c842d5d2d87ece964d3d04193ecc
experiment output,02_data/runs/lopo/TH58_5km_s7_bg.npy,45024,d16369db0347c32b375d167d7a1a64d849546afe57efe49b456adc55aea82eef
experiment output,02_data/runs/lopo/TH58_5km_s7.json,4248,b606dc43eb9f776bcdd8ad5a179c6c557349f80536d0eeca114595109ccf048d
experiment output,02_data/runs/lopo/TH58_Rinf_s0_bg.npy,45024,13edf74dce8fbdef21e0eec5bc0900c653b590837e41b4251fead1cba475f492
experiment output,02_data/runs/lopo/TH58_Rinf_s0.json,4268,807f1d8abeb8148592509c2b16443bee84e2d141697e49eb7962a876f8b355ff
experiment output,02_data/runs/lopo/TH58_Rinf_s1_bg.npy,45024,3ce7fecf43daf8aca474697d034044868d6c467fcaa91de8a643ea31cb1608f8
experiment output,02_data/runs/lopo/TH58_Rinf_s1.json,4273,674e4fd0a8174979bbeb2ba5155a5aeb856b7c547b9c85fe768c0480d1a55eb2
experiment output,02_data/runs/lopo/TH58_Rinf_s2024_bg.npy,45024,de07d64be3666d6c6255bb226191cda514e053506be45b7e906a8824e096f452
experiment output,02_data/runs/lopo/TH58_Rinf_s2024.json,4263,a7e377700268cbe48ff7abbfe0d6e10d251a3813fdfa5d2244d12686a1da68d2
experiment output,02_data/runs/lopo/TH58_Rinf_s42_bg.npy,45024,5dd0cd551509f6a5975020c6a40791e38cfd91f6abd5c314571f45684a23da4d
experiment output,02_data/runs/lopo/TH58_Rinf_s42.json,5103,092c4647727db0fbf358d0c01b11588b044f7c449f4e78e4f0db2f1339913e28
experiment output,02_data/runs/lopo/TH58_Rinf_s7_bg.npy,45024,c620b7819f260b21a314d2fb8b345d7c86bb9732966ace6a96f0b8519802d16a
experiment output,02_data/runs/lopo/TH58_Rinf_s7.json,4270,f0c62d73b63a887834ca61761cf954940eda2b1137a57939633cc43c2a575e76
experiment output,02_data/runs/map_similarity_by_province.csv,644896,7bee4972bac7a38279d7bf2ed498246b5387d28df9c9e8d8b0fce5a4ce689f1f
experiment output,02_data/runs/map_similarity_summary_across_seeds.csv,169958,5886be91e920cbd29822b45ee2cd8f46a6653bbc10cf6b96aaaf15166054c71b
experiment output,02_data/runs/shap/background_cells.npy,928,50ebd13957ec56e551d24656c7984f08481fe76f4cac8f276b81568abd912945
experiment output,02_data/runs/shap/explained_cells.npy,8128,7503b5227a97f2471c201b3efc9f886a8d212c095eaa4630ea00e07add1986fe
experiment output,02_data/runs/shap/shap_LR_10km.npy,88128,534d8cc75c69581ab8490733f5f84f13a6cc4f7d9286ad320ee5e779ac6db361
experiment output,02_data/runs/shap/shap_LR_1km.npy,88128,cd440830e4864939d6620b824f7346ec1583b27aca2921b07434d3f5931e89c1
experiment output,02_data/runs/shap/shap_LR_20km.npy,88128,17d9b26a23a57adff1c595f68c50174ecc0f97a2a50c3e901894728c48f8bc15
experiment output,02_data/runs/shap/shap_LR_25km.npy,88128,8c971a9bd0f2f957b339286ba0044d7a08c5707ffe18d6fb810936d28da1cb2c
experiment output,02_data/runs/shap/shap_LR_5km.npy,88128,c905e1772bfd09a7f895e72b09f94fb46cfbfb08eb89bfa86e2e073ef49ddc09
experiment output,02_data/runs/shap/shap_LR_Rinf.npy,88128,e41eb8baf94d72c68febdb86248e17e67389f414986e06ea8f44edcfdc706758
experiment output,02_data/runs/shap/shap_RF_10km.npy,88128,4d37b6e9e522ebcfe72375a9f30dbe13fa3db3538353a87762e4939dd4359b22
experiment output,02_data/runs/shap/shap_RF_1km.npy,88128,5df5af6c1998667497d2fdfd5a1430a4a0b8f1512b9d904841fa42208b17a760
experiment output,02_data/runs/shap/shap_RF_20km.npy,88128,8f8c3e1b6f3e7a68d33ecbc9b344ca991dd6f25b539b7f4ec14c917a9af4c6bb
experiment output,02_data/runs/shap/shap_RF_25km.npy,88128,98df3cafa1b47497d454372764be6da88f6be7e53543e297510977c41144c490
experiment output,02_data/runs/shap/shap_RF_5km.npy,88128,f2a066f205e700d97bc66d6f3d09b8edb32442bf9154a9c3e3c7517d5b7625a7
experiment output,02_data/runs/shap/shap_RF_Rinf.npy,88128,4273cfc37ee9451878173f9e44c319878f0a8b62b3f425a765a7edaad85ce95b
experiment output,02_data/runs/shap/shap_summary_coverage.json,55,b4d197acd5d93e59c360a4debec90cbec2780410fdab8fbcba52245a6e234dfc
experiment output,02_data/runs/shap/shap_summary.csv,12388,166f7a61762af1ccb33e2d3269a134230b09a519fb467abf930e21e5f6908106
experiment output,02_data/runs/shap/shap_XGB_10km.npy,88128,253e4ca70c59bd786547ec49c6bb79ec20ebd702690bffad6f30c720745e6940
experiment output,02_data/runs/shap/shap_XGB_1km.npy,88128,8bb14c60591d4ab8af891ab48a8f60883f9a14a4b295740d22059d46e34291a9
experiment output,02_data/runs/shap/shap_XGB_20km.npy,88128,e4a006aad33833c5908945742aebaadfeac50da10857caf731786fa71ca9a2a0
experiment output,02_data/runs/shap/shap_XGB_25km.npy,88128,8efea4486b42316e7249a362227aa9d087a656f7228b76c26667db52ea7e1446
experiment output,02_data/runs/shap/shap_XGB_5km.npy,88128,30016919ab5fa2568fb0d48907609dd9de5b30ce49bf3d5b77cb2638b3b0e55f
experiment output,02_data/runs/shap/shap_XGB_Rinf.npy,88128,e96c847eb15d0f6fa6f2c0074be092553a767290d48de909cde1dc5f85414da3
post-hoc consensus,spec_sha256,,d8a067852b3720d83d2821ec851c25b3487f8f12926c743ca73030827a8d1857
post-hoc consensus,script_sha256,,6a3c8654c4782ba48812de3969287e840cb62c77bc0b47a9bbe702e3940a7e69
post-hoc consensus,RF_1km_s42.npy,,8a9d508bb5b115d22473c9978865a1b9a85ab634421485d3392f1cc496628cb0
post-hoc consensus,RF_1km_s0.npy,,d2021d29e057c3702b77104f6a4f309675c18c3f07ec9154f0f835110942e3d3
post-hoc consensus,RF_1km_s1.npy,,ed02b541f95c83e600ff5909a6985c64ea79e3347149c1c0d1308f2b88a63e46
post-hoc consensus,RF_1km_s7.npy,,9eb6719cbfa2d38f048ce945363f0197f9601e779864255a4b898a0763f88dcf
post-hoc consensus,RF_1km_s2024.npy,,b541f59d2aa15c858bb29508f9afbff2f50684996e27d71177e5470826712f1d
post-hoc consensus,XGB_1km_s42.npy,,924f4239bbfad7872d97004ef5a8a4513b0b2e3f9497b0fdd1358e659ce54769
post-hoc consensus,XGB_1km_s0.npy,,620eb64f791a4d29b597f103ed25958b772a09fb600fd1f0ee3c32dd83033be5
post-hoc consensus,XGB_1km_s1.npy,,aecd11ee9a0804003dd20d110e45d747ecd156c6b780443e349bd639e899f80f
post-hoc consensus,XGB_1km_s7.npy,,0261dbde8de83f08865848f8111f8c5d9bd3ecd6f74787381fd41221a8219421
post-hoc consensus,XGB_1km_s2024.npy,,9c25fe199f02f65b4245041700a90f3d43e43f04e368c2be1a657b10f5ba857b
post-hoc consensus,LR_1km_s42.npy,,8381a691c8d4ca2fb782ec7e5b875fb6d627d03bd3089531a93c5e98f3b99807
post-hoc consensus,LR_1km_s0.npy,,44cc184546caf6229ae640e1ebcd6bd3aa03cfce5c371babd9c0fa9c956fe20f
post-hoc consensus,LR_1km_s1.npy,,2719890324a1d2164bfd361766de7e92cb29968c8c1325fb38ff156d9cbdeb7a
post-hoc consensus,LR_1km_s7.npy,,af2340fdc02cb2600becc784f0dffbdf982e11d522102b567772be8327611ac4
post-hoc consensus,LR_1km_s2024.npy,,c8dca8e8a1ac2fe05163606186b8697da378baaead0f3cd0277b63c082644038
post-hoc consensus,RF_5km_s42.npy,,67809158f7e070f69749183413ab50e18d9d715c48c631a87334eb0a6e3cc5ea
post-hoc consensus,RF_5km_s0.npy,,6106055fdd5d6cb9d75e36d1d96976a0368ec50ee108fc878ed95c69a0886694
post-hoc consensus,RF_5km_s1.npy,,27b1d06c0f1c391ff8c70f8d766bd07b95709878efbc70f9dc012db08c8de804
post-hoc consensus,RF_5km_s7.npy,,30414a21425e4d80ab913ab4c76454ab82771b749f1e4e73e6759cc42d5448ec
post-hoc consensus,RF_5km_s2024.npy,,b63017f8efcb3cc00b2987488e57035f82aadfa2e4be7e7208e8e9e63359e700
post-hoc consensus,XGB_5km_s42.npy,,cd316a265d9babf3177b6796f7363862938419c1e819d0f9eeb22ccbf2e07c90
post-hoc consensus,XGB_5km_s0.npy,,eb0ce9803ce123c070087bba380c10b8385021158f415a5051796706ede554be
post-hoc consensus,XGB_5km_s1.npy,,949de7c511241e68cc7936a2e7043ac947c8d02a90e8e1c738561420ea949e68
post-hoc consensus,XGB_5km_s7.npy,,76e9cdd8df84e6ba64d74603cdaf7f7c74fccd6613d6b202b3a172f2f697198b
post-hoc consensus,XGB_5km_s2024.npy,,de95d513fc0704d447d4bd3b8ad69573df763df78662190893ef877d431e78dd
post-hoc consensus,LR_5km_s42.npy,,5e8ba2129f15688fcdd62c57266f5d5a0f0ea5cb6a3c3729fc51f67728281c23
post-hoc consensus,LR_5km_s0.npy,,7d4d13629c481fc2a6e5b8812f6e93959dfbd346ec7888975ef9131213a65db2
post-hoc consensus,LR_5km_s1.npy,,bbc0e423ef347e9de266cb83835242014ccc6dccb4f75b5fd3fa0789fadf6757
post-hoc consensus,LR_5km_s7.npy,,ed35dabafb0905d4c1ea76d7d11ed63ed895f436f4f1309589aa89bf324890fa
post-hoc consensus,LR_5km_s2024.npy,,0a2226e5809be0c2a498698c1d0c29a8bfc32998a7c8a3833d3e462b75a30e93
post-hoc consensus,RF_10km_s42.npy,,b6bad835689e7a2afd3c10cf68b3bf699b426570a241a18a2480095e4f189319
post-hoc consensus,RF_10km_s0.npy,,411bbc856b51f646ede8e1a5f2d2a228f9571a2458e44f1d517b607363882f67
post-hoc consensus,RF_10km_s1.npy,,a8c98b66f833cae9072402007ee08136b6d55fc67c8c4d516a3c3bd473c132ed
post-hoc consensus,RF_10km_s7.npy,,9c7a0d707b4c3b6f005ecacc230ef071f7cc562887da230a4750bc20f8046633
post-hoc consensus,RF_10km_s2024.npy,,fd757d0fc97907888559413b5beca9be5edf95a12db1f2abaf274bdbc92ee499
post-hoc consensus,XGB_10km_s42.npy,,b51d9a6f09c5cced927309224ae66dd3ecdeb26a4b7bee5f6fa2b2f272b7e4d2
post-hoc consensus,XGB_10km_s0.npy,,b8155ee0c4b3af5882cfe4746232283f6d91ab3ad005ef1c6d52b5503e1ad80e
post-hoc consensus,XGB_10km_s1.npy,,04287c37f55c71d0e6ffc762147b7ae3f9f8bbd9df0ab646a7e20dd8fc4b364b
post-hoc consensus,XGB_10km_s7.npy,,0bf1ae7451a59e57f2e99b8a3aed458b2c80e04cff2a9117d77fec58399016d5
post-hoc consensus,XGB_10km_s2024.npy,,30b27738fbe601dd029c30947c2fbb59193dc1d4a959aaf4c109545ee61ab8d6
post-hoc consensus,LR_10km_s42.npy,,07b2910a2beb72d88575dc14ff0d6f0e448ce13a3ded4ad106adf3728149c586
post-hoc consensus,LR_10km_s0.npy,,a06257754527642774fb8871e43e05ed65958414c6e98f1b9e62904c0ce7106e
post-hoc consensus,LR_10km_s1.npy,,e9eb1a32344bf9a40fd9d6a046fad374309594ec5f6b95f4ed86b17a07d96c52
post-hoc consensus,LR_10km_s7.npy,,e980f76f9aac9effb33bb82cfb2e584e90ebccf4063b234426b1c27b4c1849d0
post-hoc consensus,LR_10km_s2024.npy,,99d7f6ab6b499a7a47b771f3cb1fd64453072ab9683414f6167564cfb41b3411
post-hoc consensus,RF_20km_s42.npy,,d04362fd4b744c9a08b37c3c61efc091799585b270666b7e5ebf7dee086982cb
post-hoc consensus,RF_20km_s0.npy,,491f2a6e19d7cdfb2338dc26b4ac45f28770a894698d1c10b45e153a9381cdd4
post-hoc consensus,RF_20km_s1.npy,,e36434a8bcd9e3dc8e51c22204b007edf1e20d244aa0539250bd76b67cfa0269
post-hoc consensus,RF_20km_s7.npy,,9901b0d36e9094c40f7857650631f1af0a268df5d69742af52525b1e6ab59f58
post-hoc consensus,RF_20km_s2024.npy,,0ab58067243c9e5acc7db1432745601a81629f66362e6f7b2e615630be2e253a
post-hoc consensus,XGB_20km_s42.npy,,163f63d18bdb1cfc9c5c9b19aab8f6edb6283e1436b9bcb529ed08bee6a11fca
post-hoc consensus,XGB_20km_s0.npy,,36d4e632def33456aed954fa1151b88941c00c8647d1820ac846bc1172be1cd7
post-hoc consensus,XGB_20km_s1.npy,,60f529e13c6c9780433a575c5f6d0d1cc272cfbfe882eef4866fd014dc72eb91
post-hoc consensus,XGB_20km_s7.npy,,a9df8501a4b17843d9a73442d192299e474c384ab6fc2063f9a43cafb6087d63
post-hoc consensus,XGB_20km_s2024.npy,,34d57d44545e6e3f8654d90f62de3970aae91ef18f73601aa9f394a8ad71891e
post-hoc consensus,LR_20km_s42.npy,,fb30a4c23a084cb983d6aa48d642ded14b94b3c74b2747bf44254eea6c67d712
post-hoc consensus,LR_20km_s0.npy,,a2dac1c1e2a4af9d229635a74a048ea217004ef82bbc018bb142a58588731821
post-hoc consensus,LR_20km_s1.npy,,abbd3ee1c55f49ae2f833b782d90f2c9bbe079fc665945bcb60354ede8a5b1ef
post-hoc consensus,LR_20km_s7.npy,,d3fa43a5ca4b59433f5992bcc033a474b31b8914712b406005e54d6444e6374a
post-hoc consensus,LR_20km_s2024.npy,,6256a122ff873dc16f92fc3cb93392cb049e2bac744fb6e20fcc9d591613ac77
post-hoc consensus,RF_25km_s42.npy,,bdc5e1c71923a9b22cbcc0740ac1e0d7bc0be2e368160a1aa55d1710fc2d9898
post-hoc consensus,RF_25km_s0.npy,,6c0f2f21aad8ecae06bc1c606d26406ceec8b9e86ffb62bf089110314b1b0dae
post-hoc consensus,RF_25km_s1.npy,,3abb00b20b20fda5886014813c3b0cd2b764a5510131c72471332c2e2313edf6
post-hoc consensus,RF_25km_s7.npy,,c9074d7a8cf28b4b3c7320f5a3a777de095570aae1ac8d54dd8b6fea62d4e830
post-hoc consensus,RF_25km_s2024.npy,,756e8b5b470651da3610935ccc08c2c640954120bc195d13908756e07a9ce71b
post-hoc consensus,XGB_25km_s42.npy,,0c9d00414a9f3991561696c07929413c23a152ec20407a8f21b7a44243a3ffb7
post-hoc consensus,XGB_25km_s0.npy,,1238d707ee068be88d70ff151872e5dc38d23f6c373e596ec956b1009c23cbb4
post-hoc consensus,XGB_25km_s1.npy,,0572cc8592aac509f8d028993cbc02e8252be550c0a305c37a7bada265d0c73d
post-hoc consensus,XGB_25km_s7.npy,,9408b00caaefb762e0d021bfffe95fa4c27fade0712d6a23b86cf1763d96c31f
post-hoc consensus,XGB_25km_s2024.npy,,101d9c0b41a27e73b518b59e868840a13c7207586f95699b8dbf6c20d49a20e0
post-hoc consensus,LR_25km_s42.npy,,8c53deaf0bce034db9d632811fa84cb8269054328097022fb554bba41af86af2
post-hoc consensus,LR_25km_s0.npy,,eba86b555dd807cda81d1bdb0aa305f4cf8edc9f68a29fb659af3fd098ef62aa
post-hoc consensus,LR_25km_s1.npy,,51dfa9fcf19f8f0b2fea45cceea4ea3618ee30cba99e83a07ed2a1443ce73d40
post-hoc consensus,LR_25km_s7.npy,,5c325e74939934e2faf5103538fa55d697b2e265ba736cb73573f5ba8174a716
post-hoc consensus,LR_25km_s2024.npy,,5fd975dd17a75f6bbe7eba9349369dba0ac7d5b555be7548983ff518dfcf37b4
post-hoc consensus,RF_Rinf_s42.npy,,64874d0b83575dd22bb6cdc4320095101c52b9d6f8c40741074951cae28e8497
post-hoc consensus,RF_Rinf_s0.npy,,fe2948c1ae66456f97ca7c2ffc76f184832c6ac214b95d67dccd3efeb0272cf2
post-hoc consensus,RF_Rinf_s1.npy,,542b5cb388ba0307c95f30c0a9523979518f059c786b2e370678de2d24094d73
post-hoc consensus,RF_Rinf_s7.npy,,4c65dfd7e5c5d21f0136d038e6c3670959be1ad4b19bacf3e2a9e267e0492c9f
post-hoc consensus,RF_Rinf_s2024.npy,,91f486ebd0c7bb3881eb3855c9808682f1652c3d270e73d949e33897d563b5cf
post-hoc consensus,XGB_Rinf_s42.npy,,3868d2e66edd33f9ce6929c5c44b437322f148326188fe0e2276f25a8e2b44e8
post-hoc consensus,XGB_Rinf_s0.npy,,e98db83e4db1a408e738e9c1cd3c8bf310d6ebae6fe35517104e540571661072
post-hoc consensus,XGB_Rinf_s1.npy,,63fa227e4ae3466188e852a5c671f92298dadb6a5fd3f9f3b4238beceaa6ecfa
post-hoc consensus,XGB_Rinf_s7.npy,,1a3fe96b4b6bfbabace04ff68e7895014f7dca2b9192457d2659b2fa3483821c
post-hoc consensus,XGB_Rinf_s2024.npy,,548bf14895e9fb8bbebd103bdbe56b0f60a8b419307a3f9abff6b9a6261099cc
post-hoc consensus,LR_Rinf_s42.npy,,3dbd147ed8e1b773144a58310deef1ba9a322146c9dd5b2a8d4f15869ac8e949
post-hoc consensus,LR_Rinf_s0.npy,,62cbd9418cbea028bed39903e1f5b495acf530ed0c1d5d8c9e0261d4c9a23501
post-hoc consensus,LR_Rinf_s1.npy,,5f523bcd5358d6c0914e32ca1ad6e308385bcc425c4b40fe6f49bc956f78f395
post-hoc consensus,LR_Rinf_s7.npy,,064caa217859b37c9984201be8f4a05cd69edf5c5a3567fb11a303dcfdfc33dd
post-hoc consensus,LR_Rinf_s2024.npy,,5b70f9d056303a7a1c3993db46a7e0774a9af5d2a2bb5e1137c9da1245892ae5
post-hoc consensus,valid_mask.npy,,01b942d03c894e6312209b97ce852c27d1ddc476d8abe49d2d73757dbabd5af2
post-hoc consensus,province_raster.npy,,44f14655f8f70f0f317242faf800953ff24065645f13e8fb3d6c647c4b80f050
post-hoc consensus,consensus_freq_setA.npy,,ecb3e1932f373f659d561523aa8e53198a8b127651542e69886592264ea867a0
post-hoc consensus,consensus_freq_setB.npy,,b22845558472e59ee8e57c416ada9fedc7ab8217db0be65012cae684062cca83
post-hoc consensus,consensus_by_province.csv,,5ba15b7896e506b3199645d3844f1af4623af0613f0319d0bef6ad3f146cb7eb
post-hoc consensus,ss_decomposition_by_province.csv,,cb827128f1b94987fa7ff1c9fdfd8154eb1e59da43b135ae37f1391853bda9b3
post-hoc consensus,f_distribution.csv,,324e14a5ed94dc6d7b170c7b1afb50c976d8a56303fac1442c8afa590eb30215
post-hoc consensus,fig_consensus_map.png,,256e547dd6b380665178247fb99dea48bee8e190cb6d929bfcd4c0b89a304612
post-hoc consensus,fig_consensus_map.pdf,,c730ccaad8e088268b85b5b0d9a6feba8644b5097ad1eb76e749eae28397d4c7
